market_slug,market_id,asset_id,outcome_name,event_type,price,side,size,hash,timestamp
mlb-det-wsh-2025-07-01,557544,87234411334899536602820404450799151834040607540868666391707681541636654197106,,book,0.99,SELL,1300.0,9ff254ed42b371394ec4a6ccf1453e2789fd4275,1751412715178
mlb-det-wsh-2025-07-01,557544,87234411334899536602820404450799151834040607540868666391707681541636654197106,,book,0.98,SELL,405.0,9ff254ed42b371394ec4a6ccf1453e2789fd4275,1751412715178
mlb-det-wsh-2025-07-01,557544,87234411334899536602820404450799151834040607540868666391707681541636654197106,,book,0.97,SELL,150.0,9ff254ed42b371394ec4a6ccf1453e2789fd4275,1751412715178
mlb-det-wsh-2025-07-01,557544,87234411334899536602820404450799151834040607540868666391707681541636654197106,,book,0.89,SELL,600.0,9ff254ed42b371394ec4a6ccf1453e2789fd4275,1751412715178
mlb-det-wsh-2025-07-01,557544,87234411334899536602820404450799151834040607540868666391707681541636654197106,,book,0.72,SELL,350.0,9ff254ed42b371394ec4a6ccf1453e2789fd4275,1751412715178
mlb-det-wsh-2025-07-01,557544,87234411334899536602820404450799151834040607540868666391707681541636654197106,,book,0.66,SELL,140.0,9ff254ed42b371394ec4a6ccf1453e2789fd4275,1751412715178
mlb-det-wsh-2025-07-01,557544,87234411334899536602820404450799151834040607540868666391707681541636654197106,,book,0.59,SELL,169.0,9ff254ed42b371394ec4a6ccf1453e2789fd4275,1751412715178
mlb-det-wsh-2025-07-01,557544,87234411334899536602820404450799151834040607540868666391707681541636654197106,,book,0.58,SELL,168.54,9ff254ed42b371394ec4a6ccf1453e2789fd4275,1751412715178
mlb-det-wsh-2025-07-01,557544,87234411334899536602820404450799151834040607540868666391707681541636654197106,,book,0.01,BUY,1800.0,9ff254ed42b371394ec4a6ccf1453e2789fd4275,1751412715178
mlb-det-wsh-2025-07-01,557544,87234411334899536602820404450799151834040607540868666391707681541636654197106,,book,0.02,BUY,655.0,9ff254ed42b371394ec4a6ccf1453e2789fd4275,1751412715178
mlb-det-wsh-2025-07-01,557544,87234411334899536602820404450799151834040607540868666391707681541636654197106,,book,0.03,BUY,150.0,9ff254ed42b371394ec4a6ccf1453e2789fd4275,1751412715178
mlb-det-wsh-2025-07-01,557544,87234411334899536602820404450799151834040607540868666391707681541636654197106,,book,0.04,BUY,45.0,9ff254ed42b371394ec4a6ccf1453e2789fd4275,1751412715178
mlb-det-wsh-2025-07-01,557544,87234411334899536602820404450799151834040607540868666391707681541636654197106,,book,0.5,BUY,100.0,9ff254ed42b371394ec4a6ccf1453e2789fd4275,1751412715178
mlb-det-wsh-2025-07-01,557544,87234411334899536602820404450799151834040607540868666391707681541636654197106,,book,0.51,BUY,50.0,9ff254ed42b371394ec4a6ccf1453e2789fd4275,1751412715178
mlb-det-wsh-2025-07-01,557544,87234411334899536602820404450799151834040607540868666391707681541636654197106,,book,0.52,BUY,122.0,9ff254ed42b371394ec4a6ccf1453e2789fd4275,1751412715178
mlb-det-wsh-2025-07-01,557544,87234411334899536602820404450799151834040607540868666391707681541636654197106,,book,0.53,BUY,190.0,9ff254ed42b371394ec4a6ccf1453e2789fd4275,1751412715178
mlb-det-wsh-2025-07-01,557544,92299445340335107548762794212393244615564111884586020829242310950960838658911,,book,0.99,SELL,1800.0,140ac65a7fee1992748a6590b219f7f4182df896,1751412715178
mlb-det-wsh-2025-07-01,557544,92299445340335107548762794212393244615564111884586020829242310950960838658911,,book,0.98,SELL,655.0,140ac65a7fee1992748a6590b219f7f4182df896,1751412715178
mlb-det-wsh-2025-07-01,557544,92299445340335107548762794212393244615564111884586020829242310950960838658911,,book,0.97,SELL,150.0,140ac65a7fee1992748a6590b219f7f4182df896,1751412715178
mlb-det-wsh-2025-07-01,557544,92299445340335107548762794212393244615564111884586020829242310950960838658911,,book,0.96,SELL,45.0,140ac65a7fee1992748a6590b219f7f4182df896,1751412715178
mlb-det-wsh-2025-07-01,557544,92299445340335107548762794212393244615564111884586020829242310950960838658911,,book,0.5,SELL,100.0,140ac65a7fee1992748a6590b219f7f4182df896,1751412715178
mlb-det-wsh-2025-07-01,557544,92299445340335107548762794212393244615564111884586020829242310950960838658911,,book,0.49,SELL,50.0,140ac65a7fee1992748a6590b219f7f4182df896,1751412715178
mlb-det-wsh-2025-07-01,557544,92299445340335107548762794212393244615564111884586020829242310950960838658911,,book,0.48,SELL,122.0,140ac65a7fee1992748a6590b219f7f4182df896,1751412715178
mlb-det-wsh-2025-07-01,557544,92299445340335107548762794212393244615564111884586020829242310950960838658911,,book,0.47,SELL,190.0,140ac65a7fee1992748a6590b219f7f4182df896,1751412715178
mlb-det-wsh-2025-07-01,557544,92299445340335107548762794212393244615564111884586020829242310950960838658911,,book,0.01,BUY,1300.0,140ac65a7fee1992748a6590b219f7f4182df896,1751412715178
mlb-det-wsh-2025-07-01,557544,92299445340335107548762794212393244615564111884586020829242310950960838658911,,book,0.02,BUY,405.0,140ac65a7fee1992748a6590b219f7f4182df896,1751412715178
mlb-det-wsh-2025-07-01,557544,92299445340335107548762794212393244615564111884586020829242310950960838658911,,book,0.03,BUY,150.0,140ac65a7fee1992748a6590b219f7f4182df896,1751412715178
mlb-det-wsh-2025-07-01,557544,92299445340335107548762794212393244615564111884586020829242310950960838658911,,book,0.11,BUY,600.0,140ac65a7fee1992748a6590b219f7f4182df896,1751412715178
mlb-det-wsh-2025-07-01,557544,92299445340335107548762794212393244615564111884586020829242310950960838658911,,book,0.28,BUY,350.0,140ac65a7fee1992748a6590b219f7f4182df896,1751412715178
mlb-det-wsh-2025-07-01,557544,92299445340335107548762794212393244615564111884586020829242310950960838658911,,book,0.34,BUY,140.0,140ac65a7fee1992748a6590b219f7f4182df896,1751412715178
mlb-det-wsh-2025-07-01,557544,92299445340335107548762794212393244615564111884586020829242310950960838658911,,book,0.41,BUY,169.0,140ac65a7fee1992748a6590b219f7f4182df896,1751412715178
mlb-det-wsh-2025-07-01,557544,92299445340335107548762794212393244615564111884586020829242310950960838658911,,book,0.42,BUY,168.54,140ac65a7fee1992748a6590b219f7f4182df896,1751412715178
mlb-det-wsh-2025-07-01,557544,87234411334899536602820404450799151834040607540868666391707681541636654197106,,book,0.99,SELL,1300.0,9ff254ed42b371394ec4a6ccf1453e2789fd4275,1751412715178
mlb-det-wsh-2025-07-01,557544,87234411334899536602820404450799151834040607540868666391707681541636654197106,,book,0.98,SELL,405.0,9ff254ed42b371394ec4a6ccf1453e2789fd4275,1751412715178
mlb-det-wsh-2025-07-01,557544,87234411334899536602820404450799151834040607540868666391707681541636654197106,,book,0.97,SELL,150.0,9ff254ed42b371394ec4a6ccf1453e2789fd4275,1751412715178
mlb-det-wsh-2025-07-01,557544,87234411334899536602820404450799151834040607540868666391707681541636654197106,,book,0.89,SELL,600.0,9ff254ed42b371394ec4a6ccf1453e2789fd4275,1751412715178
mlb-det-wsh-2025-07-01,557544,87234411334899536602820404450799151834040607540868666391707681541636654197106,,book,0.72,SELL,350.0,9ff254ed42b371394ec4a6ccf1453e2789fd4275,1751412715178
mlb-det-wsh-2025-07-01,557544,87234411334899536602820404450799151834040607540868666391707681541636654197106,,book,0.66,SELL,140.0,9ff254ed42b371394ec4a6ccf1453e2789fd4275,1751412715178
mlb-det-wsh-2025-07-01,557544,87234411334899536602820404450799151834040607540868666391707681541636654197106,,book,0.59,SELL,169.0,9ff254ed42b371394ec4a6ccf1453e2789fd4275,1751412715178
mlb-det-wsh-2025-07-01,557544,87234411334899536602820404450799151834040607540868666391707681541636654197106,,book,0.58,SELL,168.54,9ff254ed42b371394ec4a6ccf1453e2789fd4275,1751412715178
mlb-det-wsh-2025-07-01,557544,87234411334899536602820404450799151834040607540868666391707681541636654197106,,book,0.01,BUY,1800.0,9ff254ed42b371394ec4a6ccf1453e2789fd4275,1751412715178
mlb-det-wsh-2025-07-01,557544,87234411334899536602820404450799151834040607540868666391707681541636654197106,,book,0.02,BUY,655.0,9ff254ed42b371394ec4a6ccf1453e2789fd4275,1751412715178
mlb-det-wsh-2025-07-01,557544,87234411334899536602820404450799151834040607540868666391707681541636654197106,,book,0.03,BUY,150.0,9ff254ed42b371394ec4a6ccf1453e2789fd4275,1751412715178
mlb-det-wsh-2025-07-01,557544,87234411334899536602820404450799151834040607540868666391707681541636654197106,,book,0.04,BUY,45.0,9ff254ed42b371394ec4a6ccf1453e2789fd4275,1751412715178
mlb-det-wsh-2025-07-01,557544,87234411334899536602820404450799151834040607540868666391707681541636654197106,,book,0.5,BUY,100.0,9ff254ed42b371394ec4a6ccf1453e2789fd4275,1751412715178
mlb-det-wsh-2025-07-01,557544,87234411334899536602820404450799151834040607540868666391707681541636654197106,,book,0.51,BUY,50.0,9ff254ed42b371394ec4a6ccf1453e2789fd4275,1751412715178
mlb-det-wsh-2025-07-01,557544,87234411334899536602820404450799151834040607540868666391707681541636654197106,,book,0.52,BUY,122.0,9ff254ed42b371394ec4a6ccf1453e2789fd4275,1751412715178
mlb-det-wsh-2025-07-01,557544,87234411334899536602820404450799151834040607540868666391707681541636654197106,,book,0.53,BUY,190.0,9ff254ed42b371394ec4a6ccf1453e2789fd4275,1751412715178
mlb-det-wsh-2025-07-01,557544,92299445340335107548762794212393244615564111884586020829242310950960838658911,,book,0.99,SELL,1800.0,140ac65a7fee1992748a6590b219f7f4182df896,1751412715178
mlb-det-wsh-2025-07-01,557544,92299445340335107548762794212393244615564111884586020829242310950960838658911,,book,0.98,SELL,655.0,140ac65a7fee1992748a6590b219f7f4182df896,1751412715178
mlb-det-wsh-2025-07-01,557544,92299445340335107548762794212393244615564111884586020829242310950960838658911,,book,0.97,SELL,150.0,140ac65a7fee1992748a6590b219f7f4182df896,1751412715178
mlb-det-wsh-2025-07-01,557544,92299445340335107548762794212393244615564111884586020829242310950960838658911,,book,0.96,SELL,45.0,140ac65a7fee1992748a6590b219f7f4182df896,1751412715178
mlb-det-wsh-2025-07-01,557544,92299445340335107548762794212393244615564111884586020829242310950960838658911,,book,0.5,SELL,100.0,140ac65a7fee1992748a6590b219f7f4182df896,1751412715178
mlb-det-wsh-2025-07-01,557544,92299445340335107548762794212393244615564111884586020829242310950960838658911,,book,0.49,SELL,50.0,140ac65a7fee1992748a6590b219f7f4182df896,1751412715178
mlb-det-wsh-2025-07-01,557544,92299445340335107548762794212393244615564111884586020829242310950960838658911,,book,0.48,SELL,122.0,140ac65a7fee1992748a6590b219f7f4182df896,1751412715178
mlb-det-wsh-2025-07-01,557544,92299445340335107548762794212393244615564111884586020829242310950960838658911,,book,0.47,SELL,190.0,140ac65a7fee1992748a6590b219f7f4182df896,1751412715178
mlb-det-wsh-2025-07-01,557544,92299445340335107548762794212393244615564111884586020829242310950960838658911,,book,0.01,BUY,1300.0,140ac65a7fee1992748a6590b219f7f4182df896,1751412715178
mlb-det-wsh-2025-07-01,557544,92299445340335107548762794212393244615564111884586020829242310950960838658911,,book,0.02,BUY,405.0,140ac65a7fee1992748a6590b219f7f4182df896,1751412715178
mlb-det-wsh-2025-07-01,557544,92299445340335107548762794212393244615564111884586020829242310950960838658911,,book,0.03,BUY,150.0,140ac65a7fee1992748a6590b219f7f4182df896,1751412715178
mlb-det-wsh-2025-07-01,557544,92299445340335107548762794212393244615564111884586020829242310950960838658911,,book,0.11,BUY,600.0,140ac65a7fee1992748a6590b219f7f4182df896,1751412715178
mlb-det-wsh-2025-07-01,557544,92299445340335107548762794212393244615564111884586020829242310950960838658911,,book,0.28,BUY,350.0,140ac65a7fee1992748a6590b219f7f4182df896,1751412715178
mlb-det-wsh-2025-07-01,557544,92299445340335107548762794212393244615564111884586020829242310950960838658911,,book,0.34,BUY,140.0,140ac65a7fee1992748a6590b219f7f4182df896,1751412715178
mlb-det-wsh-2025-07-01,557544,92299445340335107548762794212393244615564111884586020829242310950960838658911,,book,0.41,BUY,169.0,140ac65a7fee1992748a6590b219f7f4182df896,1751412715178
mlb-det-wsh-2025-07-01,557544,92299445340335107548762794212393244615564111884586020829242310950960838658911,,book,0.42,BUY,168.54,140ac65a7fee1992748a6590b219f7f4182df896,1751412715178
mlb-det-wsh-2025-07-01,557544,92299445340335107548762794212393244615564111884586020829242310950960838658911,,price_change,0.47,SELL,140.0,dffc6e3384b45e605512ef4264a38f8574ced8cb,1751412836586
mlb-det-wsh-2025-07-01,557544,87234411334899536602820404450799151834040607540868666391707681541636654197106,,price_change,0.53,BUY,140.0,7cf6e694833ad689caf79c98c13138e1d079f06b,1751412836586
mlb-det-wsh-2025-07-01,557544,92299445340335107548762794212393244615564111884586020829242310950960838658911,,book,0.99,SELL,1800.0,37f505c4f329f0bce89019920569d32f1bcea3b0,1751412895980
mlb-det-wsh-2025-07-01,557544,92299445340335107548762794212393244615564111884586020829242310950960838658911,,book,0.98,SELL,655.0,37f505c4f329f0bce89019920569d32f1bcea3b0,1751412895980
mlb-det-wsh-2025-07-01,557544,92299445340335107548762794212393244615564111884586020829242310950960838658911,,book,0.97,SELL,150.0,37f505c4f329f0bce89019920569d32f1bcea3b0,1751412895980
mlb-det-wsh-2025-07-01,557544,92299445340335107548762794212393244615564111884586020829242310950960838658911,,book,0.96,SELL,30.0,37f505c4f329f0bce89019920569d32f1bcea3b0,1751412895980
mlb-det-wsh-2025-07-01,557544,92299445340335107548762794212393244615564111884586020829242310950960838658911,,book,0.51,SELL,300.0,37f505c4f329f0bce89019920569d32f1bcea3b0,1751412895980
mlb-det-wsh-2025-07-01,557544,92299445340335107548762794212393244615564111884586020829242310950960838658911,,book,0.5,SELL,50.0,37f505c4f329f0bce89019920569d32f1bcea3b0,1751412895980
mlb-det-wsh-2025-07-01,557544,92299445340335107548762794212393244615564111884586020829242310950960838658911,,book,0.48,SELL,172.0,37f505c4f329f0bce89019920569d32f1bcea3b0,1751412895980
mlb-det-wsh-2025-07-01,557544,92299445340335107548762794212393244615564111884586020829242310950960838658911,,book,0.47,SELL,140.0,37f505c4f329f0bce89019920569d32f1bcea3b0,1751412895980
mlb-det-wsh-2025-07-01,557544,92299445340335107548762794212393244615564111884586020829242310950960838658911,,book,0.01,BUY,1300.0,37f505c4f329f0bce89019920569d32f1bcea3b0,1751412895980
mlb-det-wsh-2025-07-01,557544,92299445340335107548762794212393244615564111884586020829242310950960838658911,,book,0.02,BUY,405.0,37f505c4f329f0bce89019920569d32f1bcea3b0,1751412895980
mlb-det-wsh-2025-07-01,557544,92299445340335107548762794212393244615564111884586020829242310950960838658911,,book,0.03,BUY,150.0,37f505c4f329f0bce89019920569d32f1bcea3b0,1751412895980
mlb-det-wsh-2025-07-01,557544,92299445340335107548762794212393244615564111884586020829242310950960838658911,,book,0.11,BUY,600.0,37f505c4f329f0bce89019920569d32f1bcea3b0,1751412895980
mlb-det-wsh-2025-07-01,557544,92299445340335107548762794212393244615564111884586020829242310950960838658911,,book,0.28,BUY,350.0,37f505c4f329f0bce89019920569d32f1bcea3b0,1751412895980
mlb-det-wsh-2025-07-01,557544,92299445340335107548762794212393244615564111884586020829242310950960838658911,,book,0.34,BUY,140.0,37f505c4f329f0bce89019920569d32f1bcea3b0,1751412895980
mlb-det-wsh-2025-07-01,557544,92299445340335107548762794212393244615564111884586020829242310950960838658911,,book,0.41,BUY,169.0,37f505c4f329f0bce89019920569d32f1bcea3b0,1751412895980
mlb-det-wsh-2025-07-01,557544,92299445340335107548762794212393244615564111884586020829242310950960838658911,,book,0.42,BUY,177.0,37f505c4f329f0bce89019920569d32f1bcea3b0,1751412895980
mlb-det-wsh-2025-07-01,557544,87234411334899536602820404450799151834040607540868666391707681541636654197106,,book,0.99,SELL,1300.0,7ac2caed7e996e638525057c31c8380fb2132525,1751412895980
mlb-det-wsh-2025-07-01,557544,87234411334899536602820404450799151834040607540868666391707681541636654197106,,book,0.98,SELL,405.0,7ac2caed7e996e638525057c31c8380fb2132525,1751412895980
mlb-det-wsh-2025-07-01,557544,87234411334899536602820404450799151834040607540868666391707681541636654197106,,book,0.97,SELL,150.0,7ac2caed7e996e638525057c31c8380fb2132525,1751412895980
mlb-det-wsh-2025-07-01,557544,87234411334899536602820404450799151834040607540868666391707681541636654197106,,book,0.89,SELL,600.0,7ac2caed7e996e638525057c31c8380fb2132525,1751412895980
mlb-det-wsh-2025-07-01,557544,87234411334899536602820404450799151834040607540868666391707681541636654197106,,book,0.72,SELL,350.0,7ac2caed7e996e638525057c31c8380fb2132525,1751412895980
mlb-det-wsh-2025-07-01,557544,87234411334899536602820404450799151834040607540868666391707681541636654197106,,book,0.66,SELL,140.0,7ac2caed7e996e638525057c31c8380fb2132525,1751412895980
mlb-det-wsh-2025-07-01,557544,87234411334899536602820404450799151834040607540868666391707681541636654197106,,book,0.59,SELL,169.0,7ac2caed7e996e638525057c31c8380fb2132525,1751412895980
mlb-det-wsh-2025-07-01,557544,87234411334899536602820404450799151834040607540868666391707681541636654197106,,book,0.58,SELL,177.0,7ac2caed7e996e638525057c31c8380fb2132525,1751412895980
mlb-det-wsh-2025-07-01,557544,87234411334899536602820404450799151834040607540868666391707681541636654197106,,book,0.01,BUY,1800.0,7ac2caed7e996e638525057c31c8380fb2132525,1751412895980
mlb-det-wsh-2025-07-01,557544,87234411334899536602820404450799151834040607540868666391707681541636654197106,,book,0.02,BUY,655.0,7ac2caed7e996e638525057c31c8380fb2132525,1751412895980
mlb-det-wsh-2025-07-01,557544,87234411334899536602820404450799151834040607540868666391707681541636654197106,,book,0.03,BUY,150.0,7ac2caed7e996e638525057c31c8380fb2132525,1751412895980
mlb-det-wsh-2025-07-01,557544,87234411334899536602820404450799151834040607540868666391707681541636654197106,,book,0.04,BUY,30.0,7ac2caed7e996e638525057c31c8380fb2132525,1751412895980
mlb-det-wsh-2025-07-01,557544,87234411334899536602820404450799151834040607540868666391707681541636654197106,,book,0.49,BUY,300.0,7ac2caed7e996e638525057c31c8380fb2132525,1751412895980
mlb-det-wsh-2025-07-01,557544,87234411334899536602820404450799151834040607540868666391707681541636654197106,,book,0.5,BUY,50.0,7ac2caed7e996e638525057c31c8380fb2132525,1751412895980
mlb-det-wsh-2025-07-01,557544,87234411334899536602820404450799151834040607540868666391707681541636654197106,,book,0.52,BUY,172.0,7ac2caed7e996e638525057c31c8380fb2132525,1751412895980
mlb-det-wsh-2025-07-01,557544,87234411334899536602820404450799151834040607540868666391707681541636654197106,,book,0.53,BUY,140.0,7ac2caed7e996e638525057c31c8380fb2132525,1751412895980
mlb-det-wsh-2025-07-01,557544,87234411334899536602820404450799151834040607540868666391707681541636654197106,,price_change,0.52,BUY,72.0,96075b6a5f0cecdb013d02e0f07abe41f0e5e242,1751413245869
mlb-det-wsh-2025-07-01,557544,92299445340335107548762794212393244615564111884586020829242310950960838658911,,price_change,0.48,SELL,72.0,ef4b8114a1467514cd2dca66f59b61e910861b35,1751413245869
mlb-det-wsh-2025-07-01,557544,92299445340335107548762794212393244615564111884586020829242310950960838658911,,book,0.99,SELL,1800.0,79b9eddd5532cdb5c1ef5a69726dd72ad150afff,1751413248073
mlb-det-wsh-2025-07-01,557544,92299445340335107548762794212393244615564111884586020829242310950960838658911,,book,0.98,SELL,655.0,79b9eddd5532cdb5c1ef5a69726dd72ad150afff,1751413248073
mlb-det-wsh-2025-07-01,557544,92299445340335107548762794212393244615564111884586020829242310950960838658911,,book,0.97,SELL,150.0,79b9eddd5532cdb5c1ef5a69726dd72ad150afff,1751413248073
mlb-det-wsh-2025-07-01,557544,92299445340335107548762794212393244615564111884586020829242310950960838658911,,book,0.96,SELL,30.0,79b9eddd5532cdb5c1ef5a69726dd72ad150afff,1751413248073
mlb-det-wsh-2025-07-01,557544,92299445340335107548762794212393244615564111884586020829242310950960838658911,,book,0.51,SELL,300.0,79b9eddd5532cdb5c1ef5a69726dd72ad150afff,1751413248073
mlb-det-wsh-2025-07-01,557544,92299445340335107548762794212393244615564111884586020829242310950960838658911,,book,0.5,SELL,50.0,79b9eddd5532cdb5c1ef5a69726dd72ad150afff,1751413248073
mlb-det-wsh-2025-07-01,557544,92299445340335107548762794212393244615564111884586020829242310950960838658911,,book,0.48,SELL,72.0,79b9eddd5532cdb5c1ef5a69726dd72ad150afff,1751413248073
mlb-det-wsh-2025-07-01,557544,92299445340335107548762794212393244615564111884586020829242310950960838658911,,book,0.47,SELL,90.0,79b9eddd5532cdb5c1ef5a69726dd72ad150afff,1751413248073
mlb-det-wsh-2025-07-01,557544,92299445340335107548762794212393244615564111884586020829242310950960838658911,,book,0.01,BUY,1300.0,79b9eddd5532cdb5c1ef5a69726dd72ad150afff,1751413248073
mlb-det-wsh-2025-07-01,557544,92299445340335107548762794212393244615564111884586020829242310950960838658911,,book,0.02,BUY,405.0,79b9eddd5532cdb5c1ef5a69726dd72ad150afff,1751413248073
mlb-det-wsh-2025-07-01,557544,92299445340335107548762794212393244615564111884586020829242310950960838658911,,book,0.03,BUY,150.0,79b9eddd5532cdb5c1ef5a69726dd72ad150afff,1751413248073
mlb-det-wsh-2025-07-01,557544,92299445340335107548762794212393244615564111884586020829242310950960838658911,,book,0.11,BUY,600.0,79b9eddd5532cdb5c1ef5a69726dd72ad150afff,1751413248073
mlb-det-wsh-2025-07-01,557544,92299445340335107548762794212393244615564111884586020829242310950960838658911,,book,0.28,BUY,350.0,79b9eddd5532cdb5c1ef5a69726dd72ad150afff,1751413248073
mlb-det-wsh-2025-07-01,557544,92299445340335107548762794212393244615564111884586020829242310950960838658911,,book,0.34,BUY,140.0,79b9eddd5532cdb5c1ef5a69726dd72ad150afff,1751413248073
mlb-det-wsh-2025-07-01,557544,92299445340335107548762794212393244615564111884586020829242310950960838658911,,book,0.41,BUY,169.0,79b9eddd5532cdb5c1ef5a69726dd72ad150afff,1751413248073
mlb-det-wsh-2025-07-01,557544,92299445340335107548762794212393244615564111884586020829242310950960838658911,,book,0.42,BUY,177.0,79b9eddd5532cdb5c1ef5a69726dd72ad150afff,1751413248073
mlb-det-wsh-2025-07-01,557544,87234411334899536602820404450799151834040607540868666391707681541636654197106,,book,0.99,SELL,1300.0,7ba1997a4de3bce5bf6cb120add2bc864012d059,1751413248073
mlb-det-wsh-2025-07-01,557544,87234411334899536602820404450799151834040607540868666391707681541636654197106,,book,0.98,SELL,405.0,7ba1997a4de3bce5bf6cb120add2bc864012d059,1751413248073
mlb-det-wsh-2025-07-01,557544,87234411334899536602820404450799151834040607540868666391707681541636654197106,,book,0.97,SELL,150.0,7ba1997a4de3bce5bf6cb120add2bc864012d059,1751413248073
mlb-det-wsh-2025-07-01,557544,87234411334899536602820404450799151834040607540868666391707681541636654197106,,book,0.89,SELL,600.0,7ba1997a4de3bce5bf6cb120add2bc864012d059,1751413248073
mlb-det-wsh-2025-07-01,557544,87234411334899536602820404450799151834040607540868666391707681541636654197106,,book,0.72,SELL,350.0,7ba1997a4de3bce5bf6cb120add2bc864012d059,1751413248073
mlb-det-wsh-2025-07-01,557544,87234411334899536602820404450799151834040607540868666391707681541636654197106,,book,0.66,SELL,140.0,7ba1997a4de3bce5bf6cb120add2bc864012d059,1751413248073
mlb-det-wsh-2025-07-01,557544,87234411334899536602820404450799151834040607540868666391707681541636654197106,,book,0.59,SELL,169.0,7ba1997a4de3bce5bf6cb120add2bc864012d059,1751413248073
mlb-det-wsh-2025-07-01,557544,87234411334899536602820404450799151834040607540868666391707681541636654197106,,book,0.58,SELL,177.0,7ba1997a4de3bce5bf6cb120add2bc864012d059,1751413248073
mlb-det-wsh-2025-07-01,557544,87234411334899536602820404450799151834040607540868666391707681541636654197106,,book,0.01,BUY,1800.0,7ba1997a4de3bce5bf6cb120add2bc864012d059,1751413248073
mlb-det-wsh-2025-07-01,557544,87234411334899536602820404450799151834040607540868666391707681541636654197106,,book,0.02,BUY,655.0,7ba1997a4de3bce5bf6cb120add2bc864012d059,1751413248073
mlb-det-wsh-2025-07-01,557544,87234411334899536602820404450799151834040607540868666391707681541636654197106,,book,0.03,BUY,150.0,7ba1997a4de3bce5bf6cb120add2bc864012d059,1751413248073
mlb-det-wsh-2025-07-01,557544,87234411334899536602820404450799151834040607540868666391707681541636654197106,,book,0.04,BUY,30.0,7ba1997a4de3bce5bf6cb120add2bc864012d059,1751413248073
mlb-det-wsh-2025-07-01,557544,87234411334899536602820404450799151834040607540868666391707681541636654197106,,book,0.49,BUY,300.0,7ba1997a4de3bce5bf6cb120add2bc864012d059,1751413248073
mlb-det-wsh-2025-07-01,557544,87234411334899536602820404450799151834040607540868666391707681541636654197106,,book,0.5,BUY,50.0,7ba1997a4de3bce5bf6cb120add2bc864012d059,1751413248073
mlb-det-wsh-2025-07-01,557544,87234411334899536602820404450799151834040607540868666391707681541636654197106,,book,0.52,BUY,72.0,7ba1997a4de3bce5bf6cb120add2bc864012d059,1751413248073
mlb-det-wsh-2025-07-01,557544,87234411334899536602820404450799151834040607540868666391707681541636654197106,,book,0.53,BUY,90.0,7ba1997a4de3bce5bf6cb120add2bc864012d059,1751413248073
mlb-det-wsh-2025-07-01,557544,87234411334899536602820404450799151834040607540868666391707681541636654197106,,price_change,0.04,BUY,51.0,a79b757538a408ed8dc42e2dd9154e63f0d91d3e,1751413248338
mlb-det-wsh-2025-07-01,557544,92299445340335107548762794212393244615564111884586020829242310950960838658911,,price_change,0.96,SELL,51.0,03289a64662dfaab40946f81b22a553471fdefd1,1751413248338
mlb-det-wsh-2025-07-01,557544,92299445340335107548762794212393244615564111884586020829242310950960838658911,,price_change,0.41,BUY,0.0,7c5ac4577d043745a517b1b73fa111bd95b4cfe8,1751413503750
mlb-det-wsh-2025-07-01,557544,87234411334899536602820404450799151834040607540868666391707681541636654197106,,price_change,0.59,SELL,0.0,c8b3922d19f0f7d61fa2a422d3e7daf446c446c0,1751413503750
mlb-det-wsh-2025-07-01,557544,92299445340335107548762794212393244615564111884586020829242310950960838658911,,price_change,0.42,BUY,0.0,445c269ff0e7a04bf8a3e4d34e1dfc11fdaaddb7,1751413503973
mlb-det-wsh-2025-07-01,557544,92299445340335107548762794212393244615564111884586020829242310950960838658911,,price_change,0.35,BUY,181.0,445c269ff0e7a04bf8a3e4d34e1dfc11fdaaddb7,1751413503973
mlb-det-wsh-2025-07-01,557544,87234411334899536602820404450799151834040607540868666391707681541636654197106,,price_change,0.58,SELL,0.0,ab75a866aa8c43d2faa10cc3b6bd0f0e4c67808f,1751413503973
mlb-det-wsh-2025-07-01,557544,87234411334899536602820404450799151834040607540868666391707681541636654197106,,price_change,0.65,SELL,181.0,ab75a866aa8c43d2faa10cc3b6bd0f0e4c67808f,1751413503973
mlb-det-wsh-2025-07-01,557544,87234411334899536602820404450799151834040607540868666391707681541636654197106,,book,0.99,SELL,1300.0,52dd92b48d1fc08b8bb3c98728c0f778c621f80e,1751413515068
mlb-det-wsh-2025-07-01,557544,87234411334899536602820404450799151834040607540868666391707681541636654197106,,book,0.98,SELL,405.0,52dd92b48d1fc08b8bb3c98728c0f778c621f80e,1751413515068
mlb-det-wsh-2025-07-01,557544,87234411334899536602820404450799151834040607540868666391707681541636654197106,,book,0.97,SELL,150.0,52dd92b48d1fc08b8bb3c98728c0f778c621f80e,1751413515068
mlb-det-wsh-2025-07-01,557544,87234411334899536602820404450799151834040607540868666391707681541636654197106,,book,0.89,SELL,600.0,52dd92b48d1fc08b8bb3c98728c0f778c621f80e,1751413515068
mlb-det-wsh-2025-07-01,557544,87234411334899536602820404450799151834040607540868666391707681541636654197106,,book,0.72,SELL,350.0,52dd92b48d1fc08b8bb3c98728c0f778c621f80e,1751413515068
mlb-det-wsh-2025-07-01,557544,87234411334899536602820404450799151834040607540868666391707681541636654197106,,book,0.66,SELL,140.0,52dd92b48d1fc08b8bb3c98728c0f778c621f80e,1751413515068
mlb-det-wsh-2025-07-01,557544,87234411334899536602820404450799151834040607540868666391707681541636654197106,,book,0.65,SELL,181.0,52dd92b48d1fc08b8bb3c98728c0f778c621f80e,1751413515068
mlb-det-wsh-2025-07-01,557544,87234411334899536602820404450799151834040607540868666391707681541636654197106,,book,0.53,SELL,79.0,52dd92b48d1fc08b8bb3c98728c0f778c621f80e,1751413515068
mlb-det-wsh-2025-07-01,557544,87234411334899536602820404450799151834040607540868666391707681541636654197106,,book,0.01,BUY,1800.0,52dd92b48d1fc08b8bb3c98728c0f778c621f80e,1751413515068
mlb-det-wsh-2025-07-01,557544,87234411334899536602820404450799151834040607540868666391707681541636654197106,,book,0.02,BUY,655.0,52dd92b48d1fc08b8bb3c98728c0f778c621f80e,1751413515068
mlb-det-wsh-2025-07-01,557544,87234411334899536602820404450799151834040607540868666391707681541636654197106,,book,0.03,BUY,150.0,52dd92b48d1fc08b8bb3c98728c0f778c621f80e,1751413515068
mlb-det-wsh-2025-07-01,557544,87234411334899536602820404450799151834040607540868666391707681541636654197106,,book,0.04,BUY,51.0,52dd92b48d1fc08b8bb3c98728c0f778c621f80e,1751413515068
mlb-det-wsh-2025-07-01,557544,87234411334899536602820404450799151834040607540868666391707681541636654197106,,book,0.49,BUY,300.0,52dd92b48d1fc08b8bb3c98728c0f778c621f80e,1751413515068
mlb-det-wsh-2025-07-01,557544,87234411334899536602820404450799151834040607540868666391707681541636654197106,,book,0.5,BUY,50.0,52dd92b48d1fc08b8bb3c98728c0f778c621f80e,1751413515068
mlb-det-wsh-2025-07-01,557544,87234411334899536602820404450799151834040607540868666391707681541636654197106,,book,0.52,BUY,72.0,52dd92b48d1fc08b8bb3c98728c0f778c621f80e,1751413515068
mlb-det-wsh-2025-07-01,557544,92299445340335107548762794212393244615564111884586020829242310950960838658911,,book,0.99,SELL,1800.0,aa20f95550953d3d635cf5824c3bf4f964c0eea5,1751413515068
mlb-det-wsh-2025-07-01,557544,92299445340335107548762794212393244615564111884586020829242310950960838658911,,book,0.98,SELL,655.0,aa20f95550953d3d635cf5824c3bf4f964c0eea5,1751413515068
mlb-det-wsh-2025-07-01,557544,92299445340335107548762794212393244615564111884586020829242310950960838658911,,book,0.97,SELL,150.0,aa20f95550953d3d635cf5824c3bf4f964c0eea5,1751413515068
mlb-det-wsh-2025-07-01,557544,92299445340335107548762794212393244615564111884586020829242310950960838658911,,book,0.96,SELL,51.0,aa20f95550953d3d635cf5824c3bf4f964c0eea5,1751413515068
mlb-det-wsh-2025-07-01,557544,92299445340335107548762794212393244615564111884586020829242310950960838658911,,book,0.51,SELL,300.0,aa20f95550953d3d635cf5824c3bf4f964c0eea5,1751413515068
mlb-det-wsh-2025-07-01,557544,92299445340335107548762794212393244615564111884586020829242310950960838658911,,book,0.5,SELL,50.0,aa20f95550953d3d635cf5824c3bf4f964c0eea5,1751413515068
mlb-det-wsh-2025-07-01,557544,92299445340335107548762794212393244615564111884586020829242310950960838658911,,book,0.48,SELL,72.0,aa20f95550953d3d635cf5824c3bf4f964c0eea5,1751413515068
mlb-det-wsh-2025-07-01,557544,92299445340335107548762794212393244615564111884586020829242310950960838658911,,book,0.01,BUY,1300.0,aa20f95550953d3d635cf5824c3bf4f964c0eea5,1751413515068
mlb-det-wsh-2025-07-01,557544,92299445340335107548762794212393244615564111884586020829242310950960838658911,,book,0.02,BUY,405.0,aa20f95550953d3d635cf5824c3bf4f964c0eea5,1751413515068
mlb-det-wsh-2025-07-01,557544,92299445340335107548762794212393244615564111884586020829242310950960838658911,,book,0.03,BUY,150.0,aa20f95550953d3d635cf5824c3bf4f964c0eea5,1751413515068
mlb-det-wsh-2025-07-01,557544,92299445340335107548762794212393244615564111884586020829242310950960838658911,,book,0.11,BUY,600.0,aa20f95550953d3d635cf5824c3bf4f964c0eea5,1751413515068
mlb-det-wsh-2025-07-01,557544,92299445340335107548762794212393244615564111884586020829242310950960838658911,,book,0.28,BUY,350.0,aa20f95550953d3d635cf5824c3bf4f964c0eea5,1751413515068
mlb-det-wsh-2025-07-01,557544,92299445340335107548762794212393244615564111884586020829242310950960838658911,,book,0.34,BUY,140.0,aa20f95550953d3d635cf5824c3bf4f964c0eea5,1751413515068
mlb-det-wsh-2025-07-01,557544,92299445340335107548762794212393244615564111884586020829242310950960838658911,,book,0.35,BUY,181.0,aa20f95550953d3d635cf5824c3bf4f964c0eea5,1751413515068
mlb-det-wsh-2025-07-01,557544,92299445340335107548762794212393244615564111884586020829242310950960838658911,,book,0.47,BUY,79.0,aa20f95550953d3d635cf5824c3bf4f964c0eea5,1751413515068
mlb-det-wsh-2025-07-01,557544,92299445340335107548762794212393244615564111884586020829242310950960838658911,,price_change,0.47,BUY,79.0,aa20f95550953d3d635cf5824c3bf4f964c0eea5,1751413515072
mlb-det-wsh-2025-07-01,557544,87234411334899536602820404450799151834040607540868666391707681541636654197106,,price_change,0.53,SELL,79.0,52dd92b48d1fc08b8bb3c98728c0f778c621f80e,1751413515072
mlb-det-wsh-2025-07-01,557544,87234411334899536602820404450799151834040607540868666391707681541636654197106,,book,0.99,SELL,1300.0,f4c5866cb5dd6ec02f5be3c5f17a6e25a089347e,1751413519106
mlb-det-wsh-2025-07-01,557544,87234411334899536602820404450799151834040607540868666391707681541636654197106,,book,0.98,SELL,405.0,f4c5866cb5dd6ec02f5be3c5f17a6e25a089347e,1751413519106
mlb-det-wsh-2025-07-01,557544,87234411334899536602820404450799151834040607540868666391707681541636654197106,,book,0.97,SELL,150.0,f4c5866cb5dd6ec02f5be3c5f17a6e25a089347e,1751413519106
mlb-det-wsh-2025-07-01,557544,87234411334899536602820404450799151834040607540868666391707681541636654197106,,book,0.89,SELL,600.0,f4c5866cb5dd6ec02f5be3c5f17a6e25a089347e,1751413519106
mlb-det-wsh-2025-07-01,557544,87234411334899536602820404450799151834040607540868666391707681541636654197106,,book,0.72,SELL,350.0,f4c5866cb5dd6ec02f5be3c5f17a6e25a089347e,1751413519106
mlb-det-wsh-2025-07-01,557544,87234411334899536602820404450799151834040607540868666391707681541636654197106,,book,0.66,SELL,140.0,f4c5866cb5dd6ec02f5be3c5f17a6e25a089347e,1751413519106
mlb-det-wsh-2025-07-01,557544,87234411334899536602820404450799151834040607540868666391707681541636654197106,,book,0.65,SELL,181.0,f4c5866cb5dd6ec02f5be3c5f17a6e25a089347e,1751413519106
mlb-det-wsh-2025-07-01,557544,87234411334899536602820404450799151834040607540868666391707681541636654197106,,book,0.53,SELL,74.3,f4c5866cb5dd6ec02f5be3c5f17a6e25a089347e,1751413519106
mlb-det-wsh-2025-07-01,557544,87234411334899536602820404450799151834040607540868666391707681541636654197106,,book,0.01,BUY,1800.0,f4c5866cb5dd6ec02f5be3c5f17a6e25a089347e,1751413519106
mlb-det-wsh-2025-07-01,557544,87234411334899536602820404450799151834040607540868666391707681541636654197106,,book,0.02,BUY,655.0,f4c5866cb5dd6ec02f5be3c5f17a6e25a089347e,1751413519106
mlb-det-wsh-2025-07-01,557544,87234411334899536602820404450799151834040607540868666391707681541636654197106,,book,0.03,BUY,150.0,f4c5866cb5dd6ec02f5be3c5f17a6e25a089347e,1751413519106
mlb-det-wsh-2025-07-01,557544,87234411334899536602820404450799151834040607540868666391707681541636654197106,,book,0.04,BUY,51.0,f4c5866cb5dd6ec02f5be3c5f17a6e25a089347e,1751413519106
mlb-det-wsh-2025-07-01,557544,87234411334899536602820404450799151834040607540868666391707681541636654197106,,book,0.49,BUY,300.0,f4c5866cb5dd6ec02f5be3c5f17a6e25a089347e,1751413519106
mlb-det-wsh-2025-07-01,557544,87234411334899536602820404450799151834040607540868666391707681541636654197106,,book,0.5,BUY,50.0,f4c5866cb5dd6ec02f5be3c5f17a6e25a089347e,1751413519106
mlb-det-wsh-2025-07-01,557544,87234411334899536602820404450799151834040607540868666391707681541636654197106,,book,0.52,BUY,72.0,f4c5866cb5dd6ec02f5be3c5f17a6e25a089347e,1751413519106
mlb-det-wsh-2025-07-01,557544,92299445340335107548762794212393244615564111884586020829242310950960838658911,,book,0.99,SELL,1800.0,f8a8d32edce046c6f9ef09bad4257626bc8ebc3c,1751413519106
mlb-det-wsh-2025-07-01,557544,92299445340335107548762794212393244615564111884586020829242310950960838658911,,book,0.98,SELL,655.0,f8a8d32edce046c6f9ef09bad4257626bc8ebc3c,1751413519106
mlb-det-wsh-2025-07-01,557544,92299445340335107548762794212393244615564111884586020829242310950960838658911,,book,0.97,SELL,150.0,f8a8d32edce046c6f9ef09bad4257626bc8ebc3c,1751413519106
mlb-det-wsh-2025-07-01,557544,92299445340335107548762794212393244615564111884586020829242310950960838658911,,book,0.96,SELL,51.0,f8a8d32edce046c6f9ef09bad4257626bc8ebc3c,1751413519106
mlb-det-wsh-2025-07-01,557544,92299445340335107548762794212393244615564111884586020829242310950960838658911,,book,0.51,SELL,300.0,f8a8d32edce046c6f9ef09bad4257626bc8ebc3c,1751413519106
mlb-det-wsh-2025-07-01,557544,92299445340335107548762794212393244615564111884586020829242310950960838658911,,book,0.5,SELL,50.0,f8a8d32edce046c6f9ef09bad4257626bc8ebc3c,1751413519106
mlb-det-wsh-2025-07-01,557544,92299445340335107548762794212393244615564111884586020829242310950960838658911,,book,0.48,SELL,72.0,f8a8d32edce046c6f9ef09bad4257626bc8ebc3c,1751413519106
mlb-det-wsh-2025-07-01,557544,92299445340335107548762794212393244615564111884586020829242310950960838658911,,book,0.01,BUY,1300.0,f8a8d32edce046c6f9ef09bad4257626bc8ebc3c,1751413519106
mlb-det-wsh-2025-07-01,557544,92299445340335107548762794212393244615564111884586020829242310950960838658911,,book,0.02,BUY,405.0,f8a8d32edce046c6f9ef09bad4257626bc8ebc3c,1751413519106
mlb-det-wsh-2025-07-01,557544,92299445340335107548762794212393244615564111884586020829242310950960838658911,,book,0.03,BUY,150.0,f8a8d32edce046c6f9ef09bad4257626bc8ebc3c,1751413519106
mlb-det-wsh-2025-07-01,557544,92299445340335107548762794212393244615564111884586020829242310950960838658911,,book,0.11,BUY,600.0,f8a8d32edce046c6f9ef09bad4257626bc8ebc3c,1751413519106
mlb-det-wsh-2025-07-01,557544,92299445340335107548762794212393244615564111884586020829242310950960838658911,,book,0.28,BUY,350.0,f8a8d32edce046c6f9ef09bad4257626bc8ebc3c,1751413519106
mlb-det-wsh-2025-07-01,557544,92299445340335107548762794212393244615564111884586020829242310950960838658911,,book,0.34,BUY,140.0,f8a8d32edce046c6f9ef09bad4257626bc8ebc3c,1751413519106
mlb-det-wsh-2025-07-01,557544,92299445340335107548762794212393244615564111884586020829242310950960838658911,,book,0.35,BUY,181.0,f8a8d32edce046c6f9ef09bad4257626bc8ebc3c,1751413519106
mlb-det-wsh-2025-07-01,557544,92299445340335107548762794212393244615564111884586020829242310950960838658911,,book,0.47,BUY,74.3,f8a8d32edce046c6f9ef09bad4257626bc8ebc3c,1751413519106
mlb-det-wsh-2025-07-01,557544,87234411334899536602820404450799151834040607540868666391707681541636654197106,,book,0.99,SELL,1300.0,db7ba167cba02c3a4379d1496d3c42005213b800,1751413519177
mlb-det-wsh-2025-07-01,557544,87234411334899536602820404450799151834040607540868666391707681541636654197106,,book,0.98,SELL,405.0,db7ba167cba02c3a4379d1496d3c42005213b800,1751413519177
mlb-det-wsh-2025-07-01,557544,87234411334899536602820404450799151834040607540868666391707681541636654197106,,book,0.97,SELL,150.0,db7ba167cba02c3a4379d1496d3c42005213b800,1751413519177
mlb-det-wsh-2025-07-01,557544,87234411334899536602820404450799151834040607540868666391707681541636654197106,,book,0.89,SELL,600.0,db7ba167cba02c3a4379d1496d3c42005213b800,1751413519177
mlb-det-wsh-2025-07-01,557544,87234411334899536602820404450799151834040607540868666391707681541636654197106,,book,0.72,SELL,350.0,db7ba167cba02c3a4379d1496d3c42005213b800,1751413519177
mlb-det-wsh-2025-07-01,557544,87234411334899536602820404450799151834040607540868666391707681541636654197106,,book,0.66,SELL,140.0,db7ba167cba02c3a4379d1496d3c42005213b800,1751413519177
mlb-det-wsh-2025-07-01,557544,87234411334899536602820404450799151834040607540868666391707681541636654197106,,book,0.65,SELL,181.0,db7ba167cba02c3a4379d1496d3c42005213b800,1751413519177
mlb-det-wsh-2025-07-01,557544,87234411334899536602820404450799151834040607540868666391707681541636654197106,,book,0.53,SELL,69.6,db7ba167cba02c3a4379d1496d3c42005213b800,1751413519177
mlb-det-wsh-2025-07-01,557544,87234411334899536602820404450799151834040607540868666391707681541636654197106,,book,0.01,BUY,1800.0,db7ba167cba02c3a4379d1496d3c42005213b800,1751413519177
mlb-det-wsh-2025-07-01,557544,87234411334899536602820404450799151834040607540868666391707681541636654197106,,book,0.02,BUY,655.0,db7ba167cba02c3a4379d1496d3c42005213b800,1751413519177
mlb-det-wsh-2025-07-01,557544,87234411334899536602820404450799151834040607540868666391707681541636654197106,,book,0.03,BUY,150.0,db7ba167cba02c3a4379d1496d3c42005213b800,1751413519177
mlb-det-wsh-2025-07-01,557544,87234411334899536602820404450799151834040607540868666391707681541636654197106,,book,0.04,BUY,51.0,db7ba167cba02c3a4379d1496d3c42005213b800,1751413519177
mlb-det-wsh-2025-07-01,557544,87234411334899536602820404450799151834040607540868666391707681541636654197106,,book,0.49,BUY,300.0,db7ba167cba02c3a4379d1496d3c42005213b800,1751413519177
mlb-det-wsh-2025-07-01,557544,87234411334899536602820404450799151834040607540868666391707681541636654197106,,book,0.5,BUY,50.0,db7ba167cba02c3a4379d1496d3c42005213b800,1751413519177
mlb-det-wsh-2025-07-01,557544,87234411334899536602820404450799151834040607540868666391707681541636654197106,,book,0.52,BUY,72.0,db7ba167cba02c3a4379d1496d3c42005213b800,1751413519177
mlb-det-wsh-2025-07-01,557544,92299445340335107548762794212393244615564111884586020829242310950960838658911,,book,0.99,SELL,1800.0,08d37c65ab626924627caf0f03fd4a4a2ed6d28f,1751413519177
mlb-det-wsh-2025-07-01,557544,92299445340335107548762794212393244615564111884586020829242310950960838658911,,book,0.98,SELL,655.0,08d37c65ab626924627caf0f03fd4a4a2ed6d28f,1751413519177
mlb-det-wsh-2025-07-01,557544,92299445340335107548762794212393244615564111884586020829242310950960838658911,,book,0.97,SELL,150.0,08d37c65ab626924627caf0f03fd4a4a2ed6d28f,1751413519177
mlb-det-wsh-2025-07-01,557544,92299445340335107548762794212393244615564111884586020829242310950960838658911,,book,0.96,SELL,51.0,08d37c65ab626924627caf0f03fd4a4a2ed6d28f,1751413519177
mlb-det-wsh-2025-07-01,557544,92299445340335107548762794212393244615564111884586020829242310950960838658911,,book,0.51,SELL,300.0,08d37c65ab626924627caf0f03fd4a4a2ed6d28f,1751413519177
mlb-det-wsh-2025-07-01,557544,92299445340335107548762794212393244615564111884586020829242310950960838658911,,book,0.5,SELL,50.0,08d37c65ab626924627caf0f03fd4a4a2ed6d28f,1751413519177
mlb-det-wsh-2025-07-01,557544,92299445340335107548762794212393244615564111884586020829242310950960838658911,,book,0.48,SELL,72.0,08d37c65ab626924627caf0f03fd4a4a2ed6d28f,1751413519177
mlb-det-wsh-2025-07-01,557544,92299445340335107548762794212393244615564111884586020829242310950960838658911,,book,0.01,BUY,1300.0,08d37c65ab626924627caf0f03fd4a4a2ed6d28f,1751413519177
mlb-det-wsh-2025-07-01,557544,92299445340335107548762794212393244615564111884586020829242310950960838658911,,book,0.02,BUY,405.0,08d37c65ab626924627caf0f03fd4a4a2ed6d28f,1751413519177
mlb-det-wsh-2025-07-01,557544,92299445340335107548762794212393244615564111884586020829242310950960838658911,,book,0.03,BUY,150.0,08d37c65ab626924627caf0f03fd4a4a2ed6d28f,1751413519177
mlb-det-wsh-2025-07-01,557544,92299445340335107548762794212393244615564111884586020829242310950960838658911,,book,0.11,BUY,600.0,08d37c65ab626924627caf0f03fd4a4a2ed6d28f,1751413519177
mlb-det-wsh-2025-07-01,557544,92299445340335107548762794212393244615564111884586020829242310950960838658911,,book,0.28,BUY,350.0,08d37c65ab626924627caf0f03fd4a4a2ed6d28f,1751413519177
mlb-det-wsh-2025-07-01,557544,92299445340335107548762794212393244615564111884586020829242310950960838658911,,book,0.34,BUY,140.0,08d37c65ab626924627caf0f03fd4a4a2ed6d28f,1751413519177
mlb-det-wsh-2025-07-01,557544,92299445340335107548762794212393244615564111884586020829242310950960838658911,,book,0.35,BUY,181.0,08d37c65ab626924627caf0f03fd4a4a2ed6d28f,1751413519177
mlb-det-wsh-2025-07-01,557544,92299445340335107548762794212393244615564111884586020829242310950960838658911,,book,0.47,BUY,69.6,08d37c65ab626924627caf0f03fd4a4a2ed6d28f,1751413519177
mlb-det-wsh-2025-07-01,557544,87234411334899536602820404450799151834040607540868666391707681541636654197106,,book,0.99,SELL,1300.0,b41a778a9d47194515326c31b81a8c4f6d207c09,1751413522059
mlb-det-wsh-2025-07-01,557544,87234411334899536602820404450799151834040607540868666391707681541636654197106,,book,0.98,SELL,405.0,b41a778a9d47194515326c31b81a8c4f6d207c09,1751413522059
mlb-det-wsh-2025-07-01,557544,87234411334899536602820404450799151834040607540868666391707681541636654197106,,book,0.97,SELL,150.0,b41a778a9d47194515326c31b81a8c4f6d207c09,1751413522059
mlb-det-wsh-2025-07-01,557544,87234411334899536602820404450799151834040607540868666391707681541636654197106,,book,0.89,SELL,600.0,b41a778a9d47194515326c31b81a8c4f6d207c09,1751413522059
mlb-det-wsh-2025-07-01,557544,87234411334899536602820404450799151834040607540868666391707681541636654197106,,book,0.72,SELL,350.0,b41a778a9d47194515326c31b81a8c4f6d207c09,1751413522059
mlb-det-wsh-2025-07-01,557544,87234411334899536602820404450799151834040607540868666391707681541636654197106,,book,0.66,SELL,140.0,b41a778a9d47194515326c31b81a8c4f6d207c09,1751413522059
mlb-det-wsh-2025-07-01,557544,87234411334899536602820404450799151834040607540868666391707681541636654197106,,book,0.65,SELL,181.0,b41a778a9d47194515326c31b81a8c4f6d207c09,1751413522059
mlb-det-wsh-2025-07-01,557544,87234411334899536602820404450799151834040607540868666391707681541636654197106,,book,0.53,SELL,64.9,b41a778a9d47194515326c31b81a8c4f6d207c09,1751413522059
mlb-det-wsh-2025-07-01,557544,87234411334899536602820404450799151834040607540868666391707681541636654197106,,book,0.01,BUY,1800.0,b41a778a9d47194515326c31b81a8c4f6d207c09,1751413522059
mlb-det-wsh-2025-07-01,557544,87234411334899536602820404450799151834040607540868666391707681541636654197106,,book,0.02,BUY,655.0,b41a778a9d47194515326c31b81a8c4f6d207c09,1751413522059
mlb-det-wsh-2025-07-01,557544,87234411334899536602820404450799151834040607540868666391707681541636654197106,,book,0.03,BUY,150.0,b41a778a9d47194515326c31b81a8c4f6d207c09,1751413522059
mlb-det-wsh-2025-07-01,557544,87234411334899536602820404450799151834040607540868666391707681541636654197106,,book,0.04,BUY,51.0,b41a778a9d47194515326c31b81a8c4f6d207c09,1751413522059
mlb-det-wsh-2025-07-01,557544,87234411334899536602820404450799151834040607540868666391707681541636654197106,,book,0.49,BUY,300.0,b41a778a9d47194515326c31b81a8c4f6d207c09,1751413522059
mlb-det-wsh-2025-07-01,557544,87234411334899536602820404450799151834040607540868666391707681541636654197106,,book,0.5,BUY,50.0,b41a778a9d47194515326c31b81a8c4f6d207c09,1751413522059
mlb-det-wsh-2025-07-01,557544,87234411334899536602820404450799151834040607540868666391707681541636654197106,,book,0.52,BUY,72.0,b41a778a9d47194515326c31b81a8c4f6d207c09,1751413522059
mlb-det-wsh-2025-07-01,557544,92299445340335107548762794212393244615564111884586020829242310950960838658911,,book,0.99,SELL,1800.0,5faf2dad28c3820fd2d9974c3800ad820d4bf2a0,1751413522059
mlb-det-wsh-2025-07-01,557544,92299445340335107548762794212393244615564111884586020829242310950960838658911,,book,0.98,SELL,655.0,5faf2dad28c3820fd2d9974c3800ad820d4bf2a0,1751413522059
mlb-det-wsh-2025-07-01,557544,92299445340335107548762794212393244615564111884586020829242310950960838658911,,book,0.97,SELL,150.0,5faf2dad28c3820fd2d9974c3800ad820d4bf2a0,1751413522059
mlb-det-wsh-2025-07-01,557544,92299445340335107548762794212393244615564111884586020829242310950960838658911,,book,0.96,SELL,51.0,5faf2dad28c3820fd2d9974c3800ad820d4bf2a0,1751413522059
mlb-det-wsh-2025-07-01,557544,92299445340335107548762794212393244615564111884586020829242310950960838658911,,book,0.51,SELL,300.0,5faf2dad28c3820fd2d9974c3800ad820d4bf2a0,1751413522059
mlb-det-wsh-2025-07-01,557544,92299445340335107548762794212393244615564111884586020829242310950960838658911,,book,0.5,SELL,50.0,5faf2dad28c3820fd2d9974c3800ad820d4bf2a0,1751413522059
mlb-det-wsh-2025-07-01,557544,92299445340335107548762794212393244615564111884586020829242310950960838658911,,book,0.48,SELL,72.0,5faf2dad28c3820fd2d9974c3800ad820d4bf2a0,1751413522059
mlb-det-wsh-2025-07-01,557544,92299445340335107548762794212393244615564111884586020829242310950960838658911,,book,0.01,BUY,1300.0,5faf2dad28c3820fd2d9974c3800ad820d4bf2a0,1751413522059
mlb-det-wsh-2025-07-01,557544,92299445340335107548762794212393244615564111884586020829242310950960838658911,,book,0.02,BUY,405.0,5faf2dad28c3820fd2d9974c3800ad820d4bf2a0,1751413522059
mlb-det-wsh-2025-07-01,557544,92299445340335107548762794212393244615564111884586020829242310950960838658911,,book,0.03,BUY,150.0,5faf2dad28c3820fd2d9974c3800ad820d4bf2a0,1751413522059
mlb-det-wsh-2025-07-01,557544,92299445340335107548762794212393244615564111884586020829242310950960838658911,,book,0.11,BUY,600.0,5faf2dad28c3820fd2d9974c3800ad820d4bf2a0,1751413522059
mlb-det-wsh-2025-07-01,557544,92299445340335107548762794212393244615564111884586020829242310950960838658911,,book,0.28,BUY,350.0,5faf2dad28c3820fd2d9974c3800ad820d4bf2a0,1751413522059
mlb-det-wsh-2025-07-01,557544,92299445340335107548762794212393244615564111884586020829242310950960838658911,,book,0.34,BUY,140.0,5faf2dad28c3820fd2d9974c3800ad820d4bf2a0,1751413522059
mlb-det-wsh-2025-07-01,557544,92299445340335107548762794212393244615564111884586020829242310950960838658911,,book,0.35,BUY,181.0,5faf2dad28c3820fd2d9974c3800ad820d4bf2a0,1751413522059
mlb-det-wsh-2025-07-01,557544,92299445340335107548762794212393244615564111884586020829242310950960838658911,,book,0.47,BUY,64.9,5faf2dad28c3820fd2d9974c3800ad820d4bf2a0,1751413522059
mlb-det-wsh-2025-07-01,557544,87234411334899536602820404450799151834040607540868666391707681541636654197106,,book,0.99,SELL,1300.0,9525433f311083039eda1947b7f3dd4a615d3428,1751413675051
mlb-det-wsh-2025-07-01,557544,87234411334899536602820404450799151834040607540868666391707681541636654197106,,book,0.98,SELL,405.0,9525433f311083039eda1947b7f3dd4a615d3428,1751413675051
mlb-det-wsh-2025-07-01,557544,87234411334899536602820404450799151834040607540868666391707681541636654197106,,book,0.97,SELL,150.0,9525433f311083039eda1947b7f3dd4a615d3428,1751413675051
mlb-det-wsh-2025-07-01,557544,87234411334899536602820404450799151834040607540868666391707681541636654197106,,book,0.89,SELL,600.0,9525433f311083039eda1947b7f3dd4a615d3428,1751413675051
mlb-det-wsh-2025-07-01,557544,87234411334899536602820404450799151834040607540868666391707681541636654197106,,book,0.72,SELL,350.0,9525433f311083039eda1947b7f3dd4a615d3428,1751413675051
mlb-det-wsh-2025-07-01,557544,87234411334899536602820404450799151834040607540868666391707681541636654197106,,book,0.66,SELL,140.0,9525433f311083039eda1947b7f3dd4a615d3428,1751413675051
mlb-det-wsh-2025-07-01,557544,87234411334899536602820404450799151834040607540868666391707681541636654197106,,book,0.65,SELL,181.0,9525433f311083039eda1947b7f3dd4a615d3428,1751413675051
mlb-det-wsh-2025-07-01,557544,87234411334899536602820404450799151834040607540868666391707681541636654197106,,book,0.53,SELL,64.9,9525433f311083039eda1947b7f3dd4a615d3428,1751413675051
mlb-det-wsh-2025-07-01,557544,87234411334899536602820404450799151834040607540868666391707681541636654197106,,book,0.01,BUY,1800.0,9525433f311083039eda1947b7f3dd4a615d3428,1751413675051
mlb-det-wsh-2025-07-01,557544,87234411334899536602820404450799151834040607540868666391707681541636654197106,,book,0.02,BUY,655.0,9525433f311083039eda1947b7f3dd4a615d3428,1751413675051
mlb-det-wsh-2025-07-01,557544,87234411334899536602820404450799151834040607540868666391707681541636654197106,,book,0.03,BUY,150.0,9525433f311083039eda1947b7f3dd4a615d3428,1751413675051
mlb-det-wsh-2025-07-01,557544,87234411334899536602820404450799151834040607540868666391707681541636654197106,,book,0.04,BUY,51.0,9525433f311083039eda1947b7f3dd4a615d3428,1751413675051
mlb-det-wsh-2025-07-01,557544,87234411334899536602820404450799151834040607540868666391707681541636654197106,,book,0.49,BUY,300.0,9525433f311083039eda1947b7f3dd4a615d3428,1751413675051
mlb-det-wsh-2025-07-01,557544,87234411334899536602820404450799151834040607540868666391707681541636654197106,,book,0.5,BUY,50.0,9525433f311083039eda1947b7f3dd4a615d3428,1751413675051
mlb-det-wsh-2025-07-01,557544,87234411334899536602820404450799151834040607540868666391707681541636654197106,,book,0.52,BUY,67.83,9525433f311083039eda1947b7f3dd4a615d3428,1751413675051
mlb-det-wsh-2025-07-01,557544,92299445340335107548762794212393244615564111884586020829242310950960838658911,,book,0.99,SELL,1800.0,130f8e5f96b399003f6415dd0da1694eb3438142,1751413675051
mlb-det-wsh-2025-07-01,557544,92299445340335107548762794212393244615564111884586020829242310950960838658911,,book,0.98,SELL,655.0,130f8e5f96b399003f6415dd0da1694eb3438142,1751413675051
mlb-det-wsh-2025-07-01,557544,92299445340335107548762794212393244615564111884586020829242310950960838658911,,book,0.97,SELL,150.0,130f8e5f96b399003f6415dd0da1694eb3438142,1751413675051
mlb-det-wsh-2025-07-01,557544,92299445340335107548762794212393244615564111884586020829242310950960838658911,,book,0.96,SELL,51.0,130f8e5f96b399003f6415dd0da1694eb3438142,1751413675051
mlb-det-wsh-2025-07-01,557544,92299445340335107548762794212393244615564111884586020829242310950960838658911,,book,0.51,SELL,300.0,130f8e5f96b399003f6415dd0da1694eb3438142,1751413675051
mlb-det-wsh-2025-07-01,557544,92299445340335107548762794212393244615564111884586020829242310950960838658911,,book,0.5,SELL,50.0,130f8e5f96b399003f6415dd0da1694eb3438142,1751413675051
mlb-det-wsh-2025-07-01,557544,92299445340335107548762794212393244615564111884586020829242310950960838658911,,book,0.48,SELL,67.83,130f8e5f96b399003f6415dd0da1694eb3438142,1751413675051
mlb-det-wsh-2025-07-01,557544,92299445340335107548762794212393244615564111884586020829242310950960838658911,,book,0.01,BUY,1300.0,130f8e5f96b399003f6415dd0da1694eb3438142,1751413675051
mlb-det-wsh-2025-07-01,557544,92299445340335107548762794212393244615564111884586020829242310950960838658911,,book,0.02,BUY,405.0,130f8e5f96b399003f6415dd0da1694eb3438142,1751413675051
mlb-det-wsh-2025-07-01,557544,92299445340335107548762794212393244615564111884586020829242310950960838658911,,book,0.03,BUY,150.0,130f8e5f96b399003f6415dd0da1694eb3438142,1751413675051
mlb-det-wsh-2025-07-01,557544,92299445340335107548762794212393244615564111884586020829242310950960838658911,,book,0.11,BUY,600.0,130f8e5f96b399003f6415dd0da1694eb3438142,1751413675051
mlb-det-wsh-2025-07-01,557544,92299445340335107548762794212393244615564111884586020829242310950960838658911,,book,0.28,BUY,350.0,130f8e5f96b399003f6415dd0da1694eb3438142,1751413675051
mlb-det-wsh-2025-07-01,557544,92299445340335107548762794212393244615564111884586020829242310950960838658911,,book,0.34,BUY,140.0,130f8e5f96b399003f6415dd0da1694eb3438142,1751413675051
mlb-det-wsh-2025-07-01,557544,92299445340335107548762794212393244615564111884586020829242310950960838658911,,book,0.35,BUY,181.0,130f8e5f96b399003f6415dd0da1694eb3438142,1751413675051
mlb-det-wsh-2025-07-01,557544,92299445340335107548762794212393244615564111884586020829242310950960838658911,,book,0.47,BUY,64.9,130f8e5f96b399003f6415dd0da1694eb3438142,1751413675051
mlb-det-wsh-2025-07-01,557544,92299445340335107548762794212393244615564111884586020829242310950960838658911,,book,0.99,SELL,1800.0,56949b2da4090535b1e3726503431346947952e5,1751413678059
mlb-det-wsh-2025-07-01,557544,92299445340335107548762794212393244615564111884586020829242310950960838658911,,book,0.98,SELL,655.0,56949b2da4090535b1e3726503431346947952e5,1751413678059
mlb-det-wsh-2025-07-01,557544,92299445340335107548762794212393244615564111884586020829242310950960838658911,,book,0.97,SELL,150.0,56949b2da4090535b1e3726503431346947952e5,1751413678059
mlb-det-wsh-2025-07-01,557544,92299445340335107548762794212393244615564111884586020829242310950960838658911,,book,0.96,SELL,51.0,56949b2da4090535b1e3726503431346947952e5,1751413678059
mlb-det-wsh-2025-07-01,557544,92299445340335107548762794212393244615564111884586020829242310950960838658911,,book,0.51,SELL,300.0,56949b2da4090535b1e3726503431346947952e5,1751413678059
mlb-det-wsh-2025-07-01,557544,92299445340335107548762794212393244615564111884586020829242310950960838658911,,book,0.5,SELL,50.0,56949b2da4090535b1e3726503431346947952e5,1751413678059
mlb-det-wsh-2025-07-01,557544,92299445340335107548762794212393244615564111884586020829242310950960838658911,,book,0.48,SELL,67.83,56949b2da4090535b1e3726503431346947952e5,1751413678059
mlb-det-wsh-2025-07-01,557544,92299445340335107548762794212393244615564111884586020829242310950960838658911,,book,0.01,BUY,1300.0,56949b2da4090535b1e3726503431346947952e5,1751413678059
mlb-det-wsh-2025-07-01,557544,92299445340335107548762794212393244615564111884586020829242310950960838658911,,book,0.02,BUY,405.0,56949b2da4090535b1e3726503431346947952e5,1751413678059
mlb-det-wsh-2025-07-01,557544,92299445340335107548762794212393244615564111884586020829242310950960838658911,,book,0.03,BUY,150.0,56949b2da4090535b1e3726503431346947952e5,1751413678059
mlb-det-wsh-2025-07-01,557544,92299445340335107548762794212393244615564111884586020829242310950960838658911,,book,0.11,BUY,600.0,56949b2da4090535b1e3726503431346947952e5,1751413678059
mlb-det-wsh-2025-07-01,557544,92299445340335107548762794212393244615564111884586020829242310950960838658911,,book,0.28,BUY,350.0,56949b2da4090535b1e3726503431346947952e5,1751413678059
mlb-det-wsh-2025-07-01,557544,92299445340335107548762794212393244615564111884586020829242310950960838658911,,book,0.34,BUY,140.0,56949b2da4090535b1e3726503431346947952e5,1751413678059
mlb-det-wsh-2025-07-01,557544,92299445340335107548762794212393244615564111884586020829242310950960838658911,,book,0.35,BUY,181.0,56949b2da4090535b1e3726503431346947952e5,1751413678059
mlb-det-wsh-2025-07-01,557544,92299445340335107548762794212393244615564111884586020829242310950960838658911,,book,0.47,BUY,60.2,56949b2da4090535b1e3726503431346947952e5,1751413678059
mlb-det-wsh-2025-07-01,557544,87234411334899536602820404450799151834040607540868666391707681541636654197106,,book,0.99,SELL,1300.0,a283e9ef833f9232e64700b89844b0ddabf9f3b3,1751413678059
mlb-det-wsh-2025-07-01,557544,87234411334899536602820404450799151834040607540868666391707681541636654197106,,book,0.98,SELL,405.0,a283e9ef833f9232e64700b89844b0ddabf9f3b3,1751413678059
mlb-det-wsh-2025-07-01,557544,87234411334899536602820404450799151834040607540868666391707681541636654197106,,book,0.97,SELL,150.0,a283e9ef833f9232e64700b89844b0ddabf9f3b3,1751413678059
mlb-det-wsh-2025-07-01,557544,87234411334899536602820404450799151834040607540868666391707681541636654197106,,book,0.89,SELL,600.0,a283e9ef833f9232e64700b89844b0ddabf9f3b3,1751413678059
mlb-det-wsh-2025-07-01,557544,87234411334899536602820404450799151834040607540868666391707681541636654197106,,book,0.72,SELL,350.0,a283e9ef833f9232e64700b89844b0ddabf9f3b3,1751413678059
mlb-det-wsh-2025-07-01,557544,87234411334899536602820404450799151834040607540868666391707681541636654197106,,book,0.66,SELL,140.0,a283e9ef833f9232e64700b89844b0ddabf9f3b3,1751413678059
mlb-det-wsh-2025-07-01,557544,87234411334899536602820404450799151834040607540868666391707681541636654197106,,book,0.65,SELL,181.0,a283e9ef833f9232e64700b89844b0ddabf9f3b3,1751413678059
mlb-det-wsh-2025-07-01,557544,87234411334899536602820404450799151834040607540868666391707681541636654197106,,book,0.53,SELL,60.2,a283e9ef833f9232e64700b89844b0ddabf9f3b3,1751413678059
mlb-det-wsh-2025-07-01,557544,87234411334899536602820404450799151834040607540868666391707681541636654197106,,book,0.01,BUY,1800.0,a283e9ef833f9232e64700b89844b0ddabf9f3b3,1751413678059
mlb-det-wsh-2025-07-01,557544,87234411334899536602820404450799151834040607540868666391707681541636654197106,,book,0.02,BUY,655.0,a283e9ef833f9232e64700b89844b0ddabf9f3b3,1751413678059
mlb-det-wsh-2025-07-01,557544,87234411334899536602820404450799151834040607540868666391707681541636654197106,,book,0.03,BUY,150.0,a283e9ef833f9232e64700b89844b0ddabf9f3b3,1751413678059
mlb-det-wsh-2025-07-01,557544,87234411334899536602820404450799151834040607540868666391707681541636654197106,,book,0.04,BUY,51.0,a283e9ef833f9232e64700b89844b0ddabf9f3b3,1751413678059
mlb-det-wsh-2025-07-01,557544,87234411334899536602820404450799151834040607540868666391707681541636654197106,,book,0.49,BUY,300.0,a283e9ef833f9232e64700b89844b0ddabf9f3b3,1751413678059
mlb-det-wsh-2025-07-01,557544,87234411334899536602820404450799151834040607540868666391707681541636654197106,,book,0.5,BUY,50.0,a283e9ef833f9232e64700b89844b0ddabf9f3b3,1751413678059
mlb-det-wsh-2025-07-01,557544,87234411334899536602820404450799151834040607540868666391707681541636654197106,,book,0.52,BUY,67.83,a283e9ef833f9232e64700b89844b0ddabf9f3b3,1751413678059
mlb-det-wsh-2025-07-01,557544,87234411334899536602820404450799151834040607540868666391707681541636654197106,,book,0.99,SELL,1300.0,6933061f8a9982a7861176dce77fd1a1616ad7ec,1751414324059
mlb-det-wsh-2025-07-01,557544,87234411334899536602820404450799151834040607540868666391707681541636654197106,,book,0.98,SELL,405.0,6933061f8a9982a7861176dce77fd1a1616ad7ec,1751414324059
mlb-det-wsh-2025-07-01,557544,87234411334899536602820404450799151834040607540868666391707681541636654197106,,book,0.97,SELL,150.0,6933061f8a9982a7861176dce77fd1a1616ad7ec,1751414324059
mlb-det-wsh-2025-07-01,557544,87234411334899536602820404450799151834040607540868666391707681541636654197106,,book,0.89,SELL,600.0,6933061f8a9982a7861176dce77fd1a1616ad7ec,1751414324059
mlb-det-wsh-2025-07-01,557544,87234411334899536602820404450799151834040607540868666391707681541636654197106,,book,0.72,SELL,350.0,6933061f8a9982a7861176dce77fd1a1616ad7ec,1751414324059
mlb-det-wsh-2025-07-01,557544,87234411334899536602820404450799151834040607540868666391707681541636654197106,,book,0.66,SELL,140.0,6933061f8a9982a7861176dce77fd1a1616ad7ec,1751414324059
mlb-det-wsh-2025-07-01,557544,87234411334899536602820404450799151834040607540868666391707681541636654197106,,book,0.65,SELL,181.0,6933061f8a9982a7861176dce77fd1a1616ad7ec,1751414324059
mlb-det-wsh-2025-07-01,557544,87234411334899536602820404450799151834040607540868666391707681541636654197106,,book,0.53,SELL,50.2,6933061f8a9982a7861176dce77fd1a1616ad7ec,1751414324059
mlb-det-wsh-2025-07-01,557544,87234411334899536602820404450799151834040607540868666391707681541636654197106,,book,0.01,BUY,1800.0,6933061f8a9982a7861176dce77fd1a1616ad7ec,1751414324059
mlb-det-wsh-2025-07-01,557544,87234411334899536602820404450799151834040607540868666391707681541636654197106,,book,0.02,BUY,655.0,6933061f8a9982a7861176dce77fd1a1616ad7ec,1751414324059
mlb-det-wsh-2025-07-01,557544,87234411334899536602820404450799151834040607540868666391707681541636654197106,,book,0.03,BUY,150.0,6933061f8a9982a7861176dce77fd1a1616ad7ec,1751414324059
mlb-det-wsh-2025-07-01,557544,87234411334899536602820404450799151834040607540868666391707681541636654197106,,book,0.04,BUY,51.0,6933061f8a9982a7861176dce77fd1a1616ad7ec,1751414324059
mlb-det-wsh-2025-07-01,557544,87234411334899536602820404450799151834040607540868666391707681541636654197106,,book,0.49,BUY,300.0,6933061f8a9982a7861176dce77fd1a1616ad7ec,1751414324059
mlb-det-wsh-2025-07-01,557544,87234411334899536602820404450799151834040607540868666391707681541636654197106,,book,0.5,BUY,50.0,6933061f8a9982a7861176dce77fd1a1616ad7ec,1751414324059
mlb-det-wsh-2025-07-01,557544,87234411334899536602820404450799151834040607540868666391707681541636654197106,,book,0.52,BUY,67.83,6933061f8a9982a7861176dce77fd1a1616ad7ec,1751414324059
mlb-det-wsh-2025-07-01,557544,92299445340335107548762794212393244615564111884586020829242310950960838658911,,book,0.99,SELL,1800.0,c56745dee037192f715d6e2aed1cf0cbde30fec8,1751414324059
mlb-det-wsh-2025-07-01,557544,92299445340335107548762794212393244615564111884586020829242310950960838658911,,book,0.98,SELL,655.0,c56745dee037192f715d6e2aed1cf0cbde30fec8,1751414324059
mlb-det-wsh-2025-07-01,557544,92299445340335107548762794212393244615564111884586020829242310950960838658911,,book,0.97,SELL,150.0,c56745dee037192f715d6e2aed1cf0cbde30fec8,1751414324059
mlb-det-wsh-2025-07-01,557544,92299445340335107548762794212393244615564111884586020829242310950960838658911,,book,0.96,SELL,51.0,c56745dee037192f715d6e2aed1cf0cbde30fec8,1751414324059
mlb-det-wsh-2025-07-01,557544,92299445340335107548762794212393244615564111884586020829242310950960838658911,,book,0.51,SELL,300.0,c56745dee037192f715d6e2aed1cf0cbde30fec8,1751414324059
mlb-det-wsh-2025-07-01,557544,92299445340335107548762794212393244615564111884586020829242310950960838658911,,book,0.5,SELL,50.0,c56745dee037192f715d6e2aed1cf0cbde30fec8,1751414324059
mlb-det-wsh-2025-07-01,557544,92299445340335107548762794212393244615564111884586020829242310950960838658911,,book,0.48,SELL,67.83,c56745dee037192f715d6e2aed1cf0cbde30fec8,1751414324059
mlb-det-wsh-2025-07-01,557544,92299445340335107548762794212393244615564111884586020829242310950960838658911,,book,0.01,BUY,1300.0,c56745dee037192f715d6e2aed1cf0cbde30fec8,1751414324059
mlb-det-wsh-2025-07-01,557544,92299445340335107548762794212393244615564111884586020829242310950960838658911,,book,0.02,BUY,405.0,c56745dee037192f715d6e2aed1cf0cbde30fec8,1751414324059
mlb-det-wsh-2025-07-01,557544,92299445340335107548762794212393244615564111884586020829242310950960838658911,,book,0.03,BUY,150.0,c56745dee037192f715d6e2aed1cf0cbde30fec8,1751414324059
mlb-det-wsh-2025-07-01,557544,92299445340335107548762794212393244615564111884586020829242310950960838658911,,book,0.11,BUY,600.0,c56745dee037192f715d6e2aed1cf0cbde30fec8,1751414324059
mlb-det-wsh-2025-07-01,557544,92299445340335107548762794212393244615564111884586020829242310950960838658911,,book,0.28,BUY,350.0,c56745dee037192f715d6e2aed1cf0cbde30fec8,1751414324059
mlb-det-wsh-2025-07-01,557544,92299445340335107548762794212393244615564111884586020829242310950960838658911,,book,0.34,BUY,140.0,c56745dee037192f715d6e2aed1cf0cbde30fec8,1751414324059
mlb-det-wsh-2025-07-01,557544,92299445340335107548762794212393244615564111884586020829242310950960838658911,,book,0.35,BUY,181.0,c56745dee037192f715d6e2aed1cf0cbde30fec8,1751414324059
mlb-det-wsh-2025-07-01,557544,92299445340335107548762794212393244615564111884586020829242310950960838658911,,book,0.47,BUY,50.2,c56745dee037192f715d6e2aed1cf0cbde30fec8,1751414324059
mlb-det-wsh-2025-07-01,557544,87234411334899536602820404450799151834040607540868666391707681541636654197106,,price_change,0.46,BUY,600.0,a4b167051275d55b28a9711739b361c356c65344,1751414338174
mlb-det-wsh-2025-07-01,557544,92299445340335107548762794212393244615564111884586020829242310950960838658911,,price_change,0.54,SELL,600.0,db725909bc8325d94f4aab29a2088b8881b80834,1751414338174
mlb-det-wsh-2025-07-01,557544,87234411334899536602820404450799151834040607540868666391707681541636654197106,,price_change,0.04,BUY,0.0,98e70b80ef9fc93832e2e34f349f4683cb3e6188,1751414338351
mlb-det-wsh-2025-07-01,557544,92299445340335107548762794212393244615564111884586020829242310950960838658911,,price_change,0.96,SELL,0.0,93cd3c772a9d1617cf36a11341cb0792cf4bd2fa,1751414338351
mlb-det-wsh-2025-07-01,557544,92299445340335107548762794212393244615564111884586020829242310950960838658911,Nationals,book,0.99,SELL,1800.0,93cd3c772a9d1617cf36a11341cb0792cf4bd2fa,1751414338343
mlb-det-wsh-2025-07-01,557544,92299445340335107548762794212393244615564111884586020829242310950960838658911,Nationals,book,0.98,SELL,655.0,93cd3c772a9d1617cf36a11341cb0792cf4bd2fa,1751414338343
mlb-det-wsh-2025-07-01,557544,92299445340335107548762794212393244615564111884586020829242310950960838658911,Nationals,book,0.97,SELL,150.0,93cd3c772a9d1617cf36a11341cb0792cf4bd2fa,1751414338343
mlb-det-wsh-2025-07-01,557544,92299445340335107548762794212393244615564111884586020829242310950960838658911,Nationals,book,0.54,SELL,600.0,93cd3c772a9d1617cf36a11341cb0792cf4bd2fa,1751414338343
mlb-det-wsh-2025-07-01,557544,92299445340335107548762794212393244615564111884586020829242310950960838658911,Nationals,book,0.51,SELL,300.0,93cd3c772a9d1617cf36a11341cb0792cf4bd2fa,1751414338343
mlb-det-wsh-2025-07-01,557544,92299445340335107548762794212393244615564111884586020829242310950960838658911,Nationals,book,0.5,SELL,50.0,93cd3c772a9d1617cf36a11341cb0792cf4bd2fa,1751414338343
mlb-det-wsh-2025-07-01,557544,92299445340335107548762794212393244615564111884586020829242310950960838658911,Nationals,book,0.48,SELL,67.83,93cd3c772a9d1617cf36a11341cb0792cf4bd2fa,1751414338343
mlb-det-wsh-2025-07-01,557544,92299445340335107548762794212393244615564111884586020829242310950960838658911,Nationals,book,0.01,BUY,1300.0,93cd3c772a9d1617cf36a11341cb0792cf4bd2fa,1751414338343
mlb-det-wsh-2025-07-01,557544,92299445340335107548762794212393244615564111884586020829242310950960838658911,Nationals,book,0.02,BUY,405.0,93cd3c772a9d1617cf36a11341cb0792cf4bd2fa,1751414338343
mlb-det-wsh-2025-07-01,557544,92299445340335107548762794212393244615564111884586020829242310950960838658911,Nationals,book,0.03,BUY,150.0,93cd3c772a9d1617cf36a11341cb0792cf4bd2fa,1751414338343
mlb-det-wsh-2025-07-01,557544,92299445340335107548762794212393244615564111884586020829242310950960838658911,Nationals,book,0.11,BUY,600.0,93cd3c772a9d1617cf36a11341cb0792cf4bd2fa,1751414338343
mlb-det-wsh-2025-07-01,557544,92299445340335107548762794212393244615564111884586020829242310950960838658911,Nationals,book,0.28,BUY,350.0,93cd3c772a9d1617cf36a11341cb0792cf4bd2fa,1751414338343
mlb-det-wsh-2025-07-01,557544,92299445340335107548762794212393244615564111884586020829242310950960838658911,Nationals,book,0.34,BUY,140.0,93cd3c772a9d1617cf36a11341cb0792cf4bd2fa,1751414338343
mlb-det-wsh-2025-07-01,557544,92299445340335107548762794212393244615564111884586020829242310950960838658911,Nationals,book,0.35,BUY,181.0,93cd3c772a9d1617cf36a11341cb0792cf4bd2fa,1751414338343
mlb-det-wsh-2025-07-01,557544,92299445340335107548762794212393244615564111884586020829242310950960838658911,Nationals,book,0.47,BUY,50.2,93cd3c772a9d1617cf36a11341cb0792cf4bd2fa,1751414338343
mlb-det-wsh-2025-07-01,557544,87234411334899536602820404450799151834040607540868666391707681541636654197106,Tigers,book,0.99,SELL,1300.0,98e70b80ef9fc93832e2e34f349f4683cb3e6188,1751414338343
mlb-det-wsh-2025-07-01,557544,87234411334899536602820404450799151834040607540868666391707681541636654197106,Tigers,book,0.98,SELL,405.0,98e70b80ef9fc93832e2e34f349f4683cb3e6188,1751414338343
mlb-det-wsh-2025-07-01,557544,87234411334899536602820404450799151834040607540868666391707681541636654197106,Tigers,book,0.97,SELL,150.0,98e70b80ef9fc93832e2e34f349f4683cb3e6188,1751414338343
mlb-det-wsh-2025-07-01,557544,87234411334899536602820404450799151834040607540868666391707681541636654197106,Tigers,book,0.89,SELL,600.0,98e70b80ef9fc93832e2e34f349f4683cb3e6188,1751414338343
mlb-det-wsh-2025-07-01,557544,87234411334899536602820404450799151834040607540868666391707681541636654197106,Tigers,book,0.72,SELL,350.0,98e70b80ef9fc93832e2e34f349f4683cb3e6188,1751414338343
mlb-det-wsh-2025-07-01,557544,87234411334899536602820404450799151834040607540868666391707681541636654197106,Tigers,book,0.66,SELL,140.0,98e70b80ef9fc93832e2e34f349f4683cb3e6188,1751414338343
mlb-det-wsh-2025-07-01,557544,87234411334899536602820404450799151834040607540868666391707681541636654197106,Tigers,book,0.65,SELL,181.0,98e70b80ef9fc93832e2e34f349f4683cb3e6188,1751414338343
mlb-det-wsh-2025-07-01,557544,87234411334899536602820404450799151834040607540868666391707681541636654197106,Tigers,book,0.53,SELL,50.2,98e70b80ef9fc93832e2e34f349f4683cb3e6188,1751414338343
mlb-det-wsh-2025-07-01,557544,87234411334899536602820404450799151834040607540868666391707681541636654197106,Tigers,book,0.01,BUY,1800.0,98e70b80ef9fc93832e2e34f349f4683cb3e6188,1751414338343
mlb-det-wsh-2025-07-01,557544,87234411334899536602820404450799151834040607540868666391707681541636654197106,Tigers,book,0.02,BUY,655.0,98e70b80ef9fc93832e2e34f349f4683cb3e6188,1751414338343
mlb-det-wsh-2025-07-01,557544,87234411334899536602820404450799151834040607540868666391707681541636654197106,Tigers,book,0.03,BUY,150.0,98e70b80ef9fc93832e2e34f349f4683cb3e6188,1751414338343
mlb-det-wsh-2025-07-01,557544,87234411334899536602820404450799151834040607540868666391707681541636654197106,Tigers,book,0.46,BUY,600.0,98e70b80ef9fc93832e2e34f349f4683cb3e6188,1751414338343
mlb-det-wsh-2025-07-01,557544,87234411334899536602820404450799151834040607540868666391707681541636654197106,Tigers,book,0.49,BUY,300.0,98e70b80ef9fc93832e2e34f349f4683cb3e6188,1751414338343
mlb-det-wsh-2025-07-01,557544,87234411334899536602820404450799151834040607540868666391707681541636654197106,Tigers,book,0.5,BUY,50.0,98e70b80ef9fc93832e2e34f349f4683cb3e6188,1751414338343
mlb-det-wsh-2025-07-01,557544,87234411334899536602820404450799151834040607540868666391707681541636654197106,Tigers,book,0.52,BUY,67.83,98e70b80ef9fc93832e2e34f349f4683cb3e6188,1751414338343
mlb-det-wsh-2025-07-01,557544,92299445340335107548762794212393244615564111884586020829242310950960838658911,Nationals,price_change,0.44,BUY,150.0,8c68c0d05cfbd3814674f2093598bc94718afff9,1751414668125
mlb-det-wsh-2025-07-01,557544,87234411334899536602820404450799151834040607540868666391707681541636654197106,Tigers,price_change,0.56,SELL,150.0,2244c472f4cf2b8fbaf920648e67925370faca1c,1751414668125
mlb-det-wsh-2025-07-01,557544,87234411334899536602820404450799151834040607540868666391707681541636654197106,Tigers,price_change,0.56,SELL,0.0,747fef27d4ead78e0bf06957dc4081088580ecf6,1751414674112
mlb-det-wsh-2025-07-01,557544,92299445340335107548762794212393244615564111884586020829242310950960838658911,Nationals,price_change,0.44,BUY,0.0,00af0109f1bc674a72d6c658e33272f7fc90a894,1751414674112
mlb-det-wsh-2025-07-01,557544,92299445340335107548762794212393244615564111884586020829242310950960838658911,Nationals,price_change,0.45,BUY,150.0,fef66a8d59f3367f80d09dda087961f9c90afd0d,1751414674223
mlb-det-wsh-2025-07-01,557544,87234411334899536602820404450799151834040607540868666391707681541636654197106,Tigers,price_change,0.55,SELL,150.0,e9b4234fec63c843d59ee7175f54039c952512eb,1751414674223
mlb-det-wsh-2025-07-01,557544,92299445340335107548762794212393244615564111884586020829242310950960838658911,Nationals,price_change,0.45,BUY,0.0,68741546926a183c606562b1872e3056bb372361,1751414678892
mlb-det-wsh-2025-07-01,557544,87234411334899536602820404450799151834040607540868666391707681541636654197106,Tigers,price_change,0.55,SELL,0.0,914e52d7f22ef70790c7bdf4ddac9fc8e4546561,1751414678892
mlb-det-wsh-2025-07-01,557544,92299445340335107548762794212393244615564111884586020829242310950960838658911,Nationals,price_change,0.46,BUY,150.0,15168301a3cbd45239762d505973d83128f2979d,1751414686655
mlb-det-wsh-2025-07-01,557544,87234411334899536602820404450799151834040607540868666391707681541636654197106,Tigers,price_change,0.54,SELL,150.0,f73f1f6f10ce7f6296638556a813de324a7518a7,1751414686655
mlb-det-wsh-2025-07-01,557544,92299445340335107548762794212393244615564111884586020829242310950960838658911,Nationals,price_change,0.46,BUY,0.0,4b525368664556e6ccc44d5ef053ae47c83ed45e,1751414687682
mlb-det-wsh-2025-07-01,557544,87234411334899536602820404450799151834040607540868666391707681541636654197106,Tigers,price_change,0.54,SELL,0.0,3263433e53cab7ae37ee2ec90958faa06c7ddecb,1751414687682
mlb-det-wsh-2025-07-01,557544,87234411334899536602820404450799151834040607540868666391707681541636654197106,Tigers,price_change,0.53,SELL,200.2,fed48db38882e99588f935d1346aa693a25e0b9f,1751414721220
mlb-det-wsh-2025-07-01,557544,92299445340335107548762794212393244615564111884586020829242310950960838658911,Nationals,price_change,0.47,BUY,200.2,ddc4c7b8a953f6ba8061386c1b177b0191f9d7fc,1751414721220
mlb-det-wsh-2025-07-01,557544,87234411334899536602820404450799151834040607540868666391707681541636654197106,Tigers,price_change,0.5,BUY,1050.0,0f9a8ffcde827ac087294e574ed7154ca0d4fc6f,1751414747694
mlb-det-wsh-2025-07-01,557544,92299445340335107548762794212393244615564111884586020829242310950960838658911,Nationals,price_change,0.5,SELL,1050.0,055f2f144c683c15e2655be801ac4ef5fe97f31e,1751414747694
mlb-det-wsh-2025-07-01,557544,92299445340335107548762794212393244615564111884586020829242310950960838658911,Nationals,price_change,0.47,BUY,50.2,9ad3dc8d626ab1bbe777a4ff4f6bb7509312f18f,1751414778533
mlb-det-wsh-2025-07-01,557544,87234411334899536602820404450799151834040607540868666391707681541636654197106,Tigers,price_change,0.53,SELL,50.2,90c0d435c948f436e00db25aba08857e2f99fc7e,1751414778533
mlb-det-wsh-2025-07-01,557544,87234411334899536602820404450799151834040607540868666391707681541636654197106,Tigers,price_change,0.53,SELL,100.2,19e153aa7dde39baeea05b6b4b1e902bc3daa356,1751414778663
mlb-det-wsh-2025-07-01,557544,92299445340335107548762794212393244615564111884586020829242310950960838658911,Nationals,price_change,0.47,BUY,100.2,a84b5ec9124f1eee684d5853f97af3eec5628579,1751414778663
mlb-det-wsh-2025-07-01,557544,92299445340335107548762794212393244615564111884586020829242310950960838658911,Nationals,book,0.99,SELL,1800.0,e100ca2e5e3d91e9edbd2c325cc036af873962ce,1751415314061
mlb-det-wsh-2025-07-01,557544,92299445340335107548762794212393244615564111884586020829242310950960838658911,Nationals,book,0.98,SELL,655.0,e100ca2e5e3d91e9edbd2c325cc036af873962ce,1751415314061
mlb-det-wsh-2025-07-01,557544,92299445340335107548762794212393244615564111884586020829242310950960838658911,Nationals,book,0.97,SELL,150.0,e100ca2e5e3d91e9edbd2c325cc036af873962ce,1751415314061
mlb-det-wsh-2025-07-01,557544,92299445340335107548762794212393244615564111884586020829242310950960838658911,Nationals,book,0.54,SELL,600.0,e100ca2e5e3d91e9edbd2c325cc036af873962ce,1751415314061
mlb-det-wsh-2025-07-01,557544,92299445340335107548762794212393244615564111884586020829242310950960838658911,Nationals,book,0.51,SELL,300.0,e100ca2e5e3d91e9edbd2c325cc036af873962ce,1751415314061
mlb-det-wsh-2025-07-01,557544,92299445340335107548762794212393244615564111884586020829242310950960838658911,Nationals,book,0.5,SELL,1050.0,e100ca2e5e3d91e9edbd2c325cc036af873962ce,1751415314061
mlb-det-wsh-2025-07-01,557544,92299445340335107548762794212393244615564111884586020829242310950960838658911,Nationals,book,0.48,SELL,67.83,e100ca2e5e3d91e9edbd2c325cc036af873962ce,1751415314061
mlb-det-wsh-2025-07-01,557544,92299445340335107548762794212393244615564111884586020829242310950960838658911,Nationals,book,0.01,BUY,1300.0,e100ca2e5e3d91e9edbd2c325cc036af873962ce,1751415314061
mlb-det-wsh-2025-07-01,557544,92299445340335107548762794212393244615564111884586020829242310950960838658911,Nationals,book,0.02,BUY,405.0,e100ca2e5e3d91e9edbd2c325cc036af873962ce,1751415314061
mlb-det-wsh-2025-07-01,557544,92299445340335107548762794212393244615564111884586020829242310950960838658911,Nationals,book,0.03,BUY,150.0,e100ca2e5e3d91e9edbd2c325cc036af873962ce,1751415314061
mlb-det-wsh-2025-07-01,557544,92299445340335107548762794212393244615564111884586020829242310950960838658911,Nationals,book,0.11,BUY,600.0,e100ca2e5e3d91e9edbd2c325cc036af873962ce,1751415314061
mlb-det-wsh-2025-07-01,557544,92299445340335107548762794212393244615564111884586020829242310950960838658911,Nationals,book,0.28,BUY,350.0,e100ca2e5e3d91e9edbd2c325cc036af873962ce,1751415314061
mlb-det-wsh-2025-07-01,557544,92299445340335107548762794212393244615564111884586020829242310950960838658911,Nationals,book,0.34,BUY,140.0,e100ca2e5e3d91e9edbd2c325cc036af873962ce,1751415314061
mlb-det-wsh-2025-07-01,557544,92299445340335107548762794212393244615564111884586020829242310950960838658911,Nationals,book,0.35,BUY,181.0,e100ca2e5e3d91e9edbd2c325cc036af873962ce,1751415314061
mlb-det-wsh-2025-07-01,557544,92299445340335107548762794212393244615564111884586020829242310950960838658911,Nationals,book,0.47,BUY,81.33,e100ca2e5e3d91e9edbd2c325cc036af873962ce,1751415314061
mlb-det-wsh-2025-07-01,557544,87234411334899536602820404450799151834040607540868666391707681541636654197106,Tigers,book,0.99,SELL,1300.0,be4374e9bf0b30104c83a154862ea3e77734b2c2,1751415314061
mlb-det-wsh-2025-07-01,557544,87234411334899536602820404450799151834040607540868666391707681541636654197106,Tigers,book,0.98,SELL,405.0,be4374e9bf0b30104c83a154862ea3e77734b2c2,1751415314061
mlb-det-wsh-2025-07-01,557544,87234411334899536602820404450799151834040607540868666391707681541636654197106,Tigers,book,0.97,SELL,150.0,be4374e9bf0b30104c83a154862ea3e77734b2c2,1751415314061
mlb-det-wsh-2025-07-01,557544,87234411334899536602820404450799151834040607540868666391707681541636654197106,Tigers,book,0.89,SELL,600.0,be4374e9bf0b30104c83a154862ea3e77734b2c2,1751415314061
mlb-det-wsh-2025-07-01,557544,87234411334899536602820404450799151834040607540868666391707681541636654197106,Tigers,book,0.72,SELL,350.0,be4374e9bf0b30104c83a154862ea3e77734b2c2,1751415314061
mlb-det-wsh-2025-07-01,557544,87234411334899536602820404450799151834040607540868666391707681541636654197106,Tigers,book,0.66,SELL,140.0,be4374e9bf0b30104c83a154862ea3e77734b2c2,1751415314061
mlb-det-wsh-2025-07-01,557544,87234411334899536602820404450799151834040607540868666391707681541636654197106,Tigers,book,0.65,SELL,181.0,be4374e9bf0b30104c83a154862ea3e77734b2c2,1751415314061
mlb-det-wsh-2025-07-01,557544,87234411334899536602820404450799151834040607540868666391707681541636654197106,Tigers,book,0.53,SELL,81.33,be4374e9bf0b30104c83a154862ea3e77734b2c2,1751415314061
mlb-det-wsh-2025-07-01,557544,87234411334899536602820404450799151834040607540868666391707681541636654197106,Tigers,book,0.01,BUY,1800.0,be4374e9bf0b30104c83a154862ea3e77734b2c2,1751415314061
mlb-det-wsh-2025-07-01,557544,87234411334899536602820404450799151834040607540868666391707681541636654197106,Tigers,book,0.02,BUY,655.0,be4374e9bf0b30104c83a154862ea3e77734b2c2,1751415314061
mlb-det-wsh-2025-07-01,557544,87234411334899536602820404450799151834040607540868666391707681541636654197106,Tigers,book,0.03,BUY,150.0,be4374e9bf0b30104c83a154862ea3e77734b2c2,1751415314061
mlb-det-wsh-2025-07-01,557544,87234411334899536602820404450799151834040607540868666391707681541636654197106,Tigers,book,0.46,BUY,600.0,be4374e9bf0b30104c83a154862ea3e77734b2c2,1751415314061
mlb-det-wsh-2025-07-01,557544,87234411334899536602820404450799151834040607540868666391707681541636654197106,Tigers,book,0.49,BUY,300.0,be4374e9bf0b30104c83a154862ea3e77734b2c2,1751415314061
mlb-det-wsh-2025-07-01,557544,87234411334899536602820404450799151834040607540868666391707681541636654197106,Tigers,book,0.5,BUY,1050.0,be4374e9bf0b30104c83a154862ea3e77734b2c2,1751415314061
mlb-det-wsh-2025-07-01,557544,87234411334899536602820404450799151834040607540868666391707681541636654197106,Tigers,book,0.52,BUY,67.83,be4374e9bf0b30104c83a154862ea3e77734b2c2,1751415314061
mlb-det-wsh-2025-07-01,557544,87234411334899536602820404450799151834040607540868666391707681541636654197106,Tigers,price_change,0.62,SELL,49.18,26312d77d3ae818f27fb6ec1e2085851d692d7ea,1751415945610
mlb-det-wsh-2025-07-01,557544,92299445340335107548762794212393244615564111884586020829242310950960838658911,Nationals,price_change,0.38,BUY,49.18,23ab31f9321898bee5904c7c5ea16abee1378674,1751415945610
mlb-det-wsh-2025-07-01,557544,92299445340335107548762794212393244615564111884586020829242310950960838658911,Nationals,price_change,0.38,BUY,0.0,4c914d69546244e4f48ab0f2dd8e3fe55092c36d,1751416453088
mlb-det-wsh-2025-07-01,557544,87234411334899536602820404450799151834040607540868666391707681541636654197106,Tigers,price_change,0.62,SELL,0.0,36a1358c6bb8e78163a87c3a11127153e2148332,1751416453088
mlb-det-wsh-2025-07-01,557544,87234411334899536602820404450799151834040607540868666391707681541636654197106,Tigers,book,0.99,SELL,1300.0,7a63404235d0b3ae0fcf903ad7bb3e6aa719cd38,1751416490066
mlb-det-wsh-2025-07-01,557544,87234411334899536602820404450799151834040607540868666391707681541636654197106,Tigers,book,0.98,SELL,405.0,7a63404235d0b3ae0fcf903ad7bb3e6aa719cd38,1751416490066
mlb-det-wsh-2025-07-01,557544,87234411334899536602820404450799151834040607540868666391707681541636654197106,Tigers,book,0.97,SELL,150.0,7a63404235d0b3ae0fcf903ad7bb3e6aa719cd38,1751416490066
mlb-det-wsh-2025-07-01,557544,87234411334899536602820404450799151834040607540868666391707681541636654197106,Tigers,book,0.89,SELL,600.0,7a63404235d0b3ae0fcf903ad7bb3e6aa719cd38,1751416490066
mlb-det-wsh-2025-07-01,557544,87234411334899536602820404450799151834040607540868666391707681541636654197106,Tigers,book,0.72,SELL,350.0,7a63404235d0b3ae0fcf903ad7bb3e6aa719cd38,1751416490066
mlb-det-wsh-2025-07-01,557544,87234411334899536602820404450799151834040607540868666391707681541636654197106,Tigers,book,0.66,SELL,140.0,7a63404235d0b3ae0fcf903ad7bb3e6aa719cd38,1751416490066
mlb-det-wsh-2025-07-01,557544,87234411334899536602820404450799151834040607540868666391707681541636654197106,Tigers,book,0.65,SELL,181.0,7a63404235d0b3ae0fcf903ad7bb3e6aa719cd38,1751416490066
mlb-det-wsh-2025-07-01,557544,87234411334899536602820404450799151834040607540868666391707681541636654197106,Tigers,book,0.53,SELL,81.33,7a63404235d0b3ae0fcf903ad7bb3e6aa719cd38,1751416490066
mlb-det-wsh-2025-07-01,557544,87234411334899536602820404450799151834040607540868666391707681541636654197106,Tigers,book,0.01,BUY,1800.0,7a63404235d0b3ae0fcf903ad7bb3e6aa719cd38,1751416490066
mlb-det-wsh-2025-07-01,557544,87234411334899536602820404450799151834040607540868666391707681541636654197106,Tigers,book,0.02,BUY,655.0,7a63404235d0b3ae0fcf903ad7bb3e6aa719cd38,1751416490066
mlb-det-wsh-2025-07-01,557544,87234411334899536602820404450799151834040607540868666391707681541636654197106,Tigers,book,0.03,BUY,150.0,7a63404235d0b3ae0fcf903ad7bb3e6aa719cd38,1751416490066
mlb-det-wsh-2025-07-01,557544,87234411334899536602820404450799151834040607540868666391707681541636654197106,Tigers,book,0.46,BUY,600.0,7a63404235d0b3ae0fcf903ad7bb3e6aa719cd38,1751416490066
mlb-det-wsh-2025-07-01,557544,87234411334899536602820404450799151834040607540868666391707681541636654197106,Tigers,book,0.49,BUY,300.0,7a63404235d0b3ae0fcf903ad7bb3e6aa719cd38,1751416490066
mlb-det-wsh-2025-07-01,557544,87234411334899536602820404450799151834040607540868666391707681541636654197106,Tigers,book,0.5,BUY,1050.0,7a63404235d0b3ae0fcf903ad7bb3e6aa719cd38,1751416490066
mlb-det-wsh-2025-07-01,557544,87234411334899536602820404450799151834040607540868666391707681541636654197106,Tigers,book,0.52,BUY,18.65,7a63404235d0b3ae0fcf903ad7bb3e6aa719cd38,1751416490066
mlb-det-wsh-2025-07-01,557544,92299445340335107548762794212393244615564111884586020829242310950960838658911,Nationals,book,0.99,SELL,1800.0,89400a624c148228f3abac0579594518d4b788f8,1751416490066
mlb-det-wsh-2025-07-01,557544,92299445340335107548762794212393244615564111884586020829242310950960838658911,Nationals,book,0.98,SELL,655.0,89400a624c148228f3abac0579594518d4b788f8,1751416490066
mlb-det-wsh-2025-07-01,557544,92299445340335107548762794212393244615564111884586020829242310950960838658911,Nationals,book,0.97,SELL,150.0,89400a624c148228f3abac0579594518d4b788f8,1751416490066
mlb-det-wsh-2025-07-01,557544,92299445340335107548762794212393244615564111884586020829242310950960838658911,Nationals,book,0.54,SELL,600.0,89400a624c148228f3abac0579594518d4b788f8,1751416490066
mlb-det-wsh-2025-07-01,557544,92299445340335107548762794212393244615564111884586020829242310950960838658911,Nationals,book,0.51,SELL,300.0,89400a624c148228f3abac0579594518d4b788f8,1751416490066
mlb-det-wsh-2025-07-01,557544,92299445340335107548762794212393244615564111884586020829242310950960838658911,Nationals,book,0.5,SELL,1050.0,89400a624c148228f3abac0579594518d4b788f8,1751416490066
mlb-det-wsh-2025-07-01,557544,92299445340335107548762794212393244615564111884586020829242310950960838658911,Nationals,book,0.48,SELL,18.65,89400a624c148228f3abac0579594518d4b788f8,1751416490066
mlb-det-wsh-2025-07-01,557544,92299445340335107548762794212393244615564111884586020829242310950960838658911,Nationals,book,0.01,BUY,1300.0,89400a624c148228f3abac0579594518d4b788f8,1751416490066
mlb-det-wsh-2025-07-01,557544,92299445340335107548762794212393244615564111884586020829242310950960838658911,Nationals,book,0.02,BUY,405.0,89400a624c148228f3abac0579594518d4b788f8,1751416490066
mlb-det-wsh-2025-07-01,557544,92299445340335107548762794212393244615564111884586020829242310950960838658911,Nationals,book,0.03,BUY,150.0,89400a624c148228f3abac0579594518d4b788f8,1751416490066
mlb-det-wsh-2025-07-01,557544,92299445340335107548762794212393244615564111884586020829242310950960838658911,Nationals,book,0.11,BUY,600.0,89400a624c148228f3abac0579594518d4b788f8,1751416490066
mlb-det-wsh-2025-07-01,557544,92299445340335107548762794212393244615564111884586020829242310950960838658911,Nationals,book,0.28,BUY,350.0,89400a624c148228f3abac0579594518d4b788f8,1751416490066
mlb-det-wsh-2025-07-01,557544,92299445340335107548762794212393244615564111884586020829242310950960838658911,Nationals,book,0.34,BUY,140.0,89400a624c148228f3abac0579594518d4b788f8,1751416490066
mlb-det-wsh-2025-07-01,557544,92299445340335107548762794212393244615564111884586020829242310950960838658911,Nationals,book,0.35,BUY,181.0,89400a624c148228f3abac0579594518d4b788f8,1751416490066
mlb-det-wsh-2025-07-01,557544,92299445340335107548762794212393244615564111884586020829242310950960838658911,Nationals,book,0.47,BUY,81.33,89400a624c148228f3abac0579594518d4b788f8,1751416490066
mlb-det-wsh-2025-07-01,557544,87234411334899536602820404450799151834040607540868666391707681541636654197106,Tigers,book,0.99,SELL,1300.0,fd711804847d650e693de595a610ac85ceadf2f5,1751418093077
mlb-det-wsh-2025-07-01,557544,87234411334899536602820404450799151834040607540868666391707681541636654197106,Tigers,book,0.98,SELL,405.0,fd711804847d650e693de595a610ac85ceadf2f5,1751418093077
mlb-det-wsh-2025-07-01,557544,87234411334899536602820404450799151834040607540868666391707681541636654197106,Tigers,book,0.97,SELL,150.0,fd711804847d650e693de595a610ac85ceadf2f5,1751418093077
mlb-det-wsh-2025-07-01,557544,87234411334899536602820404450799151834040607540868666391707681541636654197106,Tigers,book,0.96,SELL,222.0,fd711804847d650e693de595a610ac85ceadf2f5,1751418093077
mlb-det-wsh-2025-07-01,557544,87234411334899536602820404450799151834040607540868666391707681541636654197106,Tigers,book,0.64,SELL,140.0,fd711804847d650e693de595a610ac85ceadf2f5,1751418093077
mlb-det-wsh-2025-07-01,557544,87234411334899536602820404450799151834040607540868666391707681541636654197106,Tigers,book,0.53,SELL,71.33,fd711804847d650e693de595a610ac85ceadf2f5,1751418093077
mlb-det-wsh-2025-07-01,557544,87234411334899536602820404450799151834040607540868666391707681541636654197106,Tigers,book,0.01,BUY,1800.0,fd711804847d650e693de595a610ac85ceadf2f5,1751418093077
mlb-det-wsh-2025-07-01,557544,87234411334899536602820404450799151834040607540868666391707681541636654197106,Tigers,book,0.02,BUY,655.0,fd711804847d650e693de595a610ac85ceadf2f5,1751418093077
mlb-det-wsh-2025-07-01,557544,87234411334899536602820404450799151834040607540868666391707681541636654197106,Tigers,book,0.03,BUY,150.0,fd711804847d650e693de595a610ac85ceadf2f5,1751418093077
mlb-det-wsh-2025-07-01,557544,87234411334899536602820404450799151834040607540868666391707681541636654197106,Tigers,book,0.5,BUY,1050.0,fd711804847d650e693de595a610ac85ceadf2f5,1751418093077
mlb-det-wsh-2025-07-01,557544,87234411334899536602820404450799151834040607540868666391707681541636654197106,Tigers,book,0.52,BUY,18.65,fd711804847d650e693de595a610ac85ceadf2f5,1751418093077
mlb-det-wsh-2025-07-01,557544,92299445340335107548762794212393244615564111884586020829242310950960838658911,Nationals,book,0.99,SELL,1800.0,573d56a6af7216bfb6f5592978f0c98709ca5c6b,1751418093077
mlb-det-wsh-2025-07-01,557544,92299445340335107548762794212393244615564111884586020829242310950960838658911,Nationals,book,0.98,SELL,655.0,573d56a6af7216bfb6f5592978f0c98709ca5c6b,1751418093077
mlb-det-wsh-2025-07-01,557544,92299445340335107548762794212393244615564111884586020829242310950960838658911,Nationals,book,0.97,SELL,150.0,573d56a6af7216bfb6f5592978f0c98709ca5c6b,1751418093077
mlb-det-wsh-2025-07-01,557544,92299445340335107548762794212393244615564111884586020829242310950960838658911,Nationals,book,0.5,SELL,1050.0,573d56a6af7216bfb6f5592978f0c98709ca5c6b,1751418093077
mlb-det-wsh-2025-07-01,557544,92299445340335107548762794212393244615564111884586020829242310950960838658911,Nationals,book,0.48,SELL,18.65,573d56a6af7216bfb6f5592978f0c98709ca5c6b,1751418093077
mlb-det-wsh-2025-07-01,557544,92299445340335107548762794212393244615564111884586020829242310950960838658911,Nationals,book,0.01,BUY,1300.0,573d56a6af7216bfb6f5592978f0c98709ca5c6b,1751418093077
mlb-det-wsh-2025-07-01,557544,92299445340335107548762794212393244615564111884586020829242310950960838658911,Nationals,book,0.02,BUY,405.0,573d56a6af7216bfb6f5592978f0c98709ca5c6b,1751418093077
mlb-det-wsh-2025-07-01,557544,92299445340335107548762794212393244615564111884586020829242310950960838658911,Nationals,book,0.03,BUY,150.0,573d56a6af7216bfb6f5592978f0c98709ca5c6b,1751418093077
mlb-det-wsh-2025-07-01,557544,92299445340335107548762794212393244615564111884586020829242310950960838658911,Nationals,book,0.04,BUY,222.0,573d56a6af7216bfb6f5592978f0c98709ca5c6b,1751418093077
mlb-det-wsh-2025-07-01,557544,92299445340335107548762794212393244615564111884586020829242310950960838658911,Nationals,book,0.36,BUY,140.0,573d56a6af7216bfb6f5592978f0c98709ca5c6b,1751418093077
mlb-det-wsh-2025-07-01,557544,92299445340335107548762794212393244615564111884586020829242310950960838658911,Nationals,book,0.47,BUY,71.33,573d56a6af7216bfb6f5592978f0c98709ca5c6b,1751418093077
mlb-det-wsh-2025-07-01,557544,87234411334899536602820404450799151834040607540868666391707681541636654197106,Tigers,price_change,0.49,BUY,300.0,09d0eebd28e00a159afe6f05076bcbfeadadb9d7,1751418940989
mlb-det-wsh-2025-07-01,557544,92299445340335107548762794212393244615564111884586020829242310950960838658911,Nationals,price_change,0.51,SELL,300.0,a6542f26ead93d941d77460b9f8065f4b43e0309,1751418940989
mlb-det-wsh-2025-07-01,557544,87234411334899536602820404450799151834040607540868666391707681541636654197106,Tigers,price_change,0.72,SELL,50.0,fb9b7451d6dfdd9f0785a8e0106a08fe9f006472,1751418966476
mlb-det-wsh-2025-07-01,557544,92299445340335107548762794212393244615564111884586020829242310950960838658911,Nationals,price_change,0.28,BUY,50.0,528a49cfdf3f0da9ca0ed5a73f7ad27dbc00f687,1751418966476
mlb-det-wsh-2025-07-01,557544,87234411334899536602820404450799151834040607540868666391707681541636654197106,Tigers,price_change,0.96,SELL,0.0,b6ba2b1878819d64b0f9a59ded64ca32e3fbe8bf,1751418966679
mlb-det-wsh-2025-07-01,557544,87234411334899536602820404450799151834040607540868666391707681541636654197106,Tigers,price_change,0.63,SELL,160.0,b6ba2b1878819d64b0f9a59ded64ca32e3fbe8bf,1751418966679
mlb-det-wsh-2025-07-01,557544,92299445340335107548762794212393244615564111884586020829242310950960838658911,Nationals,price_change,0.04,BUY,0.0,3e7c4bc0cb01ea4b2d24d20dbb190c7524d1f10b,1751418966679
mlb-det-wsh-2025-07-01,557544,92299445340335107548762794212393244615564111884586020829242310950960838658911,Nationals,price_change,0.37,BUY,160.0,3e7c4bc0cb01ea4b2d24d20dbb190c7524d1f10b,1751418966679
mlb-det-wsh-2025-07-01,557544,92299445340335107548762794212393244615564111884586020829242310950960838658911,Nationals,price_change,0.28,BUY,350.0,e483e922f55ec88a5d9887a55cdc1b49875b5d9e,1751419022619
mlb-det-wsh-2025-07-01,557544,87234411334899536602820404450799151834040607540868666391707681541636654197106,Tigers,price_change,0.72,SELL,350.0,2fc0a732efc441f327a100794d770d6228db293f,1751419022619
