market_slug,asset_id,market_id,event_type,price,side,size,hash,timestamp
mlb-chc-stl-2025-06-24,84630122945179075857446186915267309175481736122789560323680444113066073404092,,book,0.59,ask,23635,677409c88423cafefb60e5b514e50f76848cb716,1750803262054
mlb-chc-stl-2025-06-24,84630122945179075857446186915267309175481736122789560323680444113066073404092,,book,0.58,ask,50,677409c88423cafefb60e5b514e50f76848cb716,1750803262054
mlb-chc-stl-2025-06-24,84630122945179075857446186915267309175481736122789560323680444113066073404092,,book,0.57,ask,406,677409c88423cafefb60e5b514e50f76848cb716,1750803262054
mlb-chc-stl-2025-06-24,84630122945179075857446186915267309175481736122789560323680444113066073404092,,book,0.56,ask,5433,677409c88423cafefb60e5b514e50f76848cb716,1750803262054
mlb-chc-stl-2025-06-24,84630122945179075857446186915267309175481736122789560323680444113066073404092,,book,0.55,ask,23952,677409c88423cafefb60e5b514e50f76848cb716,1750803262054
mlb-chc-stl-2025-06-24,84630122945179075857446186915267309175481736122789560323680444113066073404092,,book,0.54,ask,91645,677409c88423cafefb60e5b514e50f76848cb716,1750803262054
mlb-chc-stl-2025-06-24,84630122945179075857446186915267309175481736122789560323680444113066073404092,,book,0.53,ask,58997.11,677409c88423cafefb60e5b514e50f76848cb716,1750803262054
mlb-chc-stl-2025-06-24,84630122945179075857446186915267309175481736122789560323680444113066073404092,,book,0.52,ask,46546.24,677409c88423cafefb60e5b514e50f76848cb716,1750803262054
mlb-chc-stl-2025-06-24,84630122945179075857446186915267309175481736122789560323680444113066073404092,,book,0.51,ask,5911.96,677409c88423cafefb60e5b514e50f76848cb716,1750803262054
mlb-chc-stl-2025-06-24,84630122945179075857446186915267309175481736122789560323680444113066073404092,,book,0.43,bid,23378,677409c88423cafefb60e5b514e50f76848cb716,1750803262054
mlb-chc-stl-2025-06-24,84630122945179075857446186915267309175481736122789560323680444113066073404092,,book,0.44,bid,50,677409c88423cafefb60e5b514e50f76848cb716,1750803262054
mlb-chc-stl-2025-06-24,84630122945179075857446186915267309175481736122789560323680444113066073404092,,book,0.46,bid,5427,677409c88423cafefb60e5b514e50f76848cb716,1750803262054
mlb-chc-stl-2025-06-24,84630122945179075857446186915267309175481736122789560323680444113066073404092,,book,0.47,bid,34979,677409c88423cafefb60e5b514e50f76848cb716,1750803262054
mlb-chc-stl-2025-06-24,84630122945179075857446186915267309175481736122789560323680444113066073404092,,book,0.48,bid,80760,677409c88423cafefb60e5b514e50f76848cb716,1750803262054
mlb-chc-stl-2025-06-24,84630122945179075857446186915267309175481736122789560323680444113066073404092,,book,0.49,bid,99919.52,677409c88423cafefb60e5b514e50f76848cb716,1750803262054
mlb-chc-stl-2025-06-24,84630122945179075857446186915267309175481736122789560323680444113066073404092,,book,0.5,bid,4808.33,677409c88423cafefb60e5b514e50f76848cb716,1750803262054
mlb-chc-stl-2025-06-24,16158356515116499321248377187575574897795607134134691507884644513340285617347,,book,0.57,ask,23378,325b77590c5c87f16b4631a2c28995874734e9f8,1750803262054
mlb-chc-stl-2025-06-24,16158356515116499321248377187575574897795607134134691507884644513340285617347,,book,0.56,ask,50,325b77590c5c87f16b4631a2c28995874734e9f8,1750803262054
mlb-chc-stl-2025-06-24,16158356515116499321248377187575574897795607134134691507884644513340285617347,,book,0.54,ask,5427,325b77590c5c87f16b4631a2c28995874734e9f8,1750803262054
mlb-chc-stl-2025-06-24,16158356515116499321248377187575574897795607134134691507884644513340285617347,,book,0.53,ask,34979,325b77590c5c87f16b4631a2c28995874734e9f8,1750803262054
mlb-chc-stl-2025-06-24,16158356515116499321248377187575574897795607134134691507884644513340285617347,,book,0.52,ask,80760,325b77590c5c87f16b4631a2c28995874734e9f8,1750803262054
mlb-chc-stl-2025-06-24,16158356515116499321248377187575574897795607134134691507884644513340285617347,,book,0.51,ask,99919.52,325b77590c5c87f16b4631a2c28995874734e9f8,1750803262054
mlb-chc-stl-2025-06-24,16158356515116499321248377187575574897795607134134691507884644513340285617347,,book,0.5,ask,4808.33,325b77590c5c87f16b4631a2c28995874734e9f8,1750803262054
mlb-chc-stl-2025-06-24,16158356515116499321248377187575574897795607134134691507884644513340285617347,,book,0.41,bid,23635,325b77590c5c87f16b4631a2c28995874734e9f8,1750803262054
mlb-chc-stl-2025-06-24,16158356515116499321248377187575574897795607134134691507884644513340285617347,,book,0.42,bid,50,325b77590c5c87f16b4631a2c28995874734e9f8,1750803262054
mlb-chc-stl-2025-06-24,16158356515116499321248377187575574897795607134134691507884644513340285617347,,book,0.43,bid,406,325b77590c5c87f16b4631a2c28995874734e9f8,1750803262054
mlb-chc-stl-2025-06-24,16158356515116499321248377187575574897795607134134691507884644513340285617347,,book,0.44,bid,5433,325b77590c5c87f16b4631a2c28995874734e9f8,1750803262054
mlb-chc-stl-2025-06-24,16158356515116499321248377187575574897795607134134691507884644513340285617347,,book,0.45,bid,23952,325b77590c5c87f16b4631a2c28995874734e9f8,1750803262054
mlb-chc-stl-2025-06-24,16158356515116499321248377187575574897795607134134691507884644513340285617347,,book,0.46,bid,91645,325b77590c5c87f16b4631a2c28995874734e9f8,1750803262054
mlb-chc-stl-2025-06-24,16158356515116499321248377187575574897795607134134691507884644513340285617347,,book,0.47,bid,58997.11,325b77590c5c87f16b4631a2c28995874734e9f8,1750803262054
mlb-chc-stl-2025-06-24,16158356515116499321248377187575574897795607134134691507884644513340285617347,,book,0.48,bid,46546.24,325b77590c5c87f16b4631a2c28995874734e9f8,1750803262054
mlb-chc-stl-2025-06-24,16158356515116499321248377187575574897795607134134691507884644513340285617347,,book,0.49,bid,5911.96,325b77590c5c87f16b4631a2c28995874734e9f8,1750803262054
mlb-chc-stl-2025-06-24,84630122945179075857446186915267309175481736122789560323680444113066073404092,,price_change,0.48,bid,80780,126dbac8484ddff71586565f0b800da1620ac3da,1750803268078
mlb-chc-stl-2025-06-24,16158356515116499321248377187575574897795607134134691507884644513340285617347,,price_change,0.52,ask,80780,c38eef2d1851604997c17945ebd8aa7a07d3e692,1750803268078
mlb-chc-stl-2025-06-24,84630122945179075857446186915267309175481736122789560323680444113066073404092,,price_change,0.53,ask,59017.11,6c132214d121b2e7da183cf010ff4ce3fcdbeb3b,1750803268192
mlb-chc-stl-2025-06-24,16158356515116499321248377187575574897795607134134691507884644513340285617347,,price_change,0.47,bid,59017.11,e3332e4f66505bd7662153accfc9ed86ce201e2f,1750803268192
mlb-chc-stl-2025-06-24,84630122945179075857446186915267309175481736122789560323680444113066073404092,,price_change,0.53,ask,58997.11,a7361c76dd7ac827cc4064393127f8c3322efffa,1750803327015
mlb-chc-stl-2025-06-24,84630122945179075857446186915267309175481736122789560323680444113066073404092,,price_change,0.48,bid,80760,a7361c76dd7ac827cc4064393127f8c3322efffa,1750803327015
mlb-chc-stl-2025-06-24,16158356515116499321248377187575574897795607134134691507884644513340285617347,,price_change,0.47,bid,58997.11,e2649542bdf5fdb6d331c3deaefc1e9fbe099eaa,1750803327015
mlb-chc-stl-2025-06-24,16158356515116499321248377187575574897795607134134691507884644513340285617347,,price_change,0.52,ask,80760,e2649542bdf5fdb6d331c3deaefc1e9fbe099eaa,1750803327015
mlb-chc-stl-2025-06-24,16158356515116499321248377187575574897795607134134691507884644513340285617347,,price_change,0.47,bid,59017.11,791e933b2244be049e681458c3fd057e45dee67f,1750803333206
mlb-chc-stl-2025-06-24,84630122945179075857446186915267309175481736122789560323680444113066073404092,,price_change,0.53,ask,59017.11,44198a65a1cd30998583f2a17d3d48b388d4ae06,1750803333206
mlb-chc-stl-2025-06-24,16158356515116499321248377187575574897795607134134691507884644513340285617347,,price_change,0.52,ask,80780,0782c351b3d70fd06ed0f61332c1b86a66e3a7ca,1750803333835
mlb-chc-stl-2025-06-24,84630122945179075857446186915267309175481736122789560323680444113066073404092,,price_change,0.48,bid,80780,2e79aefcddbb8dab54737eaed6c211d07339c6af,1750803333835
mlb-chc-stl-2025-06-24,84630122945179075857446186915267309175481736122789560323680444113066073404092,,price_change,0.48,bid,80760,f777efbb3d1c56206eb1242a0faf69dae8927ccc,1750803392019
mlb-chc-stl-2025-06-24,84630122945179075857446186915267309175481736122789560323680444113066073404092,,price_change,0.53,ask,58997.11,f777efbb3d1c56206eb1242a0faf69dae8927ccc,1750803392019
mlb-chc-stl-2025-06-24,16158356515116499321248377187575574897795607134134691507884644513340285617347,,price_change,0.52,ask,80760,a4d8409179ced3b90326ca5b5e3b261e923c79dd,1750803392019
mlb-chc-stl-2025-06-24,16158356515116499321248377187575574897795607134134691507884644513340285617347,,price_change,0.47,bid,58997.11,a4d8409179ced3b90326ca5b5e3b261e923c79dd,1750803392019
mlb-chc-stl-2025-06-24,16158356515116499321248377187575574897795607134134691507884644513340285617347,,price_change,0.47,bid,59017.11,e451bbc4899a80e851e61be6c1ba217f3b903058,1750803398379
mlb-chc-stl-2025-06-24,84630122945179075857446186915267309175481736122789560323680444113066073404092,,price_change,0.53,ask,59017.11,c3f055b7c6fd6b2f0921f032bc7c5f867212dc06,1750803398379
mlb-chc-stl-2025-06-24,16158356515116499321248377187575574897795607134134691507884644513340285617347,,price_change,0.52,ask,80780,819bfc0cc71714ce0ec52c874a8d40ca621307a3,1750803398687
mlb-chc-stl-2025-06-24,84630122945179075857446186915267309175481736122789560323680444113066073404092,,price_change,0.48,bid,80780,951fee810ab89ecc234b2375a8a3f48b6c22ba57,1750803398687
mlb-chc-stl-2025-06-24,16158356515116499321248377187575574897795607134134691507884644513340285617347,,price_change,0.53,ask,24341,1396adc5bf7460515d0f5f13cc4afc86a38a3fc0,1750803400531
mlb-chc-stl-2025-06-24,84630122945179075857446186915267309175481736122789560323680444113066073404092,,price_change,0.47,bid,24341,e6ea1ee1d7e4348a6acc9538f100e59446e2cab5,1750803400531
mlb-chc-stl-2025-06-24,16158356515116499321248377187575574897795607134134691507884644513340285617347,,price_change,0.52,ask,91197,4c36d473991e9d4c75e0a2b91697c5badd867071,1750803400952
mlb-chc-stl-2025-06-24,84630122945179075857446186915267309175481736122789560323680444113066073404092,,price_change,0.48,bid,91197,e2e4a6da2ef00c5ee88f7a37702fc47ce3990d55,1750803400952
mlb-chc-stl-2025-06-24,84630122945179075857446186915267309175481736122789560323680444113066073404092,,book,0.59,ask,23635,582773f6a3cef884db929e7639dc00929758f8ff,1750803453373
mlb-chc-stl-2025-06-24,84630122945179075857446186915267309175481736122789560323680444113066073404092,,book,0.58,ask,50,582773f6a3cef884db929e7639dc00929758f8ff,1750803453373
mlb-chc-stl-2025-06-24,84630122945179075857446186915267309175481736122789560323680444113066073404092,,book,0.57,ask,406,582773f6a3cef884db929e7639dc00929758f8ff,1750803453373
mlb-chc-stl-2025-06-24,84630122945179075857446186915267309175481736122789560323680444113066073404092,,book,0.56,ask,5433,582773f6a3cef884db929e7639dc00929758f8ff,1750803453373
mlb-chc-stl-2025-06-24,84630122945179075857446186915267309175481736122789560323680444113066073404092,,book,0.55,ask,23952,582773f6a3cef884db929e7639dc00929758f8ff,1750803453373
mlb-chc-stl-2025-06-24,84630122945179075857446186915267309175481736122789560323680444113066073404092,,book,0.54,ask,91645,582773f6a3cef884db929e7639dc00929758f8ff,1750803453373
mlb-chc-stl-2025-06-24,84630122945179075857446186915267309175481736122789560323680444113066073404092,,book,0.53,ask,59017.11,582773f6a3cef884db929e7639dc00929758f8ff,1750803453373
mlb-chc-stl-2025-06-24,84630122945179075857446186915267309175481736122789560323680444113066073404092,,book,0.52,ask,46546.24,582773f6a3cef884db929e7639dc00929758f8ff,1750803453373
mlb-chc-stl-2025-06-24,84630122945179075857446186915267309175481736122789560323680444113066073404092,,book,0.51,ask,5786.96,582773f6a3cef884db929e7639dc00929758f8ff,1750803453373
mlb-chc-stl-2025-06-24,84630122945179075857446186915267309175481736122789560323680444113066073404092,,book,0.43,bid,23378,582773f6a3cef884db929e7639dc00929758f8ff,1750803453373
mlb-chc-stl-2025-06-24,84630122945179075857446186915267309175481736122789560323680444113066073404092,,book,0.44,bid,50,582773f6a3cef884db929e7639dc00929758f8ff,1750803453373
mlb-chc-stl-2025-06-24,84630122945179075857446186915267309175481736122789560323680444113066073404092,,book,0.46,bid,5427,582773f6a3cef884db929e7639dc00929758f8ff,1750803453373
mlb-chc-stl-2025-06-24,84630122945179075857446186915267309175481736122789560323680444113066073404092,,book,0.47,bid,24341,582773f6a3cef884db929e7639dc00929758f8ff,1750803453373
mlb-chc-stl-2025-06-24,84630122945179075857446186915267309175481736122789560323680444113066073404092,,book,0.48,bid,91197,582773f6a3cef884db929e7639dc00929758f8ff,1750803453373
mlb-chc-stl-2025-06-24,84630122945179075857446186915267309175481736122789560323680444113066073404092,,book,0.49,bid,99919.52,582773f6a3cef884db929e7639dc00929758f8ff,1750803453373
mlb-chc-stl-2025-06-24,84630122945179075857446186915267309175481736122789560323680444113066073404092,,book,0.5,bid,4808.33,582773f6a3cef884db929e7639dc00929758f8ff,1750803453373
mlb-chc-stl-2025-06-24,16158356515116499321248377187575574897795607134134691507884644513340285617347,,book,0.57,ask,23378,a63cfa73d901e548f0a16ba83ad57a32554a585c,1750803453373
mlb-chc-stl-2025-06-24,16158356515116499321248377187575574897795607134134691507884644513340285617347,,book,0.56,ask,50,a63cfa73d901e548f0a16ba83ad57a32554a585c,1750803453373
mlb-chc-stl-2025-06-24,16158356515116499321248377187575574897795607134134691507884644513340285617347,,book,0.54,ask,5427,a63cfa73d901e548f0a16ba83ad57a32554a585c,1750803453373
mlb-chc-stl-2025-06-24,16158356515116499321248377187575574897795607134134691507884644513340285617347,,book,0.53,ask,24341,a63cfa73d901e548f0a16ba83ad57a32554a585c,1750803453373
mlb-chc-stl-2025-06-24,16158356515116499321248377187575574897795607134134691507884644513340285617347,,book,0.52,ask,91197,a63cfa73d901e548f0a16ba83ad57a32554a585c,1750803453373
mlb-chc-stl-2025-06-24,16158356515116499321248377187575574897795607134134691507884644513340285617347,,book,0.51,ask,99919.52,a63cfa73d901e548f0a16ba83ad57a32554a585c,1750803453373
mlb-chc-stl-2025-06-24,16158356515116499321248377187575574897795607134134691507884644513340285617347,,book,0.5,ask,4808.33,a63cfa73d901e548f0a16ba83ad57a32554a585c,1750803453373
mlb-chc-stl-2025-06-24,16158356515116499321248377187575574897795607134134691507884644513340285617347,,book,0.41,bid,23635,a63cfa73d901e548f0a16ba83ad57a32554a585c,1750803453373
mlb-chc-stl-2025-06-24,16158356515116499321248377187575574897795607134134691507884644513340285617347,,book,0.42,bid,50,a63cfa73d901e548f0a16ba83ad57a32554a585c,1750803453373
mlb-chc-stl-2025-06-24,16158356515116499321248377187575574897795607134134691507884644513340285617347,,book,0.43,bid,406,a63cfa73d901e548f0a16ba83ad57a32554a585c,1750803453373
mlb-chc-stl-2025-06-24,16158356515116499321248377187575574897795607134134691507884644513340285617347,,book,0.44,bid,5433,a63cfa73d901e548f0a16ba83ad57a32554a585c,1750803453373
mlb-chc-stl-2025-06-24,16158356515116499321248377187575574897795607134134691507884644513340285617347,,book,0.45,bid,23952,a63cfa73d901e548f0a16ba83ad57a32554a585c,1750803453373
mlb-chc-stl-2025-06-24,16158356515116499321248377187575574897795607134134691507884644513340285617347,,book,0.46,bid,91645,a63cfa73d901e548f0a16ba83ad57a32554a585c,1750803453373
mlb-chc-stl-2025-06-24,16158356515116499321248377187575574897795607134134691507884644513340285617347,,book,0.47,bid,59017.11,a63cfa73d901e548f0a16ba83ad57a32554a585c,1750803453373
mlb-chc-stl-2025-06-24,16158356515116499321248377187575574897795607134134691507884644513340285617347,,book,0.48,bid,46546.24,a63cfa73d901e548f0a16ba83ad57a32554a585c,1750803453373
mlb-chc-stl-2025-06-24,16158356515116499321248377187575574897795607134134691507884644513340285617347,,book,0.49,bid,5786.96,a63cfa73d901e548f0a16ba83ad57a32554a585c,1750803453373
mlb-chc-stl-2025-06-24,84630122945179075857446186915267309175481736122789560323680444113066073404092,,price_change,0.53,ask,58997.11,44b181274d472e8ecfe39ec4fc4ea09ff96c14b6,1750803458056
mlb-chc-stl-2025-06-24,84630122945179075857446186915267309175481736122789560323680444113066073404092,,price_change,0.48,bid,91177,44b181274d472e8ecfe39ec4fc4ea09ff96c14b6,1750803458056
mlb-chc-stl-2025-06-24,16158356515116499321248377187575574897795607134134691507884644513340285617347,,price_change,0.47,bid,58997.11,d3169d5bb248a8bfcc5bfc29efa3dbddbf4ef192,1750803458056
mlb-chc-stl-2025-06-24,16158356515116499321248377187575574897795607134134691507884644513340285617347,,price_change,0.52,ask,91177,d3169d5bb248a8bfcc5bfc29efa3dbddbf4ef192,1750803458056
mlb-chc-stl-2025-06-24,16158356515116499321248377187575574897795607134134691507884644513340285617347,,price_change,0.52,ask,91197,089f7172357bf5d4b26ff81f9c75ed5652ca8ec3,1750803464874
mlb-chc-stl-2025-06-24,84630122945179075857446186915267309175481736122789560323680444113066073404092,,price_change,0.48,bid,91197,00a6e735da26c0b09e68d5f80177a70134dba7b0,1750803464874
mlb-chc-stl-2025-06-24,84630122945179075857446186915267309175481736122789560323680444113066073404092,,price_change,0.53,ask,59017.11,b3bdb11adc93e4ee7aaeeb425bca67c804b2b9f6,1750803465250
mlb-chc-stl-2025-06-24,16158356515116499321248377187575574897795607134134691507884644513340285617347,,price_change,0.47,bid,59017.11,97e2ea755e22bd710d942b03a91bd9bfd0680a63,1750803465250
mlb-chc-stl-2025-06-24,16158356515116499321248377187575574897795607134134691507884644513340285617347,,price_change,0.52,ask,91177,1594f7a7fa76b3a0a2fe9b4d4f03279f47ceaca4,1750803524017
mlb-chc-stl-2025-06-24,16158356515116499321248377187575574897795607134134691507884644513340285617347,,price_change,0.47,bid,58997.11,1594f7a7fa76b3a0a2fe9b4d4f03279f47ceaca4,1750803524017
mlb-chc-stl-2025-06-24,84630122945179075857446186915267309175481736122789560323680444113066073404092,,price_change,0.48,bid,91177,5ace3f281311f738cc5ef3f5dad0993ed8b0afce,1750803524017
mlb-chc-stl-2025-06-24,84630122945179075857446186915267309175481736122789560323680444113066073404092,,price_change,0.53,ask,58997.11,5ace3f281311f738cc5ef3f5dad0993ed8b0afce,1750803524017
mlb-chc-stl-2025-06-24,16158356515116499321248377187575574897795607134134691507884644513340285617347,,price_change,0.52,ask,91197,458ac2aa3783d06adbc37cbadd899d80a8817579,1750803530697
mlb-chc-stl-2025-06-24,16158356515116499321248377187575574897795607134134691507884644513340285617347,,price_change,0.47,bid,59017.11,458ac2aa3783d06adbc37cbadd899d80a8817579,1750803530697
mlb-chc-stl-2025-06-24,84630122945179075857446186915267309175481736122789560323680444113066073404092,,price_change,0.48,bid,91197,e224f002e573a3c2beae31cfb51fac65a1975662,1750803530697
mlb-chc-stl-2025-06-24,84630122945179075857446186915267309175481736122789560323680444113066073404092,,price_change,0.53,ask,59017.11,e224f002e573a3c2beae31cfb51fac65a1975662,1750803530697
mlb-chc-stl-2025-06-24,16158356515116499321248377187575574897795607134134691507884644513340285617347,,price_change,0.52,ask,91177,f1c2ef0b1fc40ae8c7d7f562bd45ac4084f5c930,1750803589279
mlb-chc-stl-2025-06-24,16158356515116499321248377187575574897795607134134691507884644513340285617347,,price_change,0.47,bid,58997.11,f1c2ef0b1fc40ae8c7d7f562bd45ac4084f5c930,1750803589279
mlb-chc-stl-2025-06-24,84630122945179075857446186915267309175481736122789560323680444113066073404092,,price_change,0.48,bid,91177,769ad8cf8fd154005740d976ceeb4cc866b22e65,1750803589279
mlb-chc-stl-2025-06-24,84630122945179075857446186915267309175481736122789560323680444113066073404092,,price_change,0.53,ask,58997.11,769ad8cf8fd154005740d976ceeb4cc866b22e65,1750803589279
mlb-chc-stl-2025-06-24,84630122945179075857446186915267309175481736122789560323680444113066073404092,,price_change,0.48,bid,91197,c57e2906733253ca555e4814e49786bc216c0a69,1750803595833
mlb-chc-stl-2025-06-24,16158356515116499321248377187575574897795607134134691507884644513340285617347,,price_change,0.52,ask,91197,cffd362e53fd6f63991f4253d23a14dba9a7594f,1750803595833
mlb-chc-stl-2025-06-24,16158356515116499321248377187575574897795607134134691507884644513340285617347,,price_change,0.47,bid,59017.11,7bd8ec0368268fd0b1a6c808bbf0a072caa638f2,1750803596467
mlb-chc-stl-2025-06-24,84630122945179075857446186915267309175481736122789560323680444113066073404092,,price_change,0.53,ask,59017.11,06b9c63faea5daa6506b2cdcb9ec6f7141d80e36,1750803596467
mlb-chc-stl-2025-06-24,16158356515116499321248377187575574897795607134134691507884644513340285617347,,price_change,0.42,bid,0,1bb1fbdb05f42c5b1b3076ba89158fd642a01e6f,1750803615797
mlb-chc-stl-2025-06-24,84630122945179075857446186915267309175481736122789560323680444113066073404092,,price_change,0.58,ask,0,bfd441281a55071e5148d8fb1582c2ae4a40ef1a,1750803615797
mlb-chc-stl-2025-06-24,84630122945179075857446186915267309175481736122789560323680444113066073404092,,price_change,0.59,ask,23335,a03a59461a8ff1b0531b0c88afef906b5311d543,1750803616098
mlb-chc-stl-2025-06-24,16158356515116499321248377187575574897795607134134691507884644513340285617347,,price_change,0.41,bid,23335,c9248e80c04fbb9f87dc376aa94b89668ef69fe1,1750803616098
mlb-chc-stl-2025-06-24,16158356515116499321248377187575574897795607134134691507884644513340285617347,,price_change,0.41,bid,22735,aeafe30b1966865c708d6995a74916c56cf2d890,1750803616395
mlb-chc-stl-2025-06-24,84630122945179075857446186915267309175481736122789560323680444113066073404092,,price_change,0.59,ask,22735,c5d36ac27366cd43b181d78897715f23718dd4f4,1750803616395
mlb-chc-stl-2025-06-24,16158356515116499321248377187575574897795607134134691507884644513340285617347,,price_change,0.43,bid,456,02d2ab71da0c9a585a36e7b8055f9f1ec6d5967a,1750803619442
mlb-chc-stl-2025-06-24,84630122945179075857446186915267309175481736122789560323680444113066073404092,,price_change,0.57,ask,456,b19bc8722741c8cb25491c165ea85ae8f6ba642b,1750803619442
mlb-chc-stl-2025-06-24,84630122945179075857446186915267309175481736122789560323680444113066073404092,,price_change,0.58,ask,300,a75e7cdeeadafbe1b7787f3b1f0b9b0313955485,1750803630305
mlb-chc-stl-2025-06-24,16158356515116499321248377187575574897795607134134691507884644513340285617347,,price_change,0.42,bid,300,eab709cca6971e3448a14a2822f046fad4b10553,1750803630305
mlb-chc-stl-2025-06-24,16158356515116499321248377187575574897795607134134691507884644513340285617347,,price_change,0.42,bid,900,0ff4a9d3d5b2f7dc52c4e90e2b2a222a5bb113e7,1750803631480
mlb-chc-stl-2025-06-24,84630122945179075857446186915267309175481736122789560323680444113066073404092,,price_change,0.58,ask,900,aac2955491e97f439d43ab15b4e508f7528174df,1750803631480
mlb-chc-stl-2025-06-24,16158356515116499321248377187575574897795607134134691507884644513340285617347,,price_change,0.47,bid,58997.11,675fec57d465a92c8e26eb8ebf01f618abd1c438,1750803655067
mlb-chc-stl-2025-06-24,16158356515116499321248377187575574897795607134134691507884644513340285617347,,price_change,0.52,ask,91177,675fec57d465a92c8e26eb8ebf01f618abd1c438,1750803655067
mlb-chc-stl-2025-06-24,84630122945179075857446186915267309175481736122789560323680444113066073404092,,price_change,0.53,ask,58997.11,202cef4abfb42d84ce4465732234e03d46f39a85,1750803655067
mlb-chc-stl-2025-06-24,84630122945179075857446186915267309175481736122789560323680444113066073404092,,price_change,0.48,bid,91177,202cef4abfb42d84ce4465732234e03d46f39a85,1750803655067
mlb-chc-stl-2025-06-24,84630122945179075857446186915267309175481736122789560323680444113066073404092,,price_change,0.53,ask,59017.11,2e212adf86ba1fe34d446b9c9f3a12fd39f32b5b,1750803662271
mlb-chc-stl-2025-06-24,84630122945179075857446186915267309175481736122789560323680444113066073404092,,price_change,0.48,bid,91197,2e212adf86ba1fe34d446b9c9f3a12fd39f32b5b,1750803662271
mlb-chc-stl-2025-06-24,16158356515116499321248377187575574897795607134134691507884644513340285617347,,price_change,0.47,bid,59017.11,baebd831a8ce3c9a06922b6c17eafd0831700bd8,1750803662271
mlb-chc-stl-2025-06-24,16158356515116499321248377187575574897795607134134691507884644513340285617347,,price_change,0.52,ask,91197,baebd831a8ce3c9a06922b6c17eafd0831700bd8,1750803662271
mlb-chc-stl-2025-06-24,84630122945179075857446186915267309175481736122789560323680444113066073404092,,price_change,0.53,ask,58997.11,02e44db7666144b85739000134ead5546e1e978c,1750803721018
mlb-chc-stl-2025-06-24,84630122945179075857446186915267309175481736122789560323680444113066073404092,,price_change,0.48,bid,91177,02e44db7666144b85739000134ead5546e1e978c,1750803721018
mlb-chc-stl-2025-06-24,16158356515116499321248377187575574897795607134134691507884644513340285617347,,price_change,0.47,bid,58997.11,20b0b9f8db31dee1e88df8bb3b1bb2bb1a4b046c,1750803721018
mlb-chc-stl-2025-06-24,16158356515116499321248377187575574897795607134134691507884644513340285617347,,price_change,0.52,ask,91177,20b0b9f8db31dee1e88df8bb3b1bb2bb1a4b046c,1750803721018
mlb-chc-stl-2025-06-24,84630122945179075857446186915267309175481736122789560323680444113066073404092,,price_change,0.48,bid,91197,e6199868ed519a0b1fdae815bebec0940ed9331e,1750803727218
mlb-chc-stl-2025-06-24,16158356515116499321248377187575574897795607134134691507884644513340285617347,,price_change,0.52,ask,91197,a6a0be9c4e96f7cf978a48c035c920ff496bf4fa,1750803727218
mlb-chc-stl-2025-06-24,84630122945179075857446186915267309175481736122789560323680444113066073404092,,price_change,0.53,ask,59017.11,f30916f02cf446a0e72e24c85fe5cabc1e79629c,1750803727232
mlb-chc-stl-2025-06-24,16158356515116499321248377187575574897795607134134691507884644513340285617347,,price_change,0.47,bid,59017.11,3a9613b790ef651610e6100c55e812ba861adc5c,1750803727232
mlb-chc-stl-2025-06-24,84630122945179075857446186915267309175481736122789560323680444113066073404092,,price_change,0.53,ask,58997.11,fd90aa3ed936d649bc5a0667a947f60b394e3352,1750803786275
mlb-chc-stl-2025-06-24,84630122945179075857446186915267309175481736122789560323680444113066073404092,,price_change,0.48,bid,91177,fd90aa3ed936d649bc5a0667a947f60b394e3352,1750803786275
mlb-chc-stl-2025-06-24,16158356515116499321248377187575574897795607134134691507884644513340285617347,,price_change,0.47,bid,58997.11,00981e5e76933f4f941380bbdf4247a15cbe5401,1750803786275
mlb-chc-stl-2025-06-24,16158356515116499321248377187575574897795607134134691507884644513340285617347,,price_change,0.52,ask,91177,00981e5e76933f4f941380bbdf4247a15cbe5401,1750803786275
mlb-chc-stl-2025-06-24,84630122945179075857446186915267309175481736122789560323680444113066073404092,,price_change,0.53,ask,59017.11,b59c77bc8f137fc4e6200bc8a33236ac27e57c44,1750803793173
mlb-chc-stl-2025-06-24,84630122945179075857446186915267309175481736122789560323680444113066073404092,,price_change,0.48,bid,91197,b59c77bc8f137fc4e6200bc8a33236ac27e57c44,1750803793173
mlb-chc-stl-2025-06-24,16158356515116499321248377187575574897795607134134691507884644513340285617347,,price_change,0.47,bid,59017.11,700c8b87e99639131f37cfe21d9392439f594dc9,1750803793173
mlb-chc-stl-2025-06-24,16158356515116499321248377187575574897795607134134691507884644513340285617347,,price_change,0.52,ask,91197,700c8b87e99639131f37cfe21d9392439f594dc9,1750803793173
mlb-chc-stl-2025-06-24,16158356515116499321248377187575574897795607134134691507884644513340285617347,,price_change,0.52,ask,91177,fd445a7a33c7dfd67b09c3de1093a51783f69889,1750803851020
mlb-chc-stl-2025-06-24,16158356515116499321248377187575574897795607134134691507884644513340285617347,,price_change,0.47,bid,58997.11,fd445a7a33c7dfd67b09c3de1093a51783f69889,1750803851020
mlb-chc-stl-2025-06-24,84630122945179075857446186915267309175481736122789560323680444113066073404092,,price_change,0.48,bid,91177,d5ba9477ed132a1d01c47e3695a2d062ad775413,1750803851020
mlb-chc-stl-2025-06-24,84630122945179075857446186915267309175481736122789560323680444113066073404092,,price_change,0.53,ask,58997.11,d5ba9477ed132a1d01c47e3695a2d062ad775413,1750803851020
mlb-chc-stl-2025-06-24,84630122945179075857446186915267309175481736122789560323680444113066073404092,,price_change,0.53,ask,59017.11,e345e4b6bc8ad6667b06b5cbb70adcfa72fcb852,1750803857700
mlb-chc-stl-2025-06-24,16158356515116499321248377187575574897795607134134691507884644513340285617347,,price_change,0.47,bid,59017.11,835312afea9cb80b1b975cd1391980de81edb740,1750803857700
mlb-chc-stl-2025-06-24,84630122945179075857446186915267309175481736122789560323680444113066073404092,,price_change,0.48,bid,91197,1a1b52bd514b27005c5d2bb0a510db25e4ced2bd,1750803858698
mlb-chc-stl-2025-06-24,16158356515116499321248377187575574897795607134134691507884644513340285617347,,price_change,0.52,ask,91197,8aa85e78460e2283782f9be0b82dab828901617e,1750803858698
mlb-chc-stl-2025-06-24,84630122945179075857446186915267309175481736122789560323680444113066073404092,,price_change,0.48,bid,91177,7d5f04a29c0f23a6cbe25bbbb3988d1b3784d916,1750803917007
mlb-chc-stl-2025-06-24,16158356515116499321248377187575574897795607134134691507884644513340285617347,,price_change,0.52,ask,91177,a8842aa66c8b97a1b659bf7ef964d5c912f3e322,1750803917007
mlb-chc-stl-2025-06-24,84630122945179075857446186915267309175481736122789560323680444113066073404092,,price_change,0.53,ask,58997.11,c76b95982bd58da958956dad27ca08926427cb60,1750803917035
mlb-chc-stl-2025-06-24,16158356515116499321248377187575574897795607134134691507884644513340285617347,,price_change,0.47,bid,58997.11,b4e83971ab6c0b4d54c8daf24da324113460ff89,1750803917035
mlb-chc-stl-2025-06-24,16158356515116499321248377187575574897795607134134691507884644513340285617347,,price_change,0.52,ask,91197,f216cd2994509d42913a0393b416909b7f87752c,1750803923377
mlb-chc-stl-2025-06-24,84630122945179075857446186915267309175481736122789560323680444113066073404092,,price_change,0.48,bid,91197,2d7c9c21b5d581b11ebca13d660949b49e2dcd89,1750803923377
mlb-chc-stl-2025-06-24,84630122945179075857446186915267309175481736122789560323680444113066073404092,,price_change,0.53,ask,59017.11,8eade16e2a99c27b886c7322ca73bbd0c9629a4c,1750803923419
mlb-chc-stl-2025-06-24,16158356515116499321248377187575574897795607134134691507884644513340285617347,,price_change,0.47,bid,59017.11,aa92b2c08b2d65e08fadc08eaa1bd18989684573,1750803923419
mlb-chc-stl-2025-06-24,84630122945179075857446186915267309175481736122789560323680444113066073404092,,book,0.59,ask,22735,504feff120f62d52891107a9778e58ae7b10506d,1750803930075
mlb-chc-stl-2025-06-24,84630122945179075857446186915267309175481736122789560323680444113066073404092,,book,0.58,ask,900,504feff120f62d52891107a9778e58ae7b10506d,1750803930075
mlb-chc-stl-2025-06-24,84630122945179075857446186915267309175481736122789560323680444113066073404092,,book,0.57,ask,456,504feff120f62d52891107a9778e58ae7b10506d,1750803930075
mlb-chc-stl-2025-06-24,84630122945179075857446186915267309175481736122789560323680444113066073404092,,book,0.56,ask,5433,504feff120f62d52891107a9778e58ae7b10506d,1750803930075
mlb-chc-stl-2025-06-24,84630122945179075857446186915267309175481736122789560323680444113066073404092,,book,0.55,ask,23952,504feff120f62d52891107a9778e58ae7b10506d,1750803930075
mlb-chc-stl-2025-06-24,84630122945179075857446186915267309175481736122789560323680444113066073404092,,book,0.54,ask,91645,504feff120f62d52891107a9778e58ae7b10506d,1750803930075
mlb-chc-stl-2025-06-24,84630122945179075857446186915267309175481736122789560323680444113066073404092,,book,0.53,ask,59017.11,504feff120f62d52891107a9778e58ae7b10506d,1750803930075
mlb-chc-stl-2025-06-24,84630122945179075857446186915267309175481736122789560323680444113066073404092,,book,0.52,ask,46546.24,504feff120f62d52891107a9778e58ae7b10506d,1750803930075
mlb-chc-stl-2025-06-24,84630122945179075857446186915267309175481736122789560323680444113066073404092,,book,0.51,ask,5786.96,504feff120f62d52891107a9778e58ae7b10506d,1750803930075
mlb-chc-stl-2025-06-24,84630122945179075857446186915267309175481736122789560323680444113066073404092,,book,0.43,bid,23378,504feff120f62d52891107a9778e58ae7b10506d,1750803930075
mlb-chc-stl-2025-06-24,84630122945179075857446186915267309175481736122789560323680444113066073404092,,book,0.44,bid,50,504feff120f62d52891107a9778e58ae7b10506d,1750803930075
mlb-chc-stl-2025-06-24,84630122945179075857446186915267309175481736122789560323680444113066073404092,,book,0.46,bid,5427,504feff120f62d52891107a9778e58ae7b10506d,1750803930075
mlb-chc-stl-2025-06-24,84630122945179075857446186915267309175481736122789560323680444113066073404092,,book,0.47,bid,24341,504feff120f62d52891107a9778e58ae7b10506d,1750803930075
mlb-chc-stl-2025-06-24,84630122945179075857446186915267309175481736122789560323680444113066073404092,,book,0.48,bid,91197,504feff120f62d52891107a9778e58ae7b10506d,1750803930075
mlb-chc-stl-2025-06-24,84630122945179075857446186915267309175481736122789560323680444113066073404092,,book,0.49,bid,99919.52,504feff120f62d52891107a9778e58ae7b10506d,1750803930075
mlb-chc-stl-2025-06-24,84630122945179075857446186915267309175481736122789560323680444113066073404092,,book,0.5,bid,4768.33,504feff120f62d52891107a9778e58ae7b10506d,1750803930075
mlb-chc-stl-2025-06-24,16158356515116499321248377187575574897795607134134691507884644513340285617347,,book,0.57,ask,23378,18a33ea0b845199be1fe5463a6040a4b3906e238,1750803930075
mlb-chc-stl-2025-06-24,16158356515116499321248377187575574897795607134134691507884644513340285617347,,book,0.56,ask,50,18a33ea0b845199be1fe5463a6040a4b3906e238,1750803930075
mlb-chc-stl-2025-06-24,16158356515116499321248377187575574897795607134134691507884644513340285617347,,book,0.54,ask,5427,18a33ea0b845199be1fe5463a6040a4b3906e238,1750803930075
mlb-chc-stl-2025-06-24,16158356515116499321248377187575574897795607134134691507884644513340285617347,,book,0.53,ask,24341,18a33ea0b845199be1fe5463a6040a4b3906e238,1750803930075
mlb-chc-stl-2025-06-24,16158356515116499321248377187575574897795607134134691507884644513340285617347,,book,0.52,ask,91197,18a33ea0b845199be1fe5463a6040a4b3906e238,1750803930075
mlb-chc-stl-2025-06-24,16158356515116499321248377187575574897795607134134691507884644513340285617347,,book,0.51,ask,99919.52,18a33ea0b845199be1fe5463a6040a4b3906e238,1750803930075
mlb-chc-stl-2025-06-24,16158356515116499321248377187575574897795607134134691507884644513340285617347,,book,0.5,ask,4768.33,18a33ea0b845199be1fe5463a6040a4b3906e238,1750803930075
mlb-chc-stl-2025-06-24,16158356515116499321248377187575574897795607134134691507884644513340285617347,,book,0.41,bid,22735,18a33ea0b845199be1fe5463a6040a4b3906e238,1750803930075
mlb-chc-stl-2025-06-24,16158356515116499321248377187575574897795607134134691507884644513340285617347,,book,0.42,bid,900,18a33ea0b845199be1fe5463a6040a4b3906e238,1750803930075
mlb-chc-stl-2025-06-24,16158356515116499321248377187575574897795607134134691507884644513340285617347,,book,0.43,bid,456,18a33ea0b845199be1fe5463a6040a4b3906e238,1750803930075
mlb-chc-stl-2025-06-24,16158356515116499321248377187575574897795607134134691507884644513340285617347,,book,0.44,bid,5433,18a33ea0b845199be1fe5463a6040a4b3906e238,1750803930075
mlb-chc-stl-2025-06-24,16158356515116499321248377187575574897795607134134691507884644513340285617347,,book,0.45,bid,23952,18a33ea0b845199be1fe5463a6040a4b3906e238,1750803930075
mlb-chc-stl-2025-06-24,16158356515116499321248377187575574897795607134134691507884644513340285617347,,book,0.46,bid,91645,18a33ea0b845199be1fe5463a6040a4b3906e238,1750803930075
mlb-chc-stl-2025-06-24,16158356515116499321248377187575574897795607134134691507884644513340285617347,,book,0.47,bid,59017.11,18a33ea0b845199be1fe5463a6040a4b3906e238,1750803930075
mlb-chc-stl-2025-06-24,16158356515116499321248377187575574897795607134134691507884644513340285617347,,book,0.48,bid,46546.24,18a33ea0b845199be1fe5463a6040a4b3906e238,1750803930075
mlb-chc-stl-2025-06-24,16158356515116499321248377187575574897795607134134691507884644513340285617347,,book,0.49,bid,5786.96,18a33ea0b845199be1fe5463a6040a4b3906e238,1750803930075
mlb-chc-stl-2025-06-24,16158356515116499321248377187575574897795607134134691507884644513340285617347,,price_change,0.5,ask,2682.51,212b1b6b50cb5f22ff73a8e4dc473444f626e19d,1750803947935
mlb-chc-stl-2025-06-24,84630122945179075857446186915267309175481736122789560323680444113066073404092,,price_change,0.5,bid,2682.51,eff06463670e0adbb052df99be032c7022635189,1750803947935
mlb-chc-stl-2025-06-24,16158356515116499321248377187575574897795607134134691507884644513340285617347,,price_change,0.47,bid,58997.11,d0e6b7fb16b794f424c8a6b904365c0b3aa27647,1750803983017
mlb-chc-stl-2025-06-24,16158356515116499321248377187575574897795607134134691507884644513340285617347,,price_change,0.52,ask,91177,d0e6b7fb16b794f424c8a6b904365c0b3aa27647,1750803983017
mlb-chc-stl-2025-06-24,84630122945179075857446186915267309175481736122789560323680444113066073404092,,price_change,0.53,ask,58997.11,e8afabc8582d060e8ac98cf676e5fd824b9924c0,1750803983017
mlb-chc-stl-2025-06-24,84630122945179075857446186915267309175481736122789560323680444113066073404092,,price_change,0.48,bid,91177,e8afabc8582d060e8ac98cf676e5fd824b9924c0,1750803983017
mlb-chc-stl-2025-06-24,84630122945179075857446186915267309175481736122789560323680444113066073404092,,price_change,0.48,bid,91197,a2a78a32e8c9e12a085acf00e31695f96903bba5,1750803989087
mlb-chc-stl-2025-06-24,16158356515116499321248377187575574897795607134134691507884644513340285617347,,price_change,0.52,ask,91197,436b636c08f9124b922f8ec257b9bd7d89e4210c,1750803989087
mlb-chc-stl-2025-06-24,84630122945179075857446186915267309175481736122789560323680444113066073404092,,price_change,0.53,ask,59017.11,94451220c47a9f677e866440414921385fb398f2,1750803989250
mlb-chc-stl-2025-06-24,16158356515116499321248377187575574897795607134134691507884644513340285617347,,price_change,0.47,bid,59017.11,9c37f103b67221f2b7acd0047bb94192d26d9829,1750803989250
mlb-chc-stl-2025-06-24,16158356515116499321248377187575574897795607134134691507884644513340285617347,,price_change,0.52,ask,91177,861e7ac0c3fd570f6f4af73299615e1c708f6c10,1750804048021
mlb-chc-stl-2025-06-24,16158356515116499321248377187575574897795607134134691507884644513340285617347,,price_change,0.47,bid,58997.11,861e7ac0c3fd570f6f4af73299615e1c708f6c10,1750804048021
mlb-chc-stl-2025-06-24,84630122945179075857446186915267309175481736122789560323680444113066073404092,,price_change,0.48,bid,91177,7c033fb88ac83aa1ee882ee5607fd729bdad8128,1750804048021
mlb-chc-stl-2025-06-24,84630122945179075857446186915267309175481736122789560323680444113066073404092,,price_change,0.53,ask,58997.11,7c033fb88ac83aa1ee882ee5607fd729bdad8128,1750804048021
mlb-chc-stl-2025-06-24,84630122945179075857446186915267309175481736122789560323680444113066073404092,,price_change,0.53,ask,59017.11,f21eef7e226569145ec1525854b14d254a532d8d,1750804054064
mlb-chc-stl-2025-06-24,16158356515116499321248377187575574897795607134134691507884644513340285617347,,price_change,0.47,bid,59017.11,b8a208a41d1600af291057e30826bb14e3c8b2da,1750804054064
mlb-chc-stl-2025-06-24,16158356515116499321248377187575574897795607134134691507884644513340285617347,,price_change,0.52,ask,91197,14a1f9249367b112e602230b560d95fcbf33bd69,1750804054352
mlb-chc-stl-2025-06-24,84630122945179075857446186915267309175481736122789560323680444113066073404092,,price_change,0.48,bid,91197,3d14ad88d3c7a4bb76c0f76ad86f27274bea0b2e,1750804054352
mlb-chc-stl-2025-06-24,16158356515116499321248377187575574897795607134134691507884644513340285617347,,price_change,0.52,ask,91177,d3908d1afca7b60166b51620616cb4ab11e7759f,1750804113024
mlb-chc-stl-2025-06-24,16158356515116499321248377187575574897795607134134691507884644513340285617347,,price_change,0.47,bid,58997.11,d3908d1afca7b60166b51620616cb4ab11e7759f,1750804113024
mlb-chc-stl-2025-06-24,84630122945179075857446186915267309175481736122789560323680444113066073404092,,price_change,0.48,bid,91177,54dfdce4a8a5a38d24a51e22d767a1c34f3ab38d,1750804113024
mlb-chc-stl-2025-06-24,84630122945179075857446186915267309175481736122789560323680444113066073404092,,price_change,0.53,ask,58997.11,54dfdce4a8a5a38d24a51e22d767a1c34f3ab38d,1750804113024
mlb-chc-stl-2025-06-24,16158356515116499321248377187575574897795607134134691507884644513340285617347,,price_change,0.47,bid,59017.11,24a0c389444b601ce8f645de9b9443e383905724,1750804118716
mlb-chc-stl-2025-06-24,84630122945179075857446186915267309175481736122789560323680444113066073404092,,price_change,0.53,ask,59017.11,2418fc2390a91bef7f37febf612a0e13ee25b966,1750804118716
mlb-chc-stl-2025-06-24,84630122945179075857446186915267309175481736122789560323680444113066073404092,,price_change,0.48,bid,91197,698419a550ed6b5e7dc693cff6ef7de9fe84c218,1750804118829
mlb-chc-stl-2025-06-24,16158356515116499321248377187575574897795607134134691507884644513340285617347,,price_change,0.52,ask,91197,4714a4e8e76afc007c2a0257efbdd46cf9551250,1750804118829
mlb-chc-stl-2025-06-24,84630122945179075857446186915267309175481736122789560323680444113066073404092,,price_change,0.49,bid,99103.52,039f125424a6b6f8f4fa0fd31f4b9cdebfe2a542,1750804148012
mlb-chc-stl-2025-06-24,84630122945179075857446186915267309175481736122789560323680444113066073404092,,price_change,0.53,ask,58166.11,039f125424a6b6f8f4fa0fd31f4b9cdebfe2a542,1750804148012
mlb-chc-stl-2025-06-24,16158356515116499321248377187575574897795607134134691507884644513340285617347,,price_change,0.51,ask,99103.52,cb463338dc0209a3a880650c929a85d4e2936402,1750804148012
mlb-chc-stl-2025-06-24,16158356515116499321248377187575574897795607134134691507884644513340285617347,,price_change,0.47,bid,58166.11,cb463338dc0209a3a880650c929a85d4e2936402,1750804148012
mlb-chc-stl-2025-06-24,16158356515116499321248377187575574897795607134134691507884644513340285617347,,price_change,0.51,ask,99919.52,0ae5b795e7121221c2620367d29b8496ba5a4878,1750804148256
mlb-chc-stl-2025-06-24,84630122945179075857446186915267309175481736122789560323680444113066073404092,,price_change,0.49,bid,99919.52,98c87acbfdbd72c004586e75d7623506e4d2bf99,1750804148256
mlb-chc-stl-2025-06-24,84630122945179075857446186915267309175481736122789560323680444113066073404092,,price_change,0.53,ask,59017.11,f580af4a2e64eb04cf603b616896df11100a0be9,1750804148380
mlb-chc-stl-2025-06-24,16158356515116499321248377187575574897795607134134691507884644513340285617347,,price_change,0.47,bid,59017.11,615c8f5a41d431911af344db1dee6660801ae0cd,1750804148380
mlb-chc-stl-2025-06-24,84630122945179075857446186915267309175481736122789560323680444113066073404092,,price_change,0.53,ask,58997.11,5251715ac2292c2ef78008d9a8105dbe67d50e1c,1750804178015
mlb-chc-stl-2025-06-24,84630122945179075857446186915267309175481736122789560323680444113066073404092,,price_change,0.48,bid,91177,5251715ac2292c2ef78008d9a8105dbe67d50e1c,1750804178015
mlb-chc-stl-2025-06-24,16158356515116499321248377187575574897795607134134691507884644513340285617347,,price_change,0.47,bid,58997.11,5f8f00e28b86382ce496ca4727efbbc0d8e1731f,1750804178015
mlb-chc-stl-2025-06-24,16158356515116499321248377187575574897795607134134691507884644513340285617347,,price_change,0.52,ask,91177,5f8f00e28b86382ce496ca4727efbbc0d8e1731f,1750804178015
mlb-chc-stl-2025-06-24,16158356515116499321248377187575574897795607134134691507884644513340285617347,,price_change,0.52,ask,91197,bee70e53635bc0d69e1b6d30352d4ce8adb6d352,1750804183935
mlb-chc-stl-2025-06-24,16158356515116499321248377187575574897795607134134691507884644513340285617347,,price_change,0.47,bid,59017.11,bee70e53635bc0d69e1b6d30352d4ce8adb6d352,1750804183935
mlb-chc-stl-2025-06-24,84630122945179075857446186915267309175481736122789560323680444113066073404092,,price_change,0.48,bid,91197,ca58bad45fdea38142d673f355b81e2197fe292a,1750804183935
mlb-chc-stl-2025-06-24,84630122945179075857446186915267309175481736122789560323680444113066073404092,,price_change,0.53,ask,59017.11,ca58bad45fdea38142d673f355b81e2197fe292a,1750804183935
mlb-chc-stl-2025-06-24,84630122945179075857446186915267309175481736122789560323680444113066073404092,,price_change,0.48,bid,91177,709831fd852d0566864beda3b9e36faf4dec1e33,1750804243026
mlb-chc-stl-2025-06-24,84630122945179075857446186915267309175481736122789560323680444113066073404092,,price_change,0.53,ask,58997.11,709831fd852d0566864beda3b9e36faf4dec1e33,1750804243026
mlb-chc-stl-2025-06-24,16158356515116499321248377187575574897795607134134691507884644513340285617347,,price_change,0.52,ask,91177,00c05c6cbff804a8c18eb02caf20fb6148d0d3ca,1750804243026
mlb-chc-stl-2025-06-24,16158356515116499321248377187575574897795607134134691507884644513340285617347,,price_change,0.47,bid,58997.11,00c05c6cbff804a8c18eb02caf20fb6148d0d3ca,1750804243026
mlb-chc-stl-2025-06-24,16158356515116499321248377187575574897795607134134691507884644513340285617347,,price_change,0.47,bid,59017.11,690231ec88d41d8a7dc4ad466ff930baf2282c92,1750804249597
mlb-chc-stl-2025-06-24,84630122945179075857446186915267309175481736122789560323680444113066073404092,,price_change,0.53,ask,59017.11,0f6bc7ffa98718d04a6d826418b05ee6be1f5ed5,1750804249597
mlb-chc-stl-2025-06-24,16158356515116499321248377187575574897795607134134691507884644513340285617347,,price_change,0.52,ask,91197,5037cf0ed5c7297385fd86e3177a163edf3757ae,1750804249806
mlb-chc-stl-2025-06-24,84630122945179075857446186915267309175481736122789560323680444113066073404092,,price_change,0.48,bid,91197,e381d95d0774911a9b97b01dea7f0dff1639c0a8,1750804249806
mlb-chc-stl-2025-06-24,84630122945179075857446186915267309175481736122789560323680444113066073404092,,price_change,0.53,ask,58997.11,2988faa201b0407497df9bb2fdee23e1ca5833a3,1750804309016
mlb-chc-stl-2025-06-24,84630122945179075857446186915267309175481736122789560323680444113066073404092,,price_change,0.48,bid,91177,2988faa201b0407497df9bb2fdee23e1ca5833a3,1750804309016
mlb-chc-stl-2025-06-24,16158356515116499321248377187575574897795607134134691507884644513340285617347,,price_change,0.47,bid,58997.11,c8ea93c1b509dbedfa7b8a93b12c9ab8152ebe10,1750804309016
mlb-chc-stl-2025-06-24,16158356515116499321248377187575574897795607134134691507884644513340285617347,,price_change,0.52,ask,91177,c8ea93c1b509dbedfa7b8a93b12c9ab8152ebe10,1750804309016
mlb-chc-stl-2025-06-24,84630122945179075857446186915267309175481736122789560323680444113066073404092,,price_change,0.53,ask,59017.11,5a74583360bdb3768654263490d996ad24afb250,1750804314434
mlb-chc-stl-2025-06-24,16158356515116499321248377187575574897795607134134691507884644513340285617347,,price_change,0.47,bid,59017.11,7a7b564469ba5e9d5012fce62bd519ec9a00a4ef,1750804314434
mlb-chc-stl-2025-06-24,84630122945179075857446186915267309175481736122789560323680444113066073404092,,price_change,0.48,bid,91197,3fa5fab4fb79a84e04b4d3effcfc0f01fc21b497,1750804314457
mlb-chc-stl-2025-06-24,16158356515116499321248377187575574897795607134134691507884644513340285617347,,price_change,0.52,ask,91197,3329b94be2af8ca2feb9bb19e029bbd583200dcd,1750804314457
mlb-chc-stl-2025-06-24,16158356515116499321248377187575574897795607134134691507884644513340285617347,,price_change,0.47,bid,58997.11,79057aa7078fd4f0e77f181c70797c44590de409,1750804373017
mlb-chc-stl-2025-06-24,16158356515116499321248377187575574897795607134134691507884644513340285617347,,price_change,0.52,ask,91177,79057aa7078fd4f0e77f181c70797c44590de409,1750804373017
mlb-chc-stl-2025-06-24,84630122945179075857446186915267309175481736122789560323680444113066073404092,,price_change,0.53,ask,58997.11,c5c9c1f27b31e79dc490b976b3f307d31de24145,1750804373017
mlb-chc-stl-2025-06-24,84630122945179075857446186915267309175481736122789560323680444113066073404092,,price_change,0.48,bid,91177,c5c9c1f27b31e79dc490b976b3f307d31de24145,1750804373017
mlb-chc-stl-2025-06-24,16158356515116499321248377187575574897795607134134691507884644513340285617347,,price_change,0.47,bid,59017.11,4af69f57585cef5d951942f85512514d4fa763cf,1750804379754
mlb-chc-stl-2025-06-24,16158356515116499321248377187575574897795607134134691507884644513340285617347,,price_change,0.52,ask,91197,4af69f57585cef5d951942f85512514d4fa763cf,1750804379754
mlb-chc-stl-2025-06-24,84630122945179075857446186915267309175481736122789560323680444113066073404092,,price_change,0.53,ask,59017.11,d688375d72059680593bf4aca2880ead5761a83c,1750804379754
mlb-chc-stl-2025-06-24,84630122945179075857446186915267309175481736122789560323680444113066073404092,,price_change,0.48,bid,91197,d688375d72059680593bf4aca2880ead5761a83c,1750804379754
mlb-chc-stl-2025-06-24,16158356515116499321248377187575574897795607134134691507884644513340285617347,,price_change,0.01,bid,150,bcf628ea537b7408d554d1874a738612b77ca115,1750804380364
mlb-chc-stl-2025-06-24,84630122945179075857446186915267309175481736122789560323680444113066073404092,,price_change,0.99,ask,150,ce60d364311e55d406e38f4a6fab14f62e7ecf6b,1750804380364
mlb-chc-stl-2025-06-24,16158356515116499321248377187575574897795607134134691507884644513340285617347,,price_change,0.52,ask,91177,e8a11a6490ea32523a70645eca46980c763a1d15,1750804438018
mlb-chc-stl-2025-06-24,16158356515116499321248377187575574897795607134134691507884644513340285617347,,price_change,0.47,bid,58997.11,e8a11a6490ea32523a70645eca46980c763a1d15,1750804438018
mlb-chc-stl-2025-06-24,84630122945179075857446186915267309175481736122789560323680444113066073404092,,price_change,0.48,bid,91177,e789aa7987d8feff793e46baab82177566367c34,1750804438018
mlb-chc-stl-2025-06-24,84630122945179075857446186915267309175481736122789560323680444113066073404092,,price_change,0.53,ask,58997.11,e789aa7987d8feff793e46baab82177566367c34,1750804438018
mlb-chc-stl-2025-06-24,16158356515116499321248377187575574897795607134134691507884644513340285617347,,price_change,0.52,ask,91197,15b14925bc31767c8436e62fe03e9b0f92920b19,1750804444423
mlb-chc-stl-2025-06-24,84630122945179075857446186915267309175481736122789560323680444113066073404092,,price_change,0.48,bid,91197,e198dfe6583d132ffb941288bee1afd926083058,1750804444423
mlb-chc-stl-2025-06-24,16158356515116499321248377187575574897795607134134691507884644513340285617347,,price_change,0.47,bid,59017.11,76ddaa5d0651ed71e76dc8a0a1591808aedcdaa7,1750804444789
mlb-chc-stl-2025-06-24,84630122945179075857446186915267309175481736122789560323680444113066073404092,,price_change,0.53,ask,59017.11,f80bff87816eb28de8393dd2d9e383ea045ca8c4,1750804444789
mlb-chc-stl-2025-06-24,16158356515116499321248377187575574897795607134134691507884644513340285617347,,price_change,0.52,ask,91177,81c9d8112f613a11c37424d6b056b78e516b29f5,1750804503017
mlb-chc-stl-2025-06-24,16158356515116499321248377187575574897795607134134691507884644513340285617347,,price_change,0.47,bid,58997.11,81c9d8112f613a11c37424d6b056b78e516b29f5,1750804503017
mlb-chc-stl-2025-06-24,84630122945179075857446186915267309175481736122789560323680444113066073404092,,price_change,0.48,bid,91177,2172e8c6807380eaf7e6e69295e923e5d3af76ed,1750804503017
mlb-chc-stl-2025-06-24,84630122945179075857446186915267309175481736122789560323680444113066073404092,,price_change,0.53,ask,58997.11,2172e8c6807380eaf7e6e69295e923e5d3af76ed,1750804503017
mlb-chc-stl-2025-06-24,84630122945179075857446186915267309175481736122789560323680444113066073404092,,price_change,0.53,ask,59017.11,159d2e6c26b346c612a1a3d7022a94c69ac2fa27,1750804509879
mlb-chc-stl-2025-06-24,84630122945179075857446186915267309175481736122789560323680444113066073404092,,price_change,0.48,bid,91197,159d2e6c26b346c612a1a3d7022a94c69ac2fa27,1750804509879
mlb-chc-stl-2025-06-24,16158356515116499321248377187575574897795607134134691507884644513340285617347,,price_change,0.47,bid,59017.11,98f5fcd39a18018708bcff7fbec6092186664c47,1750804509879
mlb-chc-stl-2025-06-24,16158356515116499321248377187575574897795607134134691507884644513340285617347,,price_change,0.52,ask,91197,98f5fcd39a18018708bcff7fbec6092186664c47,1750804509879
mlb-chc-stl-2025-06-24,84630122945179075857446186915267309175481736122789560323680444113066073404092,,price_change,0.99,ask,375,fd9605a9bbae70efa3cc0febad71c6d9c3f50d7c,1750804527524
mlb-chc-stl-2025-06-24,16158356515116499321248377187575574897795607134134691507884644513340285617347,,price_change,0.01,bid,375,13001831308253196bc4fa009cf55fee6a66fee7,1750804527524
mlb-chc-stl-2025-06-24,84630122945179075857446186915267309175481736122789560323680444113066073404092,,price_change,0.01,bid,225,6acfa00fa74616880af6f4637d8b168603f198d0,1750804527573
mlb-chc-stl-2025-06-24,16158356515116499321248377187575574897795607134134691507884644513340285617347,,price_change,0.99,ask,225,683490fbfe605506be7d83bb2138350b0a7e18be,1750804527573
mlb-chc-stl-2025-06-24,16158356515116499321248377187575574897795607134134691507884644513340285617347,,price_change,0.99,ask,0,3dac0c1afb5749e89e62ca3819084b1e09307d79,1750804537468
mlb-chc-stl-2025-06-24,84630122945179075857446186915267309175481736122789560323680444113066073404092,,price_change,0.01,bid,0,71e29e7c7a5aac6b85bde9d72b63b74e9c3972cf,1750804537468
mlb-chc-stl-2025-06-24,84630122945179075857446186915267309175481736122789560323680444113066073404092,,price_change,0.99,ask,150,aefedc409d85a5e0ac8dcfb5d99024564b5d3d6f,1750804537561
mlb-chc-stl-2025-06-24,16158356515116499321248377187575574897795607134134691507884644513340285617347,,price_change,0.01,bid,150,09fa2f86ddf9637fd7d74e55d30bcc0a603da749,1750804537561
mlb-chc-stl-2025-06-24,84630122945179075857446186915267309175481736122789560323680444113066073404092,,price_change,0.48,bid,91177,ea176bc8400f29a3acdfd7eb2e5739b93deb02a5,1750804569023
mlb-chc-stl-2025-06-24,84630122945179075857446186915267309175481736122789560323680444113066073404092,,price_change,0.53,ask,58997.11,ea176bc8400f29a3acdfd7eb2e5739b93deb02a5,1750804569023
mlb-chc-stl-2025-06-24,16158356515116499321248377187575574897795607134134691507884644513340285617347,,price_change,0.52,ask,91177,f53bb741badf35750372fa0a1294323986dcce80,1750804569023
mlb-chc-stl-2025-06-24,16158356515116499321248377187575574897795607134134691507884644513340285617347,,price_change,0.47,bid,58997.11,f53bb741badf35750372fa0a1294323986dcce80,1750804569023
mlb-chc-stl-2025-06-24,16158356515116499321248377187575574897795607134134691507884644513340285617347,,price_change,0.47,bid,59017.11,d41144b9e19f57fda9111c0fb5fcb5c0b29d6038,1750804574715
mlb-chc-stl-2025-06-24,84630122945179075857446186915267309175481736122789560323680444113066073404092,,price_change,0.53,ask,59017.11,413b64f11890b8788d1861a45afb027f292aa8c5,1750804574715
mlb-chc-stl-2025-06-24,84630122945179075857446186915267309175481736122789560323680444113066073404092,,price_change,0.48,bid,91197,47ef5e61417f416dcdbcd1caf1598d582574bb21,1750804575108
mlb-chc-stl-2025-06-24,16158356515116499321248377187575574897795607134134691507884644513340285617347,,price_change,0.52,ask,91197,5dc0060d453ba2a6acbff72a5947ba19bb84197b,1750804575108
mlb-chc-stl-2025-06-24,84630122945179075857446186915267309175481736122789560323680444113066073404092,,price_change,0.48,bid,91177,d21d079630ebd830c4483ba599b41b76c65c4125,1750804634018
mlb-chc-stl-2025-06-24,84630122945179075857446186915267309175481736122789560323680444113066073404092,,price_change,0.53,ask,58997.11,d21d079630ebd830c4483ba599b41b76c65c4125,1750804634018
mlb-chc-stl-2025-06-24,16158356515116499321248377187575574897795607134134691507884644513340285617347,,price_change,0.52,ask,91177,6f4bb8bace229a539643555e2dd5ae31bdeff29a,1750804634018
mlb-chc-stl-2025-06-24,16158356515116499321248377187575574897795607134134691507884644513340285617347,,price_change,0.47,bid,58997.11,6f4bb8bace229a539643555e2dd5ae31bdeff29a,1750804634018
mlb-chc-stl-2025-06-24,84630122945179075857446186915267309175481736122789560323680444113066073404092,,price_change,0.53,ask,59017.11,e65ac8d968a4f54241486a274120485bf462e4ca,1750804639764
mlb-chc-stl-2025-06-24,16158356515116499321248377187575574897795607134134691507884644513340285617347,,price_change,0.47,bid,59017.11,62ec379338dc60531a03f6aa66d31d420e07412b,1750804639764
mlb-chc-stl-2025-06-24,16158356515116499321248377187575574897795607134134691507884644513340285617347,,price_change,0.52,ask,91197,a44a0da9317b213fd56ada99a4ce5e18677e0ef9,1750804640212
mlb-chc-stl-2025-06-24,84630122945179075857446186915267309175481736122789560323680444113066073404092,,price_change,0.48,bid,91197,53688d5a36889c6817d2ae40c0d1666fcecb365b,1750804640212
mlb-chc-stl-2025-06-24,84630122945179075857446186915267309175481736122789560323680444113066073404092,,price_change,0.53,ask,58997.11,874fc9882343fe6e7bdf90a5903ced3ce903447f,1750804699172
mlb-chc-stl-2025-06-24,84630122945179075857446186915267309175481736122789560323680444113066073404092,,price_change,0.48,bid,91177,874fc9882343fe6e7bdf90a5903ced3ce903447f,1750804699172
mlb-chc-stl-2025-06-24,16158356515116499321248377187575574897795607134134691507884644513340285617347,,price_change,0.47,bid,58997.11,30044f44d8dc444692d6fc42f5218755fa09e8fc,1750804699172
mlb-chc-stl-2025-06-24,16158356515116499321248377187575574897795607134134691507884644513340285617347,,price_change,0.52,ask,91177,30044f44d8dc444692d6fc42f5218755fa09e8fc,1750804699172
mlb-chc-stl-2025-06-24,84630122945179075857446186915267309175481736122789560323680444113066073404092,,price_change,0.48,bid,91197,f1849b3ac19e783194bbd023dea05cfdf5b07d40,1750804705645
mlb-chc-stl-2025-06-24,84630122945179075857446186915267309175481736122789560323680444113066073404092,,price_change,0.53,ask,59017.11,f1849b3ac19e783194bbd023dea05cfdf5b07d40,1750804705645
mlb-chc-stl-2025-06-24,16158356515116499321248377187575574897795607134134691507884644513340285617347,,price_change,0.52,ask,91197,e1544c88c618a2024f97f8ccfc78f8c4c06a01a5,1750804705645
mlb-chc-stl-2025-06-24,16158356515116499321248377187575574897795607134134691507884644513340285617347,,price_change,0.47,bid,59017.11,e1544c88c618a2024f97f8ccfc78f8c4c06a01a5,1750804705645
mlb-chc-stl-2025-06-24,16158356515116499321248377187575574897795607134134691507884644513340285617347,,price_change,0.47,bid,58997.11,01821a539d9eaec989169e48485f01d21e579f85,1750804764012
mlb-chc-stl-2025-06-24,84630122945179075857446186915267309175481736122789560323680444113066073404092,,price_change,0.53,ask,58997.11,3376b71e48513cac4d91415f0e172fb95eee959d,1750804764012
mlb-chc-stl-2025-06-24,84630122945179075857446186915267309175481736122789560323680444113066073404092,,price_change,0.48,bid,91177,b79198210a348c3d75632f699a6659475b72322e,1750804764048
mlb-chc-stl-2025-06-24,16158356515116499321248377187575574897795607134134691507884644513340285617347,,price_change,0.52,ask,91177,6e78ac3d111ea8fee55ae263b95d36e6ab777a2c,1750804764048
mlb-chc-stl-2025-06-24,16158356515116499321248377187575574897795607134134691507884644513340285617347,,price_change,0.52,ask,91197,68512c2c358522a817f681d0d58880f4e93f0334,1750804770268
mlb-chc-stl-2025-06-24,16158356515116499321248377187575574897795607134134691507884644513340285617347,,price_change,0.47,bid,59017.11,68512c2c358522a817f681d0d58880f4e93f0334,1750804770268
mlb-chc-stl-2025-06-24,84630122945179075857446186915267309175481736122789560323680444113066073404092,,price_change,0.48,bid,91197,61f69be06605c8aa56eb4f236aff1e3b70bbfb9c,1750804770268
mlb-chc-stl-2025-06-24,84630122945179075857446186915267309175481736122789560323680444113066073404092,,price_change,0.53,ask,59017.11,61f69be06605c8aa56eb4f236aff1e3b70bbfb9c,1750804770268
mlb-chc-stl-2025-06-24,84630122945179075857446186915267309175481736122789560323680444113066073404092,,price_change,0.48,bid,91177,f486273419383c2877d8ee522708a8e1c44905fa,1750804829017
mlb-chc-stl-2025-06-24,84630122945179075857446186915267309175481736122789560323680444113066073404092,,price_change,0.53,ask,58997.11,f486273419383c2877d8ee522708a8e1c44905fa,1750804829017
mlb-chc-stl-2025-06-24,16158356515116499321248377187575574897795607134134691507884644513340285617347,,price_change,0.52,ask,91177,910a8ee4200ca2da659cf8aa94749184c63436d2,1750804829017
mlb-chc-stl-2025-06-24,16158356515116499321248377187575574897795607134134691507884644513340285617347,,price_change,0.47,bid,58997.11,910a8ee4200ca2da659cf8aa94749184c63436d2,1750804829017
mlb-chc-stl-2025-06-24,16158356515116499321248377187575574897795607134134691507884644513340285617347,,price_change,0.47,bid,59017.11,be32afbd2fadeba105ef4d15b04d30cf3dfa0b7d,1750804835407
mlb-chc-stl-2025-06-24,16158356515116499321248377187575574897795607134134691507884644513340285617347,,price_change,0.52,ask,91197,be32afbd2fadeba105ef4d15b04d30cf3dfa0b7d,1750804835407
mlb-chc-stl-2025-06-24,84630122945179075857446186915267309175481736122789560323680444113066073404092,,price_change,0.53,ask,59017.11,eff9af55f315e4ae574d086f1bf4979c9d9b44e4,1750804835407
mlb-chc-stl-2025-06-24,84630122945179075857446186915267309175481736122789560323680444113066073404092,,price_change,0.48,bid,91197,eff9af55f315e4ae574d086f1bf4979c9d9b44e4,1750804835407
mlb-chc-stl-2025-06-24,84630122945179075857446186915267309175481736122789560323680444113066073404092,,book,0.99,ask,150,448353492fa18c8162624b1a0c0759324f743a84,1750804848889
mlb-chc-stl-2025-06-24,84630122945179075857446186915267309175481736122789560323680444113066073404092,,book,0.59,ask,22735,448353492fa18c8162624b1a0c0759324f743a84,1750804848889
mlb-chc-stl-2025-06-24,84630122945179075857446186915267309175481736122789560323680444113066073404092,,book,0.58,ask,900,448353492fa18c8162624b1a0c0759324f743a84,1750804848889
mlb-chc-stl-2025-06-24,84630122945179075857446186915267309175481736122789560323680444113066073404092,,book,0.57,ask,456,448353492fa18c8162624b1a0c0759324f743a84,1750804848889
mlb-chc-stl-2025-06-24,84630122945179075857446186915267309175481736122789560323680444113066073404092,,book,0.56,ask,5433,448353492fa18c8162624b1a0c0759324f743a84,1750804848889
mlb-chc-stl-2025-06-24,84630122945179075857446186915267309175481736122789560323680444113066073404092,,book,0.55,ask,23952,448353492fa18c8162624b1a0c0759324f743a84,1750804848889
mlb-chc-stl-2025-06-24,84630122945179075857446186915267309175481736122789560323680444113066073404092,,book,0.54,ask,91645,448353492fa18c8162624b1a0c0759324f743a84,1750804848889
mlb-chc-stl-2025-06-24,84630122945179075857446186915267309175481736122789560323680444113066073404092,,book,0.53,ask,59017.11,448353492fa18c8162624b1a0c0759324f743a84,1750804848889
mlb-chc-stl-2025-06-24,84630122945179075857446186915267309175481736122789560323680444113066073404092,,book,0.52,ask,46546.24,448353492fa18c8162624b1a0c0759324f743a84,1750804848889
mlb-chc-stl-2025-06-24,84630122945179075857446186915267309175481736122789560323680444113066073404092,,book,0.51,ask,5786.96,448353492fa18c8162624b1a0c0759324f743a84,1750804848889
mlb-chc-stl-2025-06-24,84630122945179075857446186915267309175481736122789560323680444113066073404092,,book,0.43,bid,23378,448353492fa18c8162624b1a0c0759324f743a84,1750804848889
mlb-chc-stl-2025-06-24,84630122945179075857446186915267309175481736122789560323680444113066073404092,,book,0.44,bid,50,448353492fa18c8162624b1a0c0759324f743a84,1750804848889
mlb-chc-stl-2025-06-24,84630122945179075857446186915267309175481736122789560323680444113066073404092,,book,0.46,bid,5427,448353492fa18c8162624b1a0c0759324f743a84,1750804848889
mlb-chc-stl-2025-06-24,84630122945179075857446186915267309175481736122789560323680444113066073404092,,book,0.47,bid,24341,448353492fa18c8162624b1a0c0759324f743a84,1750804848889
mlb-chc-stl-2025-06-24,84630122945179075857446186915267309175481736122789560323680444113066073404092,,book,0.48,bid,91197,448353492fa18c8162624b1a0c0759324f743a84,1750804848889
mlb-chc-stl-2025-06-24,84630122945179075857446186915267309175481736122789560323680444113066073404092,,book,0.49,bid,99919.52,448353492fa18c8162624b1a0c0759324f743a84,1750804848889
mlb-chc-stl-2025-06-24,84630122945179075857446186915267309175481736122789560323680444113066073404092,,book,0.5,bid,2082.51,448353492fa18c8162624b1a0c0759324f743a84,1750804848889
mlb-chc-stl-2025-06-24,16158356515116499321248377187575574897795607134134691507884644513340285617347,,book,0.57,ask,23378,23f591e64d6f2b9c44a27f8b4480acbf027b4654,1750804848889
mlb-chc-stl-2025-06-24,16158356515116499321248377187575574897795607134134691507884644513340285617347,,book,0.56,ask,50,23f591e64d6f2b9c44a27f8b4480acbf027b4654,1750804848889
mlb-chc-stl-2025-06-24,16158356515116499321248377187575574897795607134134691507884644513340285617347,,book,0.54,ask,5427,23f591e64d6f2b9c44a27f8b4480acbf027b4654,1750804848889
mlb-chc-stl-2025-06-24,16158356515116499321248377187575574897795607134134691507884644513340285617347,,book,0.53,ask,24341,23f591e64d6f2b9c44a27f8b4480acbf027b4654,1750804848889
mlb-chc-stl-2025-06-24,16158356515116499321248377187575574897795607134134691507884644513340285617347,,book,0.52,ask,91197,23f591e64d6f2b9c44a27f8b4480acbf027b4654,1750804848889
mlb-chc-stl-2025-06-24,16158356515116499321248377187575574897795607134134691507884644513340285617347,,book,0.51,ask,99919.52,23f591e64d6f2b9c44a27f8b4480acbf027b4654,1750804848889
mlb-chc-stl-2025-06-24,16158356515116499321248377187575574897795607134134691507884644513340285617347,,book,0.5,ask,2082.51,23f591e64d6f2b9c44a27f8b4480acbf027b4654,1750804848889
mlb-chc-stl-2025-06-24,16158356515116499321248377187575574897795607134134691507884644513340285617347,,book,0.01,bid,150,23f591e64d6f2b9c44a27f8b4480acbf027b4654,1750804848889
mlb-chc-stl-2025-06-24,16158356515116499321248377187575574897795607134134691507884644513340285617347,,book,0.41,bid,22735,23f591e64d6f2b9c44a27f8b4480acbf027b4654,1750804848889
mlb-chc-stl-2025-06-24,16158356515116499321248377187575574897795607134134691507884644513340285617347,,book,0.42,bid,900,23f591e64d6f2b9c44a27f8b4480acbf027b4654,1750804848889
mlb-chc-stl-2025-06-24,16158356515116499321248377187575574897795607134134691507884644513340285617347,,book,0.43,bid,456,23f591e64d6f2b9c44a27f8b4480acbf027b4654,1750804848889
mlb-chc-stl-2025-06-24,16158356515116499321248377187575574897795607134134691507884644513340285617347,,book,0.44,bid,5433,23f591e64d6f2b9c44a27f8b4480acbf027b4654,1750804848889
mlb-chc-stl-2025-06-24,16158356515116499321248377187575574897795607134134691507884644513340285617347,,book,0.45,bid,23952,23f591e64d6f2b9c44a27f8b4480acbf027b4654,1750804848889
mlb-chc-stl-2025-06-24,16158356515116499321248377187575574897795607134134691507884644513340285617347,,book,0.46,bid,91645,23f591e64d6f2b9c44a27f8b4480acbf027b4654,1750804848889
mlb-chc-stl-2025-06-24,16158356515116499321248377187575574897795607134134691507884644513340285617347,,book,0.47,bid,59017.11,23f591e64d6f2b9c44a27f8b4480acbf027b4654,1750804848889
mlb-chc-stl-2025-06-24,16158356515116499321248377187575574897795607134134691507884644513340285617347,,book,0.48,bid,46546.24,23f591e64d6f2b9c44a27f8b4480acbf027b4654,1750804848889
mlb-chc-stl-2025-06-24,16158356515116499321248377187575574897795607134134691507884644513340285617347,,book,0.49,bid,5786.96,23f591e64d6f2b9c44a27f8b4480acbf027b4654,1750804848889
mlb-chc-stl-2025-06-24,16158356515116499321248377187575574897795607134134691507884644513340285617347,,price_change,0.52,ask,91177,05d6bca14a45a36c5fe24032a1c49250f9068c8f,1750804894029
mlb-chc-stl-2025-06-24,16158356515116499321248377187575574897795607134134691507884644513340285617347,,price_change,0.47,bid,58997.11,05d6bca14a45a36c5fe24032a1c49250f9068c8f,1750804894029
mlb-chc-stl-2025-06-24,84630122945179075857446186915267309175481736122789560323680444113066073404092,,price_change,0.48,bid,91177,2db9498160f7164d873062a2dfea48c53b599575,1750804894029
mlb-chc-stl-2025-06-24,84630122945179075857446186915267309175481736122789560323680444113066073404092,,price_change,0.53,ask,58997.11,2db9498160f7164d873062a2dfea48c53b599575,1750804894029
mlb-chc-stl-2025-06-24,16158356515116499321248377187575574897795607134134691507884644513340285617347,,price_change,0.52,ask,91197,28c9e5cb34b23fda03d26b19576ceef94c0d955e,1750804901768
mlb-chc-stl-2025-06-24,84630122945179075857446186915267309175481736122789560323680444113066073404092,,price_change,0.48,bid,91197,1404c233406513fc1d9858407779e7dbb139db55,1750804901768
mlb-chc-stl-2025-06-24,84630122945179075857446186915267309175481736122789560323680444113066073404092,,price_change,0.53,ask,59017.11,d72988f8fe2c82f78c9f5e7105411b0197cbb658,1750804901896
mlb-chc-stl-2025-06-24,16158356515116499321248377187575574897795607134134691507884644513340285617347,,price_change,0.47,bid,59017.11,bdb763d2f9d90fd3239c89ebc1968cc89ec509df,1750804901896
mlb-chc-stl-2025-06-24,16158356515116499321248377187575574897795607134134691507884644513340285617347,,price_change,0.52,ask,91177,b225f1a45e5a991cbc2a805a40edc2bed9ab5d63,1750804961016
mlb-chc-stl-2025-06-24,16158356515116499321248377187575574897795607134134691507884644513340285617347,,price_change,0.47,bid,58997.11,b225f1a45e5a991cbc2a805a40edc2bed9ab5d63,1750804961016
mlb-chc-stl-2025-06-24,84630122945179075857446186915267309175481736122789560323680444113066073404092,,price_change,0.48,bid,91177,6f59073e8b6032caa3c54c7371f361a95c4e86fe,1750804961016
mlb-chc-stl-2025-06-24,84630122945179075857446186915267309175481736122789560323680444113066073404092,,price_change,0.53,ask,58997.11,6f59073e8b6032caa3c54c7371f361a95c4e86fe,1750804961016
mlb-chc-stl-2025-06-24,16158356515116499321248377187575574897795607134134691507884644513340285617347,,price_change,0.47,bid,59017.11,9eabc8662d463a6271eed114fe06d7b6436369b7,1750804966795
mlb-chc-stl-2025-06-24,84630122945179075857446186915267309175481736122789560323680444113066073404092,,price_change,0.53,ask,59017.11,79aa3cb98ab21ba20bef1ce4d98d62d7192a881e,1750804966795
mlb-chc-stl-2025-06-24,16158356515116499321248377187575574897795607134134691507884644513340285617347,,price_change,0.52,ask,91197,ff7f5420e6c1cc3ccf71189aa1cea48d0e23910d,1750804967078
mlb-chc-stl-2025-06-24,84630122945179075857446186915267309175481736122789560323680444113066073404092,,price_change,0.48,bid,91197,c336d761459bb7dcae199cd7f985599022d1aebb,1750804967078
mlb-chc-stl-2025-06-24,84630122945179075857446186915267309175481736122789560323680444113066073404092,,price_change,0.53,ask,58997.11,8bd25c276ce137eda47520702e81c7290b9beed2,1750805026022
mlb-chc-stl-2025-06-24,84630122945179075857446186915267309175481736122789560323680444113066073404092,,price_change,0.48,bid,91177,8bd25c276ce137eda47520702e81c7290b9beed2,1750805026022
mlb-chc-stl-2025-06-24,16158356515116499321248377187575574897795607134134691507884644513340285617347,,price_change,0.47,bid,58997.11,63519ac25e8099e71319ff995ea7225fe41f6d47,1750805026022
mlb-chc-stl-2025-06-24,16158356515116499321248377187575574897795607134134691507884644513340285617347,,price_change,0.52,ask,91177,63519ac25e8099e71319ff995ea7225fe41f6d47,1750805026022
mlb-chc-stl-2025-06-24,16158356515116499321248377187575574897795607134134691507884644513340285617347,,price_change,0.47,bid,59017.11,f47c5919fe3e93359f6be114505feb7edd205c04,1750805031700
mlb-chc-stl-2025-06-24,84630122945179075857446186915267309175481736122789560323680444113066073404092,,price_change,0.53,ask,59017.11,1c3aa9416958b10f0eb15e97b628de0181e93eac,1750805031700
mlb-chc-stl-2025-06-24,84630122945179075857446186915267309175481736122789560323680444113066073404092,,price_change,0.48,bid,91197,98a11e3be619112c25eaf32d733e76178f6b62b0,1750805032181
mlb-chc-stl-2025-06-24,16158356515116499321248377187575574897795607134134691507884644513340285617347,,price_change,0.52,ask,91197,1b65bc7ec79ccb9574f356b123cd1d89a5719b37,1750805032181
mlb-chc-stl-2025-06-24,84630122945179075857446186915267309175481736122789560323680444113066073404092,,price_change,0.48,bid,91177,eb182d99c6784cba77b959bcda0999cf6e8ee968,1750805091020
mlb-chc-stl-2025-06-24,84630122945179075857446186915267309175481736122789560323680444113066073404092,,price_change,0.53,ask,58997.11,eb182d99c6784cba77b959bcda0999cf6e8ee968,1750805091020
mlb-chc-stl-2025-06-24,16158356515116499321248377187575574897795607134134691507884644513340285617347,,price_change,0.52,ask,91177,4a0d3540a96975413eebeb089dc85e07f7c14a41,1750805091020
mlb-chc-stl-2025-06-24,16158356515116499321248377187575574897795607134134691507884644513340285617347,,price_change,0.47,bid,58997.11,4a0d3540a96975413eebeb089dc85e07f7c14a41,1750805091020
mlb-chc-stl-2025-06-24,16158356515116499321248377187575574897795607134134691507884644513340285617347,,price_change,0.52,ask,91197,86f5df5c62d085dcc274c36262b8c1bf045c3114,1750805096589
mlb-chc-stl-2025-06-24,84630122945179075857446186915267309175481736122789560323680444113066073404092,,price_change,0.48,bid,91197,56d2eb1f56bce3c7e09f8a3302572a51996bd79e,1750805096589
mlb-chc-stl-2025-06-24,16158356515116499321248377187575574897795607134134691507884644513340285617347,,price_change,0.47,bid,59017.11,4c4f5443151babef741d80f21232a5e87559644e,1750805096828
mlb-chc-stl-2025-06-24,84630122945179075857446186915267309175481736122789560323680444113066073404092,,price_change,0.53,ask,59017.11,c775b2350877df0a9da09f434d365d0a453f3909,1750805096828
mlb-chc-stl-2025-06-24,84630122945179075857446186915267309175481736122789560323680444113066073404092,,price_change,0.53,ask,58997.11,f91d885fa5bada32418bc927b694dba2fbbe895a,1750805156023
mlb-chc-stl-2025-06-24,84630122945179075857446186915267309175481736122789560323680444113066073404092,,price_change,0.48,bid,91177,f91d885fa5bada32418bc927b694dba2fbbe895a,1750805156023
mlb-chc-stl-2025-06-24,16158356515116499321248377187575574897795607134134691507884644513340285617347,,price_change,0.47,bid,58997.11,77d70a92271cd096aa757f29de5557994a57eae9,1750805156023
mlb-chc-stl-2025-06-24,16158356515116499321248377187575574897795607134134691507884644513340285617347,,price_change,0.52,ask,91177,77d70a92271cd096aa757f29de5557994a57eae9,1750805156023
mlb-chc-stl-2025-06-24,16158356515116499321248377187575574897795607134134691507884644513340285617347,,price_change,0.53,ask,24841,76d2b2be46d01bc1fe47d47d0925f987ce72eaf6,1750805157272
mlb-chc-stl-2025-06-24,16158356515116499321248377187575574897795607134134691507884644513340285617347,,price_change,0.54,ask,5927,76d2b2be46d01bc1fe47d47d0925f987ce72eaf6,1750805157272
mlb-chc-stl-2025-06-24,84630122945179075857446186915267309175481736122789560323680444113066073404092,,price_change,0.47,bid,24841,a96ff60593253168b7098828e709b37506895142,1750805157272
mlb-chc-stl-2025-06-24,84630122945179075857446186915267309175481736122789560323680444113066073404092,,price_change,0.46,bid,5927,a96ff60593253168b7098828e709b37506895142,1750805157272
mlb-chc-stl-2025-06-24,16158356515116499321248377187575574897795607134134691507884644513340285617347,,price_change,0.45,bid,24452,7e624a1dffa0310c0fa078cd688929bbd1095cc0,1750805157350
mlb-chc-stl-2025-06-24,84630122945179075857446186915267309175481736122789560323680444113066073404092,,price_change,0.55,ask,24452,ba350b30530572b1da2167bdcfc4e57c47f08b64,1750805157350
mlb-chc-stl-2025-06-24,16158356515116499321248377187575574897795607134134691507884644513340285617347,,price_change,0.44,bid,5933,bb3b5dfaab3c1a5402f99b958310fe7a6a7f75f2,1750805157466
mlb-chc-stl-2025-06-24,84630122945179075857446186915267309175481736122789560323680444113066073404092,,price_change,0.56,ask,5933,bba3fc181438f82a5eba56f1501583b398ceafdc,1750805157466
mlb-chc-stl-2025-06-24,84630122945179075857446186915267309175481736122789560323680444113066073404092,,price_change,0.53,ask,59017.11,1748e57c3c96b1965013c59f4673fb78427eac15,1750805162200
mlb-chc-stl-2025-06-24,84630122945179075857446186915267309175481736122789560323680444113066073404092,,price_change,0.48,bid,91197,1748e57c3c96b1965013c59f4673fb78427eac15,1750805162200
mlb-chc-stl-2025-06-24,16158356515116499321248377187575574897795607134134691507884644513340285617347,,price_change,0.47,bid,59017.11,66b0b96403c1613befd404eee8e787d763d0eb67,1750805162200
mlb-chc-stl-2025-06-24,16158356515116499321248377187575574897795607134134691507884644513340285617347,,price_change,0.52,ask,91197,66b0b96403c1613befd404eee8e787d763d0eb67,1750805162200
mlb-chc-stl-2025-06-24,84630122945179075857446186915267309175481736122789560323680444113066073404092,,price_change,0.53,ask,58997.11,b60692c300f0d070fc6f1e4c8e5b039b052129b1,1750805221017
mlb-chc-stl-2025-06-24,84630122945179075857446186915267309175481736122789560323680444113066073404092,,price_change,0.48,bid,91177,b60692c300f0d070fc6f1e4c8e5b039b052129b1,1750805221017
mlb-chc-stl-2025-06-24,16158356515116499321248377187575574897795607134134691507884644513340285617347,,price_change,0.47,bid,58997.11,8575e1ab847cce77adc625cf5c289d4759bd7abf,1750805221017
mlb-chc-stl-2025-06-24,16158356515116499321248377187575574897795607134134691507884644513340285617347,,price_change,0.52,ask,91177,8575e1ab847cce77adc625cf5c289d4759bd7abf,1750805221017
mlb-chc-stl-2025-06-24,16158356515116499321248377187575574897795607134134691507884644513340285617347,,price_change,0.52,ask,91197,af36e42f02d5cc4d75142aaad9c7ccbea85cade1,1750805226896
mlb-chc-stl-2025-06-24,16158356515116499321248377187575574897795607134134691507884644513340285617347,,price_change,0.47,bid,59017.11,af36e42f02d5cc4d75142aaad9c7ccbea85cade1,1750805226896
mlb-chc-stl-2025-06-24,84630122945179075857446186915267309175481736122789560323680444113066073404092,,price_change,0.48,bid,91197,ffccb5627fb2e44012d9b4cc437e8b9ccd4d04d3,1750805226896
mlb-chc-stl-2025-06-24,84630122945179075857446186915267309175481736122789560323680444113066073404092,,price_change,0.53,ask,59017.11,ffccb5627fb2e44012d9b4cc437e8b9ccd4d04d3,1750805226896
mlb-chc-stl-2025-06-24,84630122945179075857446186915267309175481736122789560323680444113066073404092,,price_change,0.53,ask,58997.11,a8e968c0f776c52e4b9239a315e5731e0513d947,1750805286017
mlb-chc-stl-2025-06-24,84630122945179075857446186915267309175481736122789560323680444113066073404092,,price_change,0.48,bid,91177,a8e968c0f776c52e4b9239a315e5731e0513d947,1750805286017
mlb-chc-stl-2025-06-24,16158356515116499321248377187575574897795607134134691507884644513340285617347,,price_change,0.47,bid,58997.11,7bfc142932c8b80ceb398b07c00349e4c5a33728,1750805286017
mlb-chc-stl-2025-06-24,16158356515116499321248377187575574897795607134134691507884644513340285617347,,price_change,0.52,ask,91177,7bfc142932c8b80ceb398b07c00349e4c5a33728,1750805286017
mlb-chc-stl-2025-06-24,16158356515116499321248377187575574897795607134134691507884644513340285617347,,price_change,0.47,bid,59017.11,067f80f99d7037aa7c06b4169e69d25ce25a6b08,1750805291581
mlb-chc-stl-2025-06-24,84630122945179075857446186915267309175481736122789560323680444113066073404092,,price_change,0.53,ask,59017.11,58a9286cd2eceb8b544e7d5147df9251447a6ea7,1750805291581
mlb-chc-stl-2025-06-24,16158356515116499321248377187575574897795607134134691507884644513340285617347,,price_change,0.52,ask,91197,8a64e48422b52a258bad4c3d343d906044967e81,1750805291770
mlb-chc-stl-2025-06-24,84630122945179075857446186915267309175481736122789560323680444113066073404092,,price_change,0.48,bid,91197,f48bc55495501385956fc15ff5a63902d04f6d34,1750805291770
mlb-chc-stl-2025-06-24,16158356515116499321248377187575574897795607134134691507884644513340285617347,,price_change,0.51,ask,99103.52,11ad62b8ceb7bce5a4ab173ee3af5b39050acd79,1750805348053
mlb-chc-stl-2025-06-24,84630122945179075857446186915267309175481736122789560323680444113066073404092,,price_change,0.49,bid,99103.52,c98997a41829bb477d12bc1f503b60a7e72140e1,1750805348053
mlb-chc-stl-2025-06-24,84630122945179075857446186915267309175481736122789560323680444113066073404092,,price_change,0.53,ask,58166.11,c98997a41829bb477d12bc1f503b60a7e72140e1,1750805348059
mlb-chc-stl-2025-06-24,16158356515116499321248377187575574897795607134134691507884644513340285617347,,price_change,0.47,bid,58166.11,11ad62b8ceb7bce5a4ab173ee3af5b39050acd79,1750805348059
mlb-chc-stl-2025-06-24,16158356515116499321248377187575574897795607134134691507884644513340285617347,,price_change,0.51,ask,99919.52,2136d42fa66b6f83a843f81883dc640b44c5ea11,1750805348276
mlb-chc-stl-2025-06-24,84630122945179075857446186915267309175481736122789560323680444113066073404092,,price_change,0.49,bid,99919.52,333341ad04a2e5efadf974c2909e21b1476cf2b2,1750805348276
mlb-chc-stl-2025-06-24,84630122945179075857446186915267309175481736122789560323680444113066073404092,,price_change,0.53,ask,59017.11,85d9eac7aa8651ff15383ba91fab6cc4def9aab8,1750805348418
mlb-chc-stl-2025-06-24,16158356515116499321248377187575574897795607134134691507884644513340285617347,,price_change,0.47,bid,59017.11,23806876619c73c64909f21584bcf8665791e9cf,1750805348418
mlb-chc-stl-2025-06-24,84630122945179075857446186915267309175481736122789560323680444113066073404092,,price_change,0.53,ask,58997.11,f6b957cb1badbf5e400bb0e9f7287f0cfd355953,1750805351145
mlb-chc-stl-2025-06-24,16158356515116499321248377187575574897795607134134691507884644513340285617347,,price_change,0.47,bid,58997.11,9f61cc4a5973f673be2e46b5d9cfc954e1c25009,1750805351145
mlb-chc-stl-2025-06-24,16158356515116499321248377187575574897795607134134691507884644513340285617347,,price_change,0.52,ask,91177,31dc7fc65ca34a2e255e952438cb30196ab7c143,1750805351258
mlb-chc-stl-2025-06-24,84630122945179075857446186915267309175481736122789560323680444113066073404092,,price_change,0.48,bid,91177,6cfd577134b759046d0fc5795ea9cba65674b4b8,1750805351258
mlb-chc-stl-2025-06-24,84630122945179075857446186915267309175481736122789560323680444113066073404092,,price_change,0.53,ask,59017.11,11b6e08ebd1c4ff122cd77dd1a888325f764de79,1750805357314
mlb-chc-stl-2025-06-24,16158356515116499321248377187575574897795607134134691507884644513340285617347,,price_change,0.47,bid,59017.11,87daa31237478c1db7639d9c5c679e08cd879049,1750805357314
mlb-chc-stl-2025-06-24,16158356515116499321248377187575574897795607134134691507884644513340285617347,,price_change,0.52,ask,91197,6664b3d943a54aff41d646d73c07d75ee60e00b0,1750805357685
mlb-chc-stl-2025-06-24,84630122945179075857446186915267309175481736122789560323680444113066073404092,,price_change,0.48,bid,91197,4b88bbcefc22a6a397d69e3db07c42c83dcb5b55,1750805357685
mlb-chc-stl-2025-06-24,84630122945179075857446186915267309175481736122789560323680444113066073404092,,price_change,0.48,bid,91177,1db2cdc36ea8fb90b9437f999811fa868fdad466,1750805417013
mlb-chc-stl-2025-06-24,84630122945179075857446186915267309175481736122789560323680444113066073404092,,price_change,0.53,ask,58997.11,1db2cdc36ea8fb90b9437f999811fa868fdad466,1750805417013
mlb-chc-stl-2025-06-24,16158356515116499321248377187575574897795607134134691507884644513340285617347,,price_change,0.52,ask,91177,1155a206826bdff74d551e4447478fa695ff3311,1750805417013
mlb-chc-stl-2025-06-24,16158356515116499321248377187575574897795607134134691507884644513340285617347,,price_change,0.47,bid,58997.11,1155a206826bdff74d551e4447478fa695ff3311,1750805417013
mlb-chc-stl-2025-06-24,84630122945179075857446186915267309175481736122789560323680444113066073404092,,price_change,0.53,ask,59017.11,657fe58b250d150b3e594375c5e7eaa0536c9f47,1750805424224
mlb-chc-stl-2025-06-24,16158356515116499321248377187575574897795607134134691507884644513340285617347,,price_change,0.47,bid,59017.11,9400f032c4efe0693460075835ecdd7df71f5964,1750805424224
mlb-chc-stl-2025-06-24,16158356515116499321248377187575574897795607134134691507884644513340285617347,,price_change,0.52,ask,91197,363f34b9116fa17af0be360323cc2ce85526b3cf,1750805424438
mlb-chc-stl-2025-06-24,84630122945179075857446186915267309175481736122789560323680444113066073404092,,price_change,0.48,bid,91197,59020e5768a2329a591906bfdc0204f840d99e1c,1750805424438
mlb-chc-stl-2025-06-24,16158356515116499321248377187575574897795607134134691507884644513340285617347,,price_change,0.47,bid,58997.11,8bfa2754767c805de989965bcb62dd6f0df8f5cd,1750805483047
mlb-chc-stl-2025-06-24,16158356515116499321248377187575574897795607134134691507884644513340285617347,,price_change,0.52,ask,91177,8bfa2754767c805de989965bcb62dd6f0df8f5cd,1750805483047
mlb-chc-stl-2025-06-24,84630122945179075857446186915267309175481736122789560323680444113066073404092,,price_change,0.53,ask,58997.11,fcf08dda83e365b403d1e75d158cd40618c86b3f,1750805483047
mlb-chc-stl-2025-06-24,84630122945179075857446186915267309175481736122789560323680444113066073404092,,price_change,0.48,bid,91177,fcf08dda83e365b403d1e75d158cd40618c86b3f,1750805483047
mlb-chc-stl-2025-06-24,16158356515116499321248377187575574897795607134134691507884644513340285617347,,price_change,0.52,ask,91197,b92fd0eb5e35a9b963edfe44e76306a21f53ee78,1750805488687
mlb-chc-stl-2025-06-24,84630122945179075857446186915267309175481736122789560323680444113066073404092,,price_change,0.48,bid,91197,20b61d84fec55823e2aab5acb8c3678166741e5d,1750805488687
mlb-chc-stl-2025-06-24,84630122945179075857446186915267309175481736122789560323680444113066073404092,,price_change,0.53,ask,59017.11,a697ae1d65b4b342f01d7e7ebd86c078cd34509d,1750805488782
mlb-chc-stl-2025-06-24,16158356515116499321248377187575574897795607134134691507884644513340285617347,,price_change,0.47,bid,59017.11,40a68768afea93dfb78065499b96d2b4555c9616,1750805488782
mlb-chc-stl-2025-06-24,16158356515116499321248377187575574897795607134134691507884644513340285617347,,price_change,0.52,ask,91177,59af81f9d1c47e6e9b783e5ec00bcd7a128e860c,1750805548076
mlb-chc-stl-2025-06-24,84630122945179075857446186915267309175481736122789560323680444113066073404092,,price_change,0.48,bid,91177,d4cda52fb276712d7aad455cbe3351142fbcc8a9,1750805548076
mlb-chc-stl-2025-06-24,16158356515116499321248377187575574897795607134134691507884644513340285617347,,price_change,0.47,bid,58997.11,59af81f9d1c47e6e9b783e5ec00bcd7a128e860c,1750805548140
mlb-chc-stl-2025-06-24,84630122945179075857446186915267309175481736122789560323680444113066073404092,,price_change,0.53,ask,58997.11,d4cda52fb276712d7aad455cbe3351142fbcc8a9,1750805548140
mlb-chc-stl-2025-06-24,84630122945179075857446186915267309175481736122789560323680444113066073404092,,price_change,0.53,ask,59017.11,898f95d656fe52f0090b0595b9afc3bb4d13cc4c,1750805553964
mlb-chc-stl-2025-06-24,16158356515116499321248377187575574897795607134134691507884644513340285617347,,price_change,0.47,bid,59017.11,a52a6dd6140c2f033dcc32b74ec26549106a78dc,1750805553964
mlb-chc-stl-2025-06-24,84630122945179075857446186915267309175481736122789560323680444113066073404092,,price_change,0.48,bid,91197,ed2f265db9b17d85b809eb71b46c0835336f016f,1750805554342
mlb-chc-stl-2025-06-24,16158356515116499321248377187575574897795607134134691507884644513340285617347,,price_change,0.52,ask,91197,498acc6740e98e412a61685666d7c9cd620c7e48,1750805554342
mlb-chc-stl-2025-06-24,16158356515116499321248377187575574897795607134134691507884644513340285617347,,price_change,0.51,ask,106919.52,26cfee173aeda6a5ed9824856a71f7c453a15063,1750805565260
mlb-chc-stl-2025-06-24,84630122945179075857446186915267309175481736122789560323680444113066073404092,,price_change,0.49,bid,106919.52,e7eeec384669b432c28d16a1a36d2193b9d59bee,1750805565260
mlb-chc-stl-2025-06-24,16158356515116499321248377187575574897795607134134691507884644513340285617347,,price_change,0.52,ask,91177,fb84f9ca5ee7de3edd84e5d00471fe52e844fbbc,1750805613019
mlb-chc-stl-2025-06-24,16158356515116499321248377187575574897795607134134691507884644513340285617347,,price_change,0.47,bid,58997.11,fb84f9ca5ee7de3edd84e5d00471fe52e844fbbc,1750805613019
mlb-chc-stl-2025-06-24,84630122945179075857446186915267309175481736122789560323680444113066073404092,,price_change,0.48,bid,91177,54c28db82aded8d21f6561d31835554bc8cca491,1750805613019
mlb-chc-stl-2025-06-24,84630122945179075857446186915267309175481736122789560323680444113066073404092,,price_change,0.53,ask,58997.11,54c28db82aded8d21f6561d31835554bc8cca491,1750805613019
mlb-chc-stl-2025-06-24,84630122945179075857446186915267309175481736122789560323680444113066073404092,,price_change,0.52,ask,51846.24,04b244327b0d75267a36d5630386a437501c6984,1750805615469
mlb-chc-stl-2025-06-24,16158356515116499321248377187575574897795607134134691507884644513340285617347,,price_change,0.48,bid,51846.24,702e553b15560a9dbb1ec28325e1bb7e9f1444e1,1750805615469
mlb-chc-stl-2025-06-24,84630122945179075857446186915267309175481736122789560323680444113066073404092,,price_change,0.47,bid,24341,99490ae43781181a254af6eda467cbafe665ea4e,1750805615671
mlb-chc-stl-2025-06-24,84630122945179075857446186915267309175481736122789560323680444113066073404092,,price_change,0.46,bid,5427,99490ae43781181a254af6eda467cbafe665ea4e,1750805615671
mlb-chc-stl-2025-06-24,84630122945179075857446186915267309175481736122789560323680444113066073404092,,price_change,0.55,ask,23952,99490ae43781181a254af6eda467cbafe665ea4e,1750805615671
mlb-chc-stl-2025-06-24,84630122945179075857446186915267309175481736122789560323680444113066073404092,,price_change,0.56,ask,5433,99490ae43781181a254af6eda467cbafe665ea4e,1750805615671
mlb-chc-stl-2025-06-24,16158356515116499321248377187575574897795607134134691507884644513340285617347,,price_change,0.53,ask,24341,1a28ec4ec08d0839e749abe8fe9c1ca03078a244,1750805615671
mlb-chc-stl-2025-06-24,16158356515116499321248377187575574897795607134134691507884644513340285617347,,price_change,0.54,ask,5427,1a28ec4ec08d0839e749abe8fe9c1ca03078a244,1750805615671
mlb-chc-stl-2025-06-24,16158356515116499321248377187575574897795607134134691507884644513340285617347,,price_change,0.45,bid,23952,1a28ec4ec08d0839e749abe8fe9c1ca03078a244,1750805615671
mlb-chc-stl-2025-06-24,16158356515116499321248377187575574897795607134134691507884644513340285617347,,price_change,0.44,bid,5433,1a28ec4ec08d0839e749abe8fe9c1ca03078a244,1750805615671
mlb-chc-stl-2025-06-24,16158356515116499321248377187575574897795607134134691507884644513340285617347,,price_change,0.52,ask,91197,98e0460e9aa9a52043f0fa7c3116d9093677d7ef,1750805619361
mlb-chc-stl-2025-06-24,84630122945179075857446186915267309175481736122789560323680444113066073404092,,price_change,0.48,bid,91197,6a7f6c43324786e46299f85c236daf6b1c89265f,1750805619361
mlb-chc-stl-2025-06-24,84630122945179075857446186915267309175481736122789560323680444113066073404092,,price_change,0.53,ask,59017.11,1b06f5314d92441cda2f24b412fb3abb0ae72171,1750805619469
mlb-chc-stl-2025-06-24,16158356515116499321248377187575574897795607134134691507884644513340285617347,,price_change,0.47,bid,59017.11,2b1e74c9075321acf601d82007666dd4bb7c2bb5,1750805619469
mlb-chc-stl-2025-06-24,16158356515116499321248377187575574897795607134134691507884644513340285617347,,price_change,0.53,ask,24841,3c48b90e4a6fad6af0f72e38df61d79acfd65b7c,1750805622066
mlb-chc-stl-2025-06-24,16158356515116499321248377187575574897795607134134691507884644513340285617347,,price_change,0.54,ask,5927,3c48b90e4a6fad6af0f72e38df61d79acfd65b7c,1750805622066
mlb-chc-stl-2025-06-24,16158356515116499321248377187575574897795607134134691507884644513340285617347,,price_change,0.44,bid,5933,3c48b90e4a6fad6af0f72e38df61d79acfd65b7c,1750805622066
mlb-chc-stl-2025-06-24,84630122945179075857446186915267309175481736122789560323680444113066073404092,,price_change,0.47,bid,24841,9d132f21af0205567a0c17b6f2e2dba7193fa17c,1750805622066
mlb-chc-stl-2025-06-24,84630122945179075857446186915267309175481736122789560323680444113066073404092,,price_change,0.46,bid,5927,9d132f21af0205567a0c17b6f2e2dba7193fa17c,1750805622066
mlb-chc-stl-2025-06-24,84630122945179075857446186915267309175481736122789560323680444113066073404092,,price_change,0.56,ask,5933,9d132f21af0205567a0c17b6f2e2dba7193fa17c,1750805622066
mlb-chc-stl-2025-06-24,16158356515116499321248377187575574897795607134134691507884644513340285617347,,price_change,0.45,bid,24452,20edba650978e3d0271a59f977deaedf355be1bd,1750805622263
mlb-chc-stl-2025-06-24,84630122945179075857446186915267309175481736122789560323680444113066073404092,,price_change,0.55,ask,24452,a5ddd13995c6665879850a3788a3014813b1f9b0,1750805622263
mlb-chc-stl-2025-06-24,84630122945179075857446186915267309175481736122789560323680444113066073404092,,price_change,0.53,ask,58997.11,c0273a63dc8877236d56d67fdd4bd6c06a0b3fbb,1750805678053
mlb-chc-stl-2025-06-24,84630122945179075857446186915267309175481736122789560323680444113066073404092,,price_change,0.48,bid,91177,c0273a63dc8877236d56d67fdd4bd6c06a0b3fbb,1750805678053
mlb-chc-stl-2025-06-24,16158356515116499321248377187575574897795607134134691507884644513340285617347,,price_change,0.47,bid,58997.11,f5b00df614458c8de7d2bf3330bf4c659e7e6160,1750805678053
mlb-chc-stl-2025-06-24,16158356515116499321248377187575574897795607134134691507884644513340285617347,,price_change,0.52,ask,91177,f5b00df614458c8de7d2bf3330bf4c659e7e6160,1750805678053
mlb-chc-stl-2025-06-24,84630122945179075857446186915267309175481736122789560323680444113066073404092,,price_change,0.48,bid,91197,85a50c3be3b682c810904d9f4f7e55f4122787b2,1750805684462
mlb-chc-stl-2025-06-24,84630122945179075857446186915267309175481736122789560323680444113066073404092,,price_change,0.53,ask,59017.11,85a50c3be3b682c810904d9f4f7e55f4122787b2,1750805684462
mlb-chc-stl-2025-06-24,16158356515116499321248377187575574897795607134134691507884644513340285617347,,price_change,0.52,ask,91197,da1908ad75a1d7fd535e074681753300a0e695b7,1750805684462
mlb-chc-stl-2025-06-24,16158356515116499321248377187575574897795607134134691507884644513340285617347,,price_change,0.47,bid,59017.11,da1908ad75a1d7fd535e074681753300a0e695b7,1750805684462
mlb-chc-stl-2025-06-24,16158356515116499321248377187575574897795607134134691507884644513340285617347,,book,0.001,bid,99999,0808643230e887fb45d61e3f20cbf6df7b083741,1750819437204
mlb-chc-stl-2025-06-24,16158356515116499321248377187575574897795607134134691507884644513340285617347,,book,0.01,bid,3746,0808643230e887fb45d61e3f20cbf6df7b083741,1750819437204
mlb-chc-stl-2025-06-24,16158356515116499321248377187575574897795607134134691507884644513340285617347,,book,0.02,bid,310,0808643230e887fb45d61e3f20cbf6df7b083741,1750819437204
mlb-chc-stl-2025-06-24,16158356515116499321248377187575574897795607134134691507884644513340285617347,,book,0.03,bid,906,0808643230e887fb45d61e3f20cbf6df7b083741,1750819437204
mlb-chc-stl-2025-06-24,16158356515116499321248377187575574897795607134134691507884644513340285617347,,book,0.04,bid,150,0808643230e887fb45d61e3f20cbf6df7b083741,1750819437204
mlb-chc-stl-2025-06-24,16158356515116499321248377187575574897795607134134691507884644513340285617347,,book,0.05,bid,363,0808643230e887fb45d61e3f20cbf6df7b083741,1750819437204
mlb-chc-stl-2025-06-24,16158356515116499321248377187575574897795607134134691507884644513340285617347,,book,0.06,bid,150,0808643230e887fb45d61e3f20cbf6df7b083741,1750819437204
mlb-chc-stl-2025-06-24,16158356515116499321248377187575574897795607134134691507884644513340285617347,,book,0.061,bid,9999,0808643230e887fb45d61e3f20cbf6df7b083741,1750819437204
mlb-chc-stl-2025-06-24,16158356515116499321248377187575574897795607134134691507884644513340285617347,,book,0.53,bid,20,0808643230e887fb45d61e3f20cbf6df7b083741,1750819437204
mlb-chc-stl-2025-06-24,16158356515116499321248377187575574897795607134134691507884644513340285617347,,book,0.84,bid,150,0808643230e887fb45d61e3f20cbf6df7b083741,1750819437204
mlb-chc-stl-2025-06-24,16158356515116499321248377187575574897795607134134691507884644513340285617347,,book,0.841,bid,1500,0808643230e887fb45d61e3f20cbf6df7b083741,1750819437204
mlb-chc-stl-2025-06-24,16158356515116499321248377187575574897795607134134691507884644513340285617347,,book,0.999,bid,93301.97,0808643230e887fb45d61e3f20cbf6df7b083741,1750819437204
mlb-chc-stl-2025-06-24,84630122945179075857446186915267309175481736122789560323680444113066073404092,,book,0.999,ask,99999,3917858c74bc37c66d9348d5b3d80b9dc9cdbf8f,1750819437204
mlb-chc-stl-2025-06-24,84630122945179075857446186915267309175481736122789560323680444113066073404092,,book,0.99,ask,3746,3917858c74bc37c66d9348d5b3d80b9dc9cdbf8f,1750819437204
mlb-chc-stl-2025-06-24,84630122945179075857446186915267309175481736122789560323680444113066073404092,,book,0.98,ask,310,3917858c74bc37c66d9348d5b3d80b9dc9cdbf8f,1750819437204
mlb-chc-stl-2025-06-24,84630122945179075857446186915267309175481736122789560323680444113066073404092,,book,0.97,ask,906,3917858c74bc37c66d9348d5b3d80b9dc9cdbf8f,1750819437204
mlb-chc-stl-2025-06-24,84630122945179075857446186915267309175481736122789560323680444113066073404092,,book,0.96,ask,150,3917858c74bc37c66d9348d5b3d80b9dc9cdbf8f,1750819437204
mlb-chc-stl-2025-06-24,84630122945179075857446186915267309175481736122789560323680444113066073404092,,book,0.95,ask,363,3917858c74bc37c66d9348d5b3d80b9dc9cdbf8f,1750819437204
mlb-chc-stl-2025-06-24,84630122945179075857446186915267309175481736122789560323680444113066073404092,,book,0.94,ask,150,3917858c74bc37c66d9348d5b3d80b9dc9cdbf8f,1750819437204
mlb-chc-stl-2025-06-24,84630122945179075857446186915267309175481736122789560323680444113066073404092,,book,0.939,ask,9999,3917858c74bc37c66d9348d5b3d80b9dc9cdbf8f,1750819437204
mlb-chc-stl-2025-06-24,84630122945179075857446186915267309175481736122789560323680444113066073404092,,book,0.47,ask,20,3917858c74bc37c66d9348d5b3d80b9dc9cdbf8f,1750819437204
mlb-chc-stl-2025-06-24,84630122945179075857446186915267309175481736122789560323680444113066073404092,,book,0.16,ask,150,3917858c74bc37c66d9348d5b3d80b9dc9cdbf8f,1750819437204
mlb-chc-stl-2025-06-24,84630122945179075857446186915267309175481736122789560323680444113066073404092,,book,0.159,ask,1500,3917858c74bc37c66d9348d5b3d80b9dc9cdbf8f,1750819437204
mlb-chc-stl-2025-06-24,84630122945179075857446186915267309175481736122789560323680444113066073404092,,book,0.001,ask,93301.97,3917858c74bc37c66d9348d5b3d80b9dc9cdbf8f,1750819437204
