market_slug,asset_id,market_id,price,size,side,timestamp
mlb-mil-chc-2025-06-17,76440473074388722537799893602404687230922238288182630419521127770642474448937,552798,0.42,55.42,bid,1750209907302
mlb-mil-chc-2025-06-17,5899348323059455657630528606815138588415095483052205208567031442326527433126,552798,0.55,55.42,bid,1750209907302
mlb-mil-chc-2025-06-17,5899348323059455657630528606815138588415095483052205208567031442326527433126,552798,0.55,26.58,bid,1750209907302
mlb-mil-chc-2025-06-17,76440473074388722537799893602404687230922238288182630419521127770642474448937,552798,0.43,26.58,bid,1750209907302
mlb-mil-chc-2025-06-17,76440473074388722537799893602404687230922238288182630419521127770642474448937,552798,0.42,55.42,bid,1750209907599
mlb-mil-chc-2025-06-17,5899348323059455657630528606815138588415095483052205208567031442326527433126,552798,0.55,55.42,bid,1750209907599
mlb-mil-chc-2025-06-17,5899348323059455657630528606815138588415095483052205208567031442326527433126,552798,0.55,26.58,bid,1750209907599
mlb-mil-chc-2025-06-17,76440473074388722537799893602404687230922238288182630419521127770642474448937,552798,0.43,26.58,bid,1750209907599
mlb-mil-chc-2025-06-17,76440473074388722537799893602404687230922238288182630419521127770642474448937,552798,0.42,55.42,bid,1750209908338
mlb-mil-chc-2025-06-17,5899348323059455657630528606815138588415095483052205208567031442326527433126,552798,0.55,55.42,bid,1750209908338
mlb-mil-chc-2025-06-17,5899348323059455657630528606815138588415095483052205208567031442326527433126,552798,0.55,26.58,bid,1750209908338
mlb-mil-chc-2025-06-17,76440473074388722537799893602404687230922238288182630419521127770642474448937,552798,0.43,26.58,bid,1750209908338
mlb-mil-chc-2025-06-17,76440473074388722537799893602404687230922238288182630419521127770642474448937,552798,0.42,55.42,bid,1750209908609
mlb-mil-chc-2025-06-17,5899348323059455657630528606815138588415095483052205208567031442326527433126,552798,0.55,55.42,bid,1750209908609
mlb-mil-chc-2025-06-17,5899348323059455657630528606815138588415095483052205208567031442326527433126,552798,0.55,26.58,bid,1750209908609
mlb-mil-chc-2025-06-17,76440473074388722537799893602404687230922238288182630419521127770642474448937,552798,0.43,26.58,bid,1750209908609
mlb-mil-chc-2025-06-17,76440473074388722537799893602404687230922238288182630419521127770642474448937,552798,0.42,55.42,bid,1750209909009
mlb-mil-chc-2025-06-17,5899348323059455657630528606815138588415095483052205208567031442326527433126,552798,0.55,55.42,bid,1750209909009
mlb-mil-chc-2025-06-17,5899348323059455657630528606815138588415095483052205208567031442326527433126,552798,0.55,26.58,bid,1750209909009
mlb-mil-chc-2025-06-17,76440473074388722537799893602404687230922238288182630419521127770642474448937,552798,0.43,26.58,bid,1750209909009
mlb-mil-chc-2025-06-17,76440473074388722537799893602404687230922238288182630419521127770642474448937,552798,0.42,55.42,bid,1750209909091
mlb-mil-chc-2025-06-17,5899348323059455657630528606815138588415095483052205208567031442326527433126,552798,0.55,55.42,bid,1750209909091
mlb-mil-chc-2025-06-17,5899348323059455657630528606815138588415095483052205208567031442326527433126,552798,0.55,26.58,bid,1750209909091
mlb-mil-chc-2025-06-17,76440473074388722537799893602404687230922238288182630419521127770642474448937,552798,0.43,26.58,bid,1750209909091
mlb-mil-chc-2025-06-17,76440473074388722537799893602404687230922238288182630419521127770642474448937,552798,0.42,55.42,bid,1750209909414
mlb-mil-chc-2025-06-17,5899348323059455657630528606815138588415095483052205208567031442326527433126,552798,0.55,55.42,bid,1750209909414
mlb-mil-chc-2025-06-17,5899348323059455657630528606815138588415095483052205208567031442326527433126,552798,0.55,26.58,bid,1750209909414
mlb-mil-chc-2025-06-17,76440473074388722537799893602404687230922238288182630419521127770642474448937,552798,0.43,26.58,bid,1750209909414
mlb-mil-chc-2025-06-17,76440473074388722537799893602404687230922238288182630419521127770642474448937,552798,0.42,55.42,bid,1750209910500
mlb-mil-chc-2025-06-17,5899348323059455657630528606815138588415095483052205208567031442326527433126,552798,0.55,55.42,bid,1750209910500
mlb-mil-chc-2025-06-17,5899348323059455657630528606815138588415095483052205208567031442326527433126,552798,0.55,26.58,bid,1750209910500
mlb-mil-chc-2025-06-17,76440473074388722537799893602404687230922238288182630419521127770642474448937,552798,0.43,26.58,bid,1750209910500
mlb-mil-chc-2025-06-17,76440473074388722537799893602404687230922238288182630419521127770642474448937,552798,0.42,55.42,bid,1750209911437
mlb-mil-chc-2025-06-17,5899348323059455657630528606815138588415095483052205208567031442326527433126,552798,0.55,55.42,bid,1750209911437
mlb-mil-chc-2025-06-17,5899348323059455657630528606815138588415095483052205208567031442326527433126,552798,0.55,26.58,bid,1750209911437
mlb-mil-chc-2025-06-17,76440473074388722537799893602404687230922238288182630419521127770642474448937,552798,0.43,26.58,bid,1750209911437
mlb-mil-chc-2025-06-17,76440473074388722537799893602404687230922238288182630419521127770642474448937,552798,0.42,55.42,bid,1750209911544
mlb-mil-chc-2025-06-17,5899348323059455657630528606815138588415095483052205208567031442326527433126,552798,0.55,55.42,bid,1750209911544
mlb-mil-chc-2025-06-17,5899348323059455657630528606815138588415095483052205208567031442326527433126,552798,0.55,26.58,bid,1750209911544
mlb-mil-chc-2025-06-17,76440473074388722537799893602404687230922238288182630419521127770642474448937,552798,0.43,26.58,bid,1750209911544
mlb-mil-chc-2025-06-17,76440473074388722537799893602404687230922238288182630419521127770642474448937,552798,0.42,55.42,bid,1750209911637
mlb-mil-chc-2025-06-17,5899348323059455657630528606815138588415095483052205208567031442326527433126,552798,0.55,55.42,bid,1750209911637
mlb-mil-chc-2025-06-17,5899348323059455657630528606815138588415095483052205208567031442326527433126,552798,0.55,26.58,bid,1750209911637
mlb-mil-chc-2025-06-17,76440473074388722537799893602404687230922238288182630419521127770642474448937,552798,0.43,26.58,bid,1750209911637
mlb-mil-chc-2025-06-17,76440473074388722537799893602404687230922238288182630419521127770642474448937,552798,0.42,55.42,bid,1750209911728
mlb-mil-chc-2025-06-17,5899348323059455657630528606815138588415095483052205208567031442326527433126,552798,0.55,55.42,bid,1750209911728
mlb-mil-chc-2025-06-17,5899348323059455657630528606815138588415095483052205208567031442326527433126,552798,0.55,26.58,bid,1750209911728
mlb-mil-chc-2025-06-17,76440473074388722537799893602404687230922238288182630419521127770642474448937,552798,0.43,26.58,bid,1750209911728
mlb-mil-chc-2025-06-17,76440473074388722537799893602404687230922238288182630419521127770642474448937,552798,0.42,55.42,bid,1750209921076
mlb-mil-chc-2025-06-17,5899348323059455657630528606815138588415095483052205208567031442326527433126,552798,0.55,55.42,bid,1750209921076
mlb-mil-chc-2025-06-17,5899348323059455657630528606815138588415095483052205208567031442326527433126,552798,0.55,26.58,bid,1750209921076
mlb-mil-chc-2025-06-17,76440473074388722537799893602404687230922238288182630419521127770642474448937,552798,0.43,26.58,bid,1750209921076
mlb-mil-chc-2025-06-17,76440473074388722537799893602404687230922238288182630419521127770642474448937,552798,0.42,55.42,bid,1750209921886
mlb-mil-chc-2025-06-17,5899348323059455657630528606815138588415095483052205208567031442326527433126,552798,0.55,55.42,bid,1750209921886
mlb-mil-chc-2025-06-17,5899348323059455657630528606815138588415095483052205208567031442326527433126,552798,0.55,26.58,bid,1750209921886
mlb-mil-chc-2025-06-17,76440473074388722537799893602404687230922238288182630419521127770642474448937,552798,0.43,26.58,bid,1750209921886
mlb-mil-chc-2025-06-17,76440473074388722537799893602404687230922238288182630419521127770642474448937,552798,0.42,55.42,bid,1750209922888
mlb-mil-chc-2025-06-17,5899348323059455657630528606815138588415095483052205208567031442326527433126,552798,0.55,55.42,bid,1750209922888
mlb-mil-chc-2025-06-17,5899348323059455657630528606815138588415095483052205208567031442326527433126,552798,0.55,26.58,bid,1750209922888
mlb-mil-chc-2025-06-17,76440473074388722537799893602404687230922238288182630419521127770642474448937,552798,0.43,26.58,bid,1750209922888
mlb-mil-chc-2025-06-17,76440473074388722537799893602404687230922238288182630419521127770642474448937,552798,0.42,55.42,bid,1750209923240
mlb-mil-chc-2025-06-17,5899348323059455657630528606815138588415095483052205208567031442326527433126,552798,0.55,55.42,bid,1750209923240
mlb-mil-chc-2025-06-17,5899348323059455657630528606815138588415095483052205208567031442326527433126,552798,0.55,26.58,bid,1750209923240
mlb-mil-chc-2025-06-17,76440473074388722537799893602404687230922238288182630419521127770642474448937,552798,0.43,26.58,bid,1750209923240
mlb-mil-chc-2025-06-17,76440473074388722537799893602404687230922238288182630419521127770642474448937,552798,0.42,55.42,bid,1750209923357
mlb-mil-chc-2025-06-17,5899348323059455657630528606815138588415095483052205208567031442326527433126,552798,0.55,55.42,bid,1750209923357
mlb-mil-chc-2025-06-17,5899348323059455657630528606815138588415095483052205208567031442326527433126,552798,0.55,26.58,bid,1750209923357
mlb-mil-chc-2025-06-17,76440473074388722537799893602404687230922238288182630419521127770642474448937,552798,0.43,26.58,bid,1750209923357
mlb-mil-chc-2025-06-17,76440473074388722537799893602404687230922238288182630419521127770642474448937,552798,0.42,55.42,bid,1750209923555
mlb-mil-chc-2025-06-17,5899348323059455657630528606815138588415095483052205208567031442326527433126,552798,0.55,55.42,bid,1750209923555
mlb-mil-chc-2025-06-17,5899348323059455657630528606815138588415095483052205208567031442326527433126,552798,0.55,26.58,bid,1750209923555
mlb-mil-chc-2025-06-17,76440473074388722537799893602404687230922238288182630419521127770642474448937,552798,0.43,26.58,bid,1750209923555
mlb-mil-chc-2025-06-17,76440473074388722537799893602404687230922238288182630419521127770642474448937,552798,0.42,55.42,bid,1750209923636
mlb-mil-chc-2025-06-17,5899348323059455657630528606815138588415095483052205208567031442326527433126,552798,0.55,55.42,bid,1750209923636
mlb-mil-chc-2025-06-17,5899348323059455657630528606815138588415095483052205208567031442326527433126,552798,0.55,26.58,bid,1750209923636
mlb-mil-chc-2025-06-17,76440473074388722537799893602404687230922238288182630419521127770642474448937,552798,0.43,26.58,bid,1750209923636
mlb-mil-chc-2025-06-17,76440473074388722537799893602404687230922238288182630419521127770642474448937,552798,0.42,55.42,bid,1750209923769
mlb-mil-chc-2025-06-17,5899348323059455657630528606815138588415095483052205208567031442326527433126,552798,0.55,55.42,bid,1750209923769
mlb-mil-chc-2025-06-17,5899348323059455657630528606815138588415095483052205208567031442326527433126,552798,0.55,26.58,bid,1750209923769
mlb-mil-chc-2025-06-17,76440473074388722537799893602404687230922238288182630419521127770642474448937,552798,0.43,26.58,bid,1750209923769
mlb-mil-chc-2025-06-17,76440473074388722537799893602404687230922238288182630419521127770642474448937,552798,0.42,55.42,bid,1750209923862
mlb-mil-chc-2025-06-17,5899348323059455657630528606815138588415095483052205208567031442326527433126,552798,0.55,55.42,bid,1750209923862
mlb-mil-chc-2025-06-17,76440473074388722537799893602404687230922238288182630419521127770642474448937,552798,0.42,55.42,bid,1750209923946
mlb-mil-chc-2025-06-17,5899348323059455657630528606815138588415095483052205208567031442326527433126,552798,0.55,55.42,bid,1750209923946
mlb-mil-chc-2025-06-17,76440473074388722537799893602404687230922238288182630419521127770642474448937,552798,0.42,55.42,bid,1750209924047
mlb-mil-chc-2025-06-17,5899348323059455657630528606815138588415095483052205208567031442326527433126,552798,0.55,55.42,bid,1750209924047
mlb-mil-chc-2025-06-17,5899348323059455657630528606815138588415095483052205208567031442326527433126,552798,0.55,26.58,bid,1750209924047
mlb-mil-chc-2025-06-17,76440473074388722537799893602404687230922238288182630419521127770642474448937,552798,0.43,26.58,bid,1750209924047
mlb-mil-chc-2025-06-17,76440473074388722537799893602404687230922238288182630419521127770642474448937,552798,0.42,55.42,bid,1750209924145
mlb-mil-chc-2025-06-17,5899348323059455657630528606815138588415095483052205208567031442326527433126,552798,0.55,55.42,bid,1750209924145
mlb-mil-chc-2025-06-17,5899348323059455657630528606815138588415095483052205208567031442326527433126,552798,0.55,26.58,bid,1750209924145
mlb-mil-chc-2025-06-17,76440473074388722537799893602404687230922238288182630419521127770642474448937,552798,0.43,26.58,bid,1750209924145
mlb-mil-chc-2025-06-17,76440473074388722537799893602404687230922238288182630419521127770642474448937,552798,0.42,55.42,bid,1750209924254
mlb-mil-chc-2025-06-17,5899348323059455657630528606815138588415095483052205208567031442326527433126,552798,0.55,55.42,bid,1750209924254
mlb-mil-chc-2025-06-17,5899348323059455657630528606815138588415095483052205208567031442326527433126,552798,0.55,26.58,bid,1750209924254
mlb-mil-chc-2025-06-17,76440473074388722537799893602404687230922238288182630419521127770642474448937,552798,0.43,26.58,bid,1750209924254
mlb-mil-chc-2025-06-17,76440473074388722537799893602404687230922238288182630419521127770642474448937,552798,0.42,53.0,bid,1750209992995
mlb-mil-chc-2025-06-17,5899348323059455657630528606815138588415095483052205208567031442326527433126,552798,0.55,53.0,bid,1750209992995
mlb-mil-chc-2025-06-17,5899348323059455657630528606815138588415095483052205208567031442326527433126,552798,0.55,29.0,bid,1750209992995
mlb-mil-chc-2025-06-17,76440473074388722537799893602404687230922238288182630419521127770642474448937,552798,0.43,29.0,bid,1750209992995
mlb-mil-chc-2025-06-17,76440473074388722537799893602404687230922238288182630419521127770642474448937,552798,0.42,53.0,bid,1750209993151
mlb-mil-chc-2025-06-17,5899348323059455657630528606815138588415095483052205208567031442326527433126,552798,0.55,53.0,bid,1750209993151
mlb-mil-chc-2025-06-17,5899348323059455657630528606815138588415095483052205208567031442326527433126,552798,0.55,29.0,bid,1750209993151
mlb-mil-chc-2025-06-17,76440473074388722537799893602404687230922238288182630419521127770642474448937,552798,0.43,29.0,bid,1750209993151
mlb-mil-chc-2025-06-17,76440473074388722537799893602404687230922238288182630419521127770642474448937,552798,0.42,53.0,bid,1750209993525
mlb-mil-chc-2025-06-17,5899348323059455657630528606815138588415095483052205208567031442326527433126,552798,0.55,53.0,bid,1750209993525
mlb-mil-chc-2025-06-17,5899348323059455657630528606815138588415095483052205208567031442326527433126,552798,0.55,29.0,bid,1750209993525
mlb-mil-chc-2025-06-17,76440473074388722537799893602404687230922238288182630419521127770642474448937,552798,0.43,29.0,bid,1750209993525
mlb-mil-chc-2025-06-17,76440473074388722537799893602404687230922238288182630419521127770642474448937,552798,0.42,53.0,bid,1750209997014
mlb-mil-chc-2025-06-17,5899348323059455657630528606815138588415095483052205208567031442326527433126,552798,0.55,53.0,bid,1750209997014
mlb-mil-chc-2025-06-17,5899348323059455657630528606815138588415095483052205208567031442326527433126,552798,0.55,29.0,bid,1750209997014
mlb-mil-chc-2025-06-17,76440473074388722537799893602404687230922238288182630419521127770642474448937,552798,0.43,29.0,bid,1750209997014
mlb-mil-chc-2025-06-17,76440473074388722537799893602404687230922238288182630419521127770642474448937,552798,0.42,45.85,bid,1750209997303
mlb-mil-chc-2025-06-17,5899348323059455657630528606815138588415095483052205208567031442326527433126,552798,0.55,45.85,bid,1750209997303
mlb-mil-chc-2025-06-17,5899348323059455657630528606815138588415095483052205208567031442326527433126,552798,0.55,36.15,bid,1750209997303
mlb-mil-chc-2025-06-17,76440473074388722537799893602404687230922238288182630419521127770642474448937,552798,0.43,36.15,bid,1750209997303
mlb-mil-chc-2025-06-17,76440473074388722537799893602404687230922238288182630419521127770642474448937,552798,0.42,45.85,bid,1750209997387
mlb-mil-chc-2025-06-17,5899348323059455657630528606815138588415095483052205208567031442326527433126,552798,0.55,45.85,bid,1750209997387
mlb-mil-chc-2025-06-17,5899348323059455657630528606815138588415095483052205208567031442326527433126,552798,0.55,36.15,bid,1750209997387
mlb-mil-chc-2025-06-17,76440473074388722537799893602404687230922238288182630419521127770642474448937,552798,0.43,36.15,bid,1750209997387
mlb-mil-chc-2025-06-17,76440473074388722537799893602404687230922238288182630419521127770642474448937,552798,0.42,45.85,bid,1750209997785
mlb-mil-chc-2025-06-17,5899348323059455657630528606815138588415095483052205208567031442326527433126,552798,0.55,45.85,bid,1750209997785
mlb-mil-chc-2025-06-17,5899348323059455657630528606815138588415095483052205208567031442326527433126,552798,0.55,36.15,bid,1750209997785
mlb-mil-chc-2025-06-17,76440473074388722537799893602404687230922238288182630419521127770642474448937,552798,0.43,36.15,bid,1750209997785
mlb-mil-chc-2025-06-17,76440473074388722537799893602404687230922238288182630419521127770642474448937,552798,0.42,45.85,bid,1750209997887
mlb-mil-chc-2025-06-17,5899348323059455657630528606815138588415095483052205208567031442326527433126,552798,0.55,45.85,bid,1750209997887
mlb-mil-chc-2025-06-17,5899348323059455657630528606815138588415095483052205208567031442326527433126,552798,0.55,36.15,bid,1750209997887
mlb-mil-chc-2025-06-17,76440473074388722537799893602404687230922238288182630419521127770642474448937,552798,0.43,36.15,bid,1750209997887
mlb-mil-chc-2025-06-17,76440473074388722537799893602404687230922238288182630419521127770642474448937,552798,0.42,45.85,bid,1750209998227
mlb-mil-chc-2025-06-17,5899348323059455657630528606815138588415095483052205208567031442326527433126,552798,0.55,45.85,bid,1750209998227
mlb-mil-chc-2025-06-17,5899348323059455657630528606815138588415095483052205208567031442326527433126,552798,0.55,36.15,bid,1750209998227
mlb-mil-chc-2025-06-17,76440473074388722537799893602404687230922238288182630419521127770642474448937,552798,0.43,36.15,bid,1750209998227
mlb-mil-chc-2025-06-17,76440473074388722537799893602404687230922238288182630419521127770642474448937,552798,0.42,45.85,bid,1750209998312
mlb-mil-chc-2025-06-17,5899348323059455657630528606815138588415095483052205208567031442326527433126,552798,0.55,45.85,bid,1750209998312
mlb-mil-chc-2025-06-17,5899348323059455657630528606815138588415095483052205208567031442326527433126,552798,0.55,36.15,bid,1750209998312
mlb-mil-chc-2025-06-17,76440473074388722537799893602404687230922238288182630419521127770642474448937,552798,0.43,36.15,bid,1750209998312
mlb-mil-chc-2025-06-17,76440473074388722537799893602404687230922238288182630419521127770642474448937,552798,0.42,45.85,bid,1750209999306
mlb-mil-chc-2025-06-17,5899348323059455657630528606815138588415095483052205208567031442326527433126,552798,0.55,45.85,bid,1750209999306
mlb-mil-chc-2025-06-17,5899348323059455657630528606815138588415095483052205208567031442326527433126,552798,0.55,36.15,bid,1750209999306
mlb-mil-chc-2025-06-17,76440473074388722537799893602404687230922238288182630419521127770642474448937,552798,0.43,36.15,bid,1750209999306
mlb-mil-chc-2025-06-17,76440473074388722537799893602404687230922238288182630419521127770642474448937,552798,0.42,45.85,bid,1750209999397
mlb-mil-chc-2025-06-17,5899348323059455657630528606815138588415095483052205208567031442326527433126,552798,0.55,45.85,bid,1750209999397
mlb-mil-chc-2025-06-17,5899348323059455657630528606815138588415095483052205208567031442326527433126,552798,0.55,36.15,bid,1750209999397
mlb-mil-chc-2025-06-17,76440473074388722537799893602404687230922238288182630419521127770642474448937,552798,0.43,36.15,bid,1750209999397
mlb-mil-chc-2025-06-17,76440473074388722537799893602404687230922238288182630419521127770642474448937,552798,0.42,45.85,bid,1750209999502
mlb-mil-chc-2025-06-17,5899348323059455657630528606815138588415095483052205208567031442326527433126,552798,0.55,45.85,bid,1750209999502
mlb-mil-chc-2025-06-17,5899348323059455657630528606815138588415095483052205208567031442326527433126,552798,0.55,36.15,bid,1750209999502
mlb-mil-chc-2025-06-17,76440473074388722537799893602404687230922238288182630419521127770642474448937,552798,0.43,36.15,bid,1750209999502
mlb-mil-chc-2025-06-17,76440473074388722537799893602404687230922238288182630419521127770642474448937,552798,0.42,45.85,bid,1750209999596
mlb-mil-chc-2025-06-17,5899348323059455657630528606815138588415095483052205208567031442326527433126,552798,0.55,45.85,bid,1750209999596
mlb-mil-chc-2025-06-17,5899348323059455657630528606815138588415095483052205208567031442326527433126,552798,0.55,36.15,bid,1750209999596
mlb-mil-chc-2025-06-17,76440473074388722537799893602404687230922238288182630419521127770642474448937,552798,0.43,36.15,bid,1750209999596
mlb-mil-chc-2025-06-17,76440473074388722537799893602404687230922238288182630419521127770642474448937,552798,0.42,45.85,bid,1750209999728
mlb-mil-chc-2025-06-17,5899348323059455657630528606815138588415095483052205208567031442326527433126,552798,0.55,45.85,bid,1750209999728
mlb-mil-chc-2025-06-17,5899348323059455657630528606815138588415095483052205208567031442326527433126,552798,0.55,36.15,bid,1750209999728
mlb-mil-chc-2025-06-17,76440473074388722537799893602404687230922238288182630419521127770642474448937,552798,0.43,36.15,bid,1750209999728
mlb-mil-chc-2025-06-17,76440473074388722537799893602404687230922238288182630419521127770642474448937,552798,0.42,45.85,bid,1750209999829
mlb-mil-chc-2025-06-17,5899348323059455657630528606815138588415095483052205208567031442326527433126,552798,0.55,45.85,bid,1750209999829
mlb-mil-chc-2025-06-17,5899348323059455657630528606815138588415095483052205208567031442326527433126,552798,0.55,36.15,bid,1750209999829
mlb-mil-chc-2025-06-17,76440473074388722537799893602404687230922238288182630419521127770642474448937,552798,0.43,36.15,bid,1750209999829
mlb-mil-chc-2025-06-17,76440473074388722537799893602404687230922238288182630419521127770642474448937,552798,0.42,45.85,bid,1750209999906
mlb-mil-chc-2025-06-17,5899348323059455657630528606815138588415095483052205208567031442326527433126,552798,0.55,45.85,bid,1750209999906
mlb-mil-chc-2025-06-17,5899348323059455657630528606815138588415095483052205208567031442326527433126,552798,0.55,36.15,bid,1750209999906
mlb-mil-chc-2025-06-17,76440473074388722537799893602404687230922238288182630419521127770642474448937,552798,0.43,36.15,bid,1750209999906
mlb-mil-chc-2025-06-17,76440473074388722537799893602404687230922238288182630419521127770642474448937,552798,0.42,45.85,bid,1750210000011
mlb-mil-chc-2025-06-17,5899348323059455657630528606815138588415095483052205208567031442326527433126,552798,0.55,45.85,bid,1750210000011
mlb-mil-chc-2025-06-17,5899348323059455657630528606815138588415095483052205208567031442326527433126,552798,0.55,36.15,bid,1750210000011
mlb-mil-chc-2025-06-17,76440473074388722537799893602404687230922238288182630419521127770642474448937,552798,0.43,36.15,bid,1750210000011
mlb-mil-chc-2025-06-17,76440473074388722537799893602404687230922238288182630419521127770642474448937,552798,0.42,45.85,bid,1750210000114
mlb-mil-chc-2025-06-17,5899348323059455657630528606815138588415095483052205208567031442326527433126,552798,0.55,45.85,bid,1750210000114
mlb-mil-chc-2025-06-17,5899348323059455657630528606815138588415095483052205208567031442326527433126,552798,0.55,36.15,bid,1750210000114
mlb-mil-chc-2025-06-17,76440473074388722537799893602404687230922238288182630419521127770642474448937,552798,0.43,36.15,bid,1750210000114
mlb-mil-chc-2025-06-17,76440473074388722537799893602404687230922238288182630419521127770642474448937,552798,0.42,45.85,bid,1750210000201
mlb-mil-chc-2025-06-17,5899348323059455657630528606815138588415095483052205208567031442326527433126,552798,0.55,45.85,bid,1750210000201
mlb-mil-chc-2025-06-17,5899348323059455657630528606815138588415095483052205208567031442326527433126,552798,0.55,36.15,bid,1750210000201
mlb-mil-chc-2025-06-17,76440473074388722537799893602404687230922238288182630419521127770642474448937,552798,0.43,36.15,bid,1750210000201
mlb-mil-chc-2025-06-17,76440473074388722537799893602404687230922238288182630419521127770642474448937,552798,0.42,45.85,bid,1750210000687
mlb-mil-chc-2025-06-17,5899348323059455657630528606815138588415095483052205208567031442326527433126,552798,0.55,45.85,bid,1750210000687
mlb-mil-chc-2025-06-17,5899348323059455657630528606815138588415095483052205208567031442326527433126,552798,0.55,36.15,bid,1750210000687
mlb-mil-chc-2025-06-17,76440473074388722537799893602404687230922238288182630419521127770642474448937,552798,0.43,36.15,bid,1750210000687
mlb-mil-chc-2025-06-17,76440473074388722537799893602404687230922238288182630419521127770642474448937,552798,0.42,45.85,bid,1750210000928
mlb-mil-chc-2025-06-17,5899348323059455657630528606815138588415095483052205208567031442326527433126,552798,0.55,45.85,bid,1750210000928
mlb-mil-chc-2025-06-17,5899348323059455657630528606815138588415095483052205208567031442326527433126,552798,0.55,36.15,bid,1750210000928
mlb-mil-chc-2025-06-17,76440473074388722537799893602404687230922238288182630419521127770642474448937,552798,0.43,36.15,bid,1750210000928
mlb-mil-chc-2025-06-17,76440473074388722537799893602404687230922238288182630419521127770642474448937,552798,0.42,45.85,bid,1750210001008
mlb-mil-chc-2025-06-17,5899348323059455657630528606815138588415095483052205208567031442326527433126,552798,0.55,45.85,bid,1750210001008
mlb-mil-chc-2025-06-17,5899348323059455657630528606815138588415095483052205208567031442326527433126,552798,0.55,36.15,bid,1750210001008
mlb-mil-chc-2025-06-17,76440473074388722537799893602404687230922238288182630419521127770642474448937,552798,0.43,36.15,bid,1750210001008
mlb-mil-chc-2025-06-17,76440473074388722537799893602404687230922238288182630419521127770642474448937,552798,0.42,45.85,bid,1750210001137
mlb-mil-chc-2025-06-17,5899348323059455657630528606815138588415095483052205208567031442326527433126,552798,0.55,45.85,bid,1750210001137
mlb-mil-chc-2025-06-17,5899348323059455657630528606815138588415095483052205208567031442326527433126,552798,0.55,36.15,bid,1750210001137
mlb-mil-chc-2025-06-17,76440473074388722537799893602404687230922238288182630419521127770642474448937,552798,0.43,36.15,bid,1750210001137
mlb-mil-chc-2025-06-17,76440473074388722537799893602404687230922238288182630419521127770642474448937,552798,0.42,45.85,bid,1750210001213
mlb-mil-chc-2025-06-17,5899348323059455657630528606815138588415095483052205208567031442326527433126,552798,0.55,45.85,bid,1750210001213
mlb-mil-chc-2025-06-17,5899348323059455657630528606815138588415095483052205208567031442326527433126,552798,0.55,36.15,bid,1750210001213
mlb-mil-chc-2025-06-17,76440473074388722537799893602404687230922238288182630419521127770642474448937,552798,0.43,36.15,bid,1750210001213
mlb-mil-chc-2025-06-17,76440473074388722537799893602404687230922238288182630419521127770642474448937,552798,0.42,45.85,bid,1750210001308
mlb-mil-chc-2025-06-17,5899348323059455657630528606815138588415095483052205208567031442326527433126,552798,0.55,45.85,bid,1750210001308
mlb-mil-chc-2025-06-17,5899348323059455657630528606815138588415095483052205208567031442326527433126,552798,0.55,36.15,bid,1750210001308
mlb-mil-chc-2025-06-17,76440473074388722537799893602404687230922238288182630419521127770642474448937,552798,0.43,36.15,bid,1750210001308
mlb-mil-chc-2025-06-17,76440473074388722537799893602404687230922238288182630419521127770642474448937,552798,0.42,45.85,bid,1750210001398
mlb-mil-chc-2025-06-17,5899348323059455657630528606815138588415095483052205208567031442326527433126,552798,0.55,45.85,bid,1750210001398
mlb-mil-chc-2025-06-17,5899348323059455657630528606815138588415095483052205208567031442326527433126,552798,0.55,36.15,bid,1750210001398
mlb-mil-chc-2025-06-17,76440473074388722537799893602404687230922238288182630419521127770642474448937,552798,0.43,36.15,bid,1750210001398
mlb-mil-chc-2025-06-17,76440473074388722537799893602404687230922238288182630419521127770642474448937,552798,0.42,45.85,bid,1750210001518
mlb-mil-chc-2025-06-17,5899348323059455657630528606815138588415095483052205208567031442326527433126,552798,0.55,45.85,bid,1750210001518
mlb-mil-chc-2025-06-17,76440473074388722537799893602404687230922238288182630419521127770642474448937,552798,0.42,45.85,bid,1750210001600
mlb-mil-chc-2025-06-17,5899348323059455657630528606815138588415095483052205208567031442326527433126,552798,0.55,45.85,bid,1750210001600
mlb-mil-chc-2025-06-17,76440473074388722537799893602404687230922238288182630419521127770642474448937,552798,0.42,45.85,bid,1750210001682
mlb-mil-chc-2025-06-17,5899348323059455657630528606815138588415095483052205208567031442326527433126,552798,0.55,45.85,bid,1750210001682
mlb-mil-chc-2025-06-17,76440473074388722537799893602404687230922238288182630419521127770642474448937,552798,0.42,45.85,bid,1750210002013
mlb-mil-chc-2025-06-17,5899348323059455657630528606815138588415095483052205208567031442326527433126,552798,0.55,45.85,bid,1750210002013
mlb-mil-chc-2025-06-17,76440473074388722537799893602404687230922238288182630419521127770642474448937,552798,0.42,45.85,bid,1750210002231
mlb-mil-chc-2025-06-17,5899348323059455657630528606815138588415095483052205208567031442326527433126,552798,0.55,45.85,bid,1750210002231
mlb-mil-chc-2025-06-17,76440473074388722537799893602404687230922238288182630419521127770642474448937,552798,0.42,45.85,bid,1750210002311
mlb-mil-chc-2025-06-17,5899348323059455657630528606815138588415095483052205208567031442326527433126,552798,0.55,45.85,bid,1750210002311
mlb-mil-chc-2025-06-17,76440473074388722537799893602404687230922238288182630419521127770642474448937,552798,0.42,45.85,bid,1750210003024
mlb-mil-chc-2025-06-17,5899348323059455657630528606815138588415095483052205208567031442326527433126,552798,0.55,45.85,bid,1750210003024
mlb-mil-chc-2025-06-17,76440473074388722537799893602404687230922238288182630419521127770642474448937,552798,0.42,45.85,bid,1750210003340
mlb-mil-chc-2025-06-17,5899348323059455657630528606815138588415095483052205208567031442326527433126,552798,0.55,45.85,bid,1750210003340
mlb-mil-chc-2025-06-17,76440473074388722537799893602404687230922238288182630419521127770642474448937,552798,0.42,45.85,bid,1750210003526
mlb-mil-chc-2025-06-17,5899348323059455657630528606815138588415095483052205208567031442326527433126,552798,0.55,45.85,bid,1750210003526
mlb-mil-chc-2025-06-17,76440473074388722537799893602404687230922238288182630419521127770642474448937,552798,0.42,45.85,bid,1750210003631
mlb-mil-chc-2025-06-17,5899348323059455657630528606815138588415095483052205208567031442326527433126,552798,0.55,45.85,bid,1750210003631
mlb-mil-chc-2025-06-17,76440473074388722537799893602404687230922238288182630419521127770642474448937,552798,0.42,45.85,bid,1750210004011
mlb-mil-chc-2025-06-17,5899348323059455657630528606815138588415095483052205208567031442326527433126,552798,0.55,45.85,bid,1750210004011
mlb-mil-chc-2025-06-17,76440473074388722537799893602404687230922238288182630419521127770642474448937,552798,0.42,45.85,bid,1750210004100
mlb-mil-chc-2025-06-17,5899348323059455657630528606815138588415095483052205208567031442326527433126,552798,0.55,45.85,bid,1750210004100
mlb-mil-chc-2025-06-17,76440473074388722537799893602404687230922238288182630419521127770642474448937,552798,0.42,45.85,bid,1750210004220
mlb-mil-chc-2025-06-17,5899348323059455657630528606815138588415095483052205208567031442326527433126,552798,0.55,45.85,bid,1750210004220
mlb-mil-chc-2025-06-17,76440473074388722537799893602404687230922238288182630419521127770642474448937,552798,0.42,45.85,bid,1750210004814
mlb-mil-chc-2025-06-17,5899348323059455657630528606815138588415095483052205208567031442326527433126,552798,0.55,45.85,bid,1750210004814
mlb-mil-chc-2025-06-17,76440473074388722537799893602404687230922238288182630419521127770642474448937,552798,0.42,45.85,bid,1750210005721
mlb-mil-chc-2025-06-17,5899348323059455657630528606815138588415095483052205208567031442326527433126,552798,0.55,45.85,bid,1750210005721
mlb-mil-chc-2025-06-17,76440473074388722537799893602404687230922238288182630419521127770642474448937,552798,0.42,45.85,bid,1750210008627
mlb-mil-chc-2025-06-17,5899348323059455657630528606815138588415095483052205208567031442326527433126,552798,0.55,45.85,bid,1750210008627
mlb-mil-chc-2025-06-17,76440473074388722537799893602404687230922238288182630419521127770642474448937,552798,0.42,45.85,bid,1750210008727
mlb-mil-chc-2025-06-17,5899348323059455657630528606815138588415095483052205208567031442326527433126,552798,0.55,45.85,bid,1750210008727
mlb-mil-chc-2025-06-17,76440473074388722537799893602404687230922238288182630419521127770642474448937,552798,0.42,45.85,bid,1750210008813
mlb-mil-chc-2025-06-17,5899348323059455657630528606815138588415095483052205208567031442326527433126,552798,0.55,45.85,bid,1750210008813
mlb-mil-chc-2025-06-17,76440473074388722537799893602404687230922238288182630419521127770642474448937,552798,0.42,45.85,bid,1750210008945
mlb-mil-chc-2025-06-17,5899348323059455657630528606815138588415095483052205208567031442326527433126,552798,0.55,45.85,bid,1750210008945
mlb-mil-chc-2025-06-17,76440473074388722537799893602404687230922238288182630419521127770642474448937,552798,0.42,45.85,bid,1750210009038
mlb-mil-chc-2025-06-17,5899348323059455657630528606815138588415095483052205208567031442326527433126,552798,0.55,45.85,bid,1750210009038
mlb-mil-chc-2025-06-17,76440473074388722537799893602404687230922238288182630419521127770642474448937,552798,0.42,45.85,bid,1750210009331
mlb-mil-chc-2025-06-17,5899348323059455657630528606815138588415095483052205208567031442326527433126,552798,0.55,45.85,bid,1750210009331
mlb-mil-chc-2025-06-17,76440473074388722537799893602404687230922238288182630419521127770642474448937,552798,0.42,45.85,bid,1750210009620
mlb-mil-chc-2025-06-17,5899348323059455657630528606815138588415095483052205208567031442326527433126,552798,0.55,45.85,bid,1750210009620
mlb-mil-chc-2025-06-17,76440473074388722537799893602404687230922238288182630419521127770642474448937,552798,0.42,45.85,bid,1750210009978
mlb-mil-chc-2025-06-17,5899348323059455657630528606815138588415095483052205208567031442326527433126,552798,0.55,45.85,bid,1750210009978
mlb-mil-chc-2025-06-17,76440473074388722537799893602404687230922238288182630419521127770642474448937,552798,0.42,45.85,bid,1750210010041
mlb-mil-chc-2025-06-17,5899348323059455657630528606815138588415095483052205208567031442326527433126,552798,0.55,45.85,bid,1750210010041
mlb-mil-chc-2025-06-17,76440473074388722537799893602404687230922238288182630419521127770642474448937,552798,0.42,45.85,bid,1750210011442
mlb-mil-chc-2025-06-17,5899348323059455657630528606815138588415095483052205208567031442326527433126,552798,0.55,45.85,bid,1750210011442
mlb-mil-chc-2025-06-17,76440473074388722537799893602404687230922238288182630419521127770642474448937,552798,0.42,45.85,bid,1750210013164
mlb-mil-chc-2025-06-17,5899348323059455657630528606815138588415095483052205208567031442326527433126,552798,0.55,45.85,bid,1750210013164
mlb-mil-chc-2025-06-17,76440473074388722537799893602404687230922238288182630419521127770642474448937,552798,0.42,45.85,bid,1750210013470
mlb-mil-chc-2025-06-17,5899348323059455657630528606815138588415095483052205208567031442326527433126,552798,0.55,45.85,bid,1750210013470
mlb-mil-chc-2025-06-17,76440473074388722537799893602404687230922238288182630419521127770642474448937,552798,0.42,45.85,bid,1750210013855
mlb-mil-chc-2025-06-17,5899348323059455657630528606815138588415095483052205208567031442326527433126,552798,0.55,45.85,bid,1750210013855
mlb-mil-chc-2025-06-17,76440473074388722537799893602404687230922238288182630419521127770642474448937,552798,0.42,45.85,bid,1750210014199
mlb-mil-chc-2025-06-17,5899348323059455657630528606815138588415095483052205208567031442326527433126,552798,0.55,45.85,bid,1750210014199
mlb-mil-chc-2025-06-17,76440473074388722537799893602404687230922238288182630419521127770642474448937,552798,0.42,45.85,bid,1750210018464
mlb-mil-chc-2025-06-17,5899348323059455657630528606815138588415095483052205208567031442326527433126,552798,0.55,45.85,bid,1750210018464
mlb-mil-chc-2025-06-17,76440473074388722537799893602404687230922238288182630419521127770642474448937,552798,0.42,45.85,bid,1750210019296
mlb-mil-chc-2025-06-17,5899348323059455657630528606815138588415095483052205208567031442326527433126,552798,0.55,45.85,bid,1750210019296
mlb-mil-chc-2025-06-17,76440473074388722537799893602404687230922238288182630419521127770642474448937,552798,0.42,45.85,bid,1750210019496
mlb-mil-chc-2025-06-17,5899348323059455657630528606815138588415095483052205208567031442326527433126,552798,0.55,45.85,bid,1750210019496
mlb-mil-chc-2025-06-17,76440473074388722537799893602404687230922238288182630419521127770642474448937,552798,0.42,45.85,bid,1750210020686
mlb-mil-chc-2025-06-17,5899348323059455657630528606815138588415095483052205208567031442326527433126,552798,0.55,45.85,bid,1750210020686
mlb-mil-chc-2025-06-17,76440473074388722537799893602404687230922238288182630419521127770642474448937,552798,0.42,45.85,bid,1750210020901
mlb-mil-chc-2025-06-17,5899348323059455657630528606815138588415095483052205208567031442326527433126,552798,0.55,45.85,bid,1750210020901
mlb-mil-chc-2025-06-17,76440473074388722537799893602404687230922238288182630419521127770642474448937,552798,0.42,45.85,bid,1750210022566
mlb-mil-chc-2025-06-17,5899348323059455657630528606815138588415095483052205208567031442326527433126,552798,0.55,45.85,bid,1750210022566
mlb-mil-chc-2025-06-17,76440473074388722537799893602404687230922238288182630419521127770642474448937,552798,0.42,45.85,bid,1750210022894
mlb-mil-chc-2025-06-17,5899348323059455657630528606815138588415095483052205208567031442326527433126,552798,0.55,45.85,bid,1750210022894
mlb-mil-chc-2025-06-17,76440473074388722537799893602404687230922238288182630419521127770642474448937,552798,0.42,45.85,bid,1750210022988
mlb-mil-chc-2025-06-17,5899348323059455657630528606815138588415095483052205208567031442326527433126,552798,0.55,45.85,bid,1750210022988
mlb-mil-chc-2025-06-17,76440473074388722537799893602404687230922238288182630419521127770642474448937,552798,0.42,45.85,bid,1750210023535
mlb-mil-chc-2025-06-17,5899348323059455657630528606815138588415095483052205208567031442326527433126,552798,0.55,45.85,bid,1750210023535
mlb-mil-chc-2025-06-17,76440473074388722537799893602404687230922238288182630419521127770642474448937,552798,0.42,45.85,bid,1750210027531
mlb-mil-chc-2025-06-17,5899348323059455657630528606815138588415095483052205208567031442326527433126,552798,0.55,45.85,bid,1750210027531
mlb-mil-chc-2025-06-17,76440473074388722537799893602404687230922238288182630419521127770642474448937,552798,0.42,45.85,bid,1750210028412
mlb-mil-chc-2025-06-17,5899348323059455657630528606815138588415095483052205208567031442326527433126,552798,0.55,45.85,bid,1750210028412
mlb-mil-chc-2025-06-17,76440473074388722537799893602404687230922238288182630419521127770642474448937,552798,0.42,45.85,bid,1750210028633
mlb-mil-chc-2025-06-17,5899348323059455657630528606815138588415095483052205208567031442326527433126,552798,0.55,45.85,bid,1750210028633
mlb-mil-chc-2025-06-17,76440473074388722537799893602404687230922238288182630419521127770642474448937,552798,0.42,45.85,bid,1750210029063
mlb-mil-chc-2025-06-17,5899348323059455657630528606815138588415095483052205208567031442326527433126,552798,0.55,45.85,bid,1750210029063
mlb-mil-chc-2025-06-17,76440473074388722537799893602404687230922238288182630419521127770642474448937,552798,0.42,45.85,bid,1750210029147
mlb-mil-chc-2025-06-17,5899348323059455657630528606815138588415095483052205208567031442326527433126,552798,0.55,45.85,bid,1750210029147
mlb-mil-chc-2025-06-17,76440473074388722537799893602404687230922238288182630419521127770642474448937,552798,0.42,45.85,bid,1750210029246
mlb-mil-chc-2025-06-17,5899348323059455657630528606815138588415095483052205208567031442326527433126,552798,0.55,45.85,bid,1750210029246
mlb-mil-chc-2025-06-17,76440473074388722537799893602404687230922238288182630419521127770642474448937,552798,0.42,45.85,bid,1750210029450
mlb-mil-chc-2025-06-17,5899348323059455657630528606815138588415095483052205208567031442326527433126,552798,0.55,45.85,bid,1750210029450
mlb-mil-chc-2025-06-17,76440473074388722537799893602404687230922238288182630419521127770642474448937,552798,0.42,45.85,bid,1750210029546
mlb-mil-chc-2025-06-17,5899348323059455657630528606815138588415095483052205208567031442326527433126,552798,0.55,45.85,bid,1750210029546
mlb-mil-chc-2025-06-17,76440473074388722537799893602404687230922238288182630419521127770642474448937,552798,0.42,45.85,bid,1750210029669
mlb-mil-chc-2025-06-17,5899348323059455657630528606815138588415095483052205208567031442326527433126,552798,0.55,45.85,bid,1750210029669
mlb-mil-chc-2025-06-17,76440473074388722537799893602404687230922238288182630419521127770642474448937,552798,0.42,45.85,bid,1750210029831
mlb-mil-chc-2025-06-17,5899348323059455657630528606815138588415095483052205208567031442326527433126,552798,0.55,45.85,bid,1750210029831
mlb-mil-chc-2025-06-17,76440473074388722537799893602404687230922238288182630419521127770642474448937,552798,0.42,45.85,bid,1750210029962
mlb-mil-chc-2025-06-17,5899348323059455657630528606815138588415095483052205208567031442326527433126,552798,0.55,45.85,bid,1750210029962
mlb-mil-chc-2025-06-17,76440473074388722537799893602404687230922238288182630419521127770642474448937,552798,0.42,45.85,bid,1750210030058
mlb-mil-chc-2025-06-17,5899348323059455657630528606815138588415095483052205208567031442326527433126,552798,0.55,45.85,bid,1750210030058
mlb-mil-chc-2025-06-17,76440473074388722537799893602404687230922238288182630419521127770642474448937,552798,0.42,45.85,bid,1750210030350
mlb-mil-chc-2025-06-17,5899348323059455657630528606815138588415095483052205208567031442326527433126,552798,0.55,45.85,bid,1750210030350
mlb-mil-chc-2025-06-17,76440473074388722537799893602404687230922238288182630419521127770642474448937,552798,0.42,45.85,bid,1750210030774
mlb-mil-chc-2025-06-17,5899348323059455657630528606815138588415095483052205208567031442326527433126,552798,0.55,45.85,bid,1750210030774
mlb-mil-chc-2025-06-17,76440473074388722537799893602404687230922238288182630419521127770642474448937,552798,0.42,45.85,bid,1750210032693
mlb-mil-chc-2025-06-17,5899348323059455657630528606815138588415095483052205208567031442326527433126,552798,0.55,45.85,bid,1750210032693
mlb-mil-chc-2025-06-17,76440473074388722537799893602404687230922238288182630419521127770642474448937,552798,0.42,45.85,bid,1750210033346
mlb-mil-chc-2025-06-17,5899348323059455657630528606815138588415095483052205208567031442326527433126,552798,0.55,45.85,bid,1750210033346
mlb-mil-chc-2025-06-17,76440473074388722537799893602404687230922238288182630419521127770642474448937,552798,0.42,45.85,bid,1750210033754
mlb-mil-chc-2025-06-17,5899348323059455657630528606815138588415095483052205208567031442326527433126,552798,0.55,45.85,bid,1750210033754
mlb-mil-chc-2025-06-17,76440473074388722537799893602404687230922238288182630419521127770642474448937,552798,0.42,45.85,bid,1750210034175
mlb-mil-chc-2025-06-17,5899348323059455657630528606815138588415095483052205208567031442326527433126,552798,0.55,45.85,bid,1750210034175
mlb-mil-chc-2025-06-17,76440473074388722537799893602404687230922238288182630419521127770642474448937,552798,0.42,45.85,bid,1750210036161
mlb-mil-chc-2025-06-17,5899348323059455657630528606815138588415095483052205208567031442326527433126,552798,0.55,45.85,bid,1750210036161
mlb-mil-chc-2025-06-17,76440473074388722537799893602404687230922238288182630419521127770642474448937,552798,0.42,45.85,bid,1750210036911
mlb-mil-chc-2025-06-17,5899348323059455657630528606815138588415095483052205208567031442326527433126,552798,0.55,45.85,bid,1750210036911
mlb-mil-chc-2025-06-17,76440473074388722537799893602404687230922238288182630419521127770642474448937,552798,0.42,45.85,bid,1750210036963
mlb-mil-chc-2025-06-17,5899348323059455657630528606815138588415095483052205208567031442326527433126,552798,0.55,45.85,bid,1750210036963
mlb-mil-chc-2025-06-17,76440473074388722537799893602404687230922238288182630419521127770642474448937,552798,0.42,45.85,bid,1750210038655
mlb-mil-chc-2025-06-17,5899348323059455657630528606815138588415095483052205208567031442326527433126,552798,0.55,45.85,bid,1750210038655
mlb-mil-chc-2025-06-17,76440473074388722537799893602404687230922238288182630419521127770642474448937,552798,0.42,45.85,bid,1750210040483
mlb-mil-chc-2025-06-17,5899348323059455657630528606815138588415095483052205208567031442326527433126,552798,0.55,45.85,bid,1750210040483
mlb-mil-chc-2025-06-17,76440473074388722537799893602404687230922238288182630419521127770642474448937,552798,0.42,45.85,bid,1750210042508
mlb-mil-chc-2025-06-17,5899348323059455657630528606815138588415095483052205208567031442326527433126,552798,0.55,45.85,bid,1750210042508
mlb-mil-chc-2025-06-17,76440473074388722537799893602404687230922238288182630419521127770642474448937,552798,0.42,45.85,bid,1750210042886
mlb-mil-chc-2025-06-17,5899348323059455657630528606815138588415095483052205208567031442326527433126,552798,0.55,45.85,bid,1750210042886
mlb-mil-chc-2025-06-17,76440473074388722537799893602404687230922238288182630419521127770642474448937,552798,0.42,45.85,bid,1750210043599
mlb-mil-chc-2025-06-17,5899348323059455657630528606815138588415095483052205208567031442326527433126,552798,0.55,45.85,bid,1750210043599
mlb-mil-chc-2025-06-17,76440473074388722537799893602404687230922238288182630419521127770642474448937,552798,0.42,45.85,bid,1750210045455
mlb-mil-chc-2025-06-17,5899348323059455657630528606815138588415095483052205208567031442326527433126,552798,0.55,45.85,bid,1750210045455
mlb-mil-chc-2025-06-17,76440473074388722537799893602404687230922238288182630419521127770642474448937,552798,0.42,45.85,bid,1750210045516
mlb-mil-chc-2025-06-17,5899348323059455657630528606815138588415095483052205208567031442326527433126,552798,0.55,45.85,bid,1750210045516
mlb-mil-chc-2025-06-17,76440473074388722537799893602404687230922238288182630419521127770642474448937,552798,0.42,45.85,bid,1750210045785
mlb-mil-chc-2025-06-17,5899348323059455657630528606815138588415095483052205208567031442326527433126,552798,0.55,45.85,bid,1750210045785
mlb-mil-chc-2025-06-17,76440473074388722537799893602404687230922238288182630419521127770642474448937,552798,0.42,45.85,bid,1750210045934
mlb-mil-chc-2025-06-17,5899348323059455657630528606815138588415095483052205208567031442326527433126,552798,0.55,45.85,bid,1750210045934
mlb-mil-chc-2025-06-17,76440473074388722537799893602404687230922238288182630419521127770642474448937,552798,0.42,45.85,bid,1750210046320
mlb-mil-chc-2025-06-17,5899348323059455657630528606815138588415095483052205208567031442326527433126,552798,0.55,45.85,bid,1750210046320
mlb-mil-chc-2025-06-17,76440473074388722537799893602404687230922238288182630419521127770642474448937,552798,0.42,45.85,bid,1750210046421
mlb-mil-chc-2025-06-17,5899348323059455657630528606815138588415095483052205208567031442326527433126,552798,0.55,45.85,bid,1750210046421
mlb-mil-chc-2025-06-17,76440473074388722537799893602404687230922238288182630419521127770642474448937,552798,0.42,45.85,bid,1750210046515
mlb-mil-chc-2025-06-17,5899348323059455657630528606815138588415095483052205208567031442326527433126,552798,0.55,45.85,bid,1750210046515
mlb-mil-chc-2025-06-17,76440473074388722537799893602404687230922238288182630419521127770642474448937,552798,0.42,45.85,bid,1750210048134
mlb-mil-chc-2025-06-17,5899348323059455657630528606815138588415095483052205208567031442326527433126,552798,0.55,45.85,bid,1750210048134
mlb-mil-chc-2025-06-17,76440473074388722537799893602404687230922238288182630419521127770642474448937,552798,0.42,45.85,bid,1750210048333
mlb-mil-chc-2025-06-17,5899348323059455657630528606815138588415095483052205208567031442326527433126,552798,0.55,45.85,bid,1750210048333
mlb-mil-chc-2025-06-17,76440473074388722537799893602404687230922238288182630419521127770642474448937,552798,0.42,45.85,bid,1750210048509
mlb-mil-chc-2025-06-17,5899348323059455657630528606815138588415095483052205208567031442326527433126,552798,0.55,45.85,bid,1750210048509
mlb-mil-chc-2025-06-17,76440473074388722537799893602404687230922238288182630419521127770642474448937,552798,0.42,45.85,bid,1750210048906
mlb-mil-chc-2025-06-17,5899348323059455657630528606815138588415095483052205208567031442326527433126,552798,0.55,45.85,bid,1750210048906
mlb-mil-chc-2025-06-17,76440473074388722537799893602404687230922238288182630419521127770642474448937,552798,0.42,45.85,bid,1750210049012
mlb-mil-chc-2025-06-17,5899348323059455657630528606815138588415095483052205208567031442326527433126,552798,0.55,45.85,bid,1750210049012
mlb-mil-chc-2025-06-17,76440473074388722537799893602404687230922238288182630419521127770642474448937,552798,0.42,45.85,bid,1750210049139
mlb-mil-chc-2025-06-17,5899348323059455657630528606815138588415095483052205208567031442326527433126,552798,0.55,45.85,bid,1750210049139
mlb-mil-chc-2025-06-17,76440473074388722537799893602404687230922238288182630419521127770642474448937,552798,0.42,45.85,bid,1750210049732
mlb-mil-chc-2025-06-17,5899348323059455657630528606815138588415095483052205208567031442326527433126,552798,0.55,45.85,bid,1750210049732
mlb-mil-chc-2025-06-17,76440473074388722537799893602404687230922238288182630419521127770642474448937,552798,0.42,45.85,bid,1750210050056
mlb-mil-chc-2025-06-17,5899348323059455657630528606815138588415095483052205208567031442326527433126,552798,0.55,45.85,bid,1750210050056
mlb-mil-chc-2025-06-17,76440473074388722537799893602404687230922238288182630419521127770642474448937,552798,0.42,45.85,bid,1750210050349
mlb-mil-chc-2025-06-17,5899348323059455657630528606815138588415095483052205208567031442326527433126,552798,0.55,45.85,bid,1750210050349
mlb-mil-chc-2025-06-17,76440473074388722537799893602404687230922238288182630419521127770642474448937,552798,0.42,45.85,bid,1750210050955
mlb-mil-chc-2025-06-17,5899348323059455657630528606815138588415095483052205208567031442326527433126,552798,0.55,45.85,bid,1750210050955
mlb-mil-chc-2025-06-17,76440473074388722537799893602404687230922238288182630419521127770642474448937,552798,0.42,45.85,bid,1750210053730
mlb-mil-chc-2025-06-17,5899348323059455657630528606815138588415095483052205208567031442326527433126,552798,0.55,45.85,bid,1750210053730
mlb-mil-chc-2025-06-17,76440473074388722537799893602404687230922238288182630419521127770642474448937,552798,0.42,45.85,bid,1750210053940
mlb-mil-chc-2025-06-17,5899348323059455657630528606815138588415095483052205208567031442326527433126,552798,0.55,45.85,bid,1750210053940
mlb-mil-chc-2025-06-17,76440473074388722537799893602404687230922238288182630419521127770642474448937,552798,0.42,45.85,bid,1750210054066
mlb-mil-chc-2025-06-17,5899348323059455657630528606815138588415095483052205208567031442326527433126,552798,0.55,45.85,bid,1750210054066
mlb-mil-chc-2025-06-17,76440473074388722537799893602404687230922238288182630419521127770642474448937,552798,0.42,45.85,bid,1750210054245
mlb-mil-chc-2025-06-17,5899348323059455657630528606815138588415095483052205208567031442326527433126,552798,0.55,45.85,bid,1750210054245
mlb-mil-chc-2025-06-17,76440473074388722537799893602404687230922238288182630419521127770642474448937,552798,0.42,45.85,bid,1750210054337
mlb-mil-chc-2025-06-17,5899348323059455657630528606815138588415095483052205208567031442326527433126,552798,0.55,45.85,bid,1750210054337
mlb-mil-chc-2025-06-17,76440473074388722537799893602404687230922238288182630419521127770642474448937,552798,0.42,45.85,bid,1750210054438
mlb-mil-chc-2025-06-17,5899348323059455657630528606815138588415095483052205208567031442326527433126,552798,0.55,45.85,bid,1750210054438
mlb-mil-chc-2025-06-17,76440473074388722537799893602404687230922238288182630419521127770642474448937,552798,0.42,45.85,bid,1750210054535
mlb-mil-chc-2025-06-17,5899348323059455657630528606815138588415095483052205208567031442326527433126,552798,0.55,45.85,bid,1750210054535
mlb-mil-chc-2025-06-17,76440473074388722537799893602404687230922238288182630419521127770642474448937,552798,0.42,45.85,bid,1750210054743
mlb-mil-chc-2025-06-17,5899348323059455657630528606815138588415095483052205208567031442326527433126,552798,0.55,45.85,bid,1750210054743
mlb-mil-chc-2025-06-17,76440473074388722537799893602404687230922238288182630419521127770642474448937,552798,0.42,45.85,bid,1750210054854
mlb-mil-chc-2025-06-17,5899348323059455657630528606815138588415095483052205208567031442326527433126,552798,0.55,45.85,bid,1750210054854
mlb-mil-chc-2025-06-17,76440473074388722537799893602404687230922238288182630419521127770642474448937,552798,0.42,45.85,bid,1750210055188
mlb-mil-chc-2025-06-17,5899348323059455657630528606815138588415095483052205208567031442326527433126,552798,0.55,45.85,bid,1750210055188
mlb-mil-chc-2025-06-17,76440473074388722537799893602404687230922238288182630419521127770642474448937,552798,0.42,45.85,bid,1750210055440
mlb-mil-chc-2025-06-17,5899348323059455657630528606815138588415095483052205208567031442326527433126,552798,0.55,45.85,bid,1750210055440
mlb-mil-chc-2025-06-17,76440473074388722537799893602404687230922238288182630419521127770642474448937,552798,0.42,45.85,bid,1750210055552
mlb-mil-chc-2025-06-17,5899348323059455657630528606815138588415095483052205208567031442326527433126,552798,0.55,45.85,bid,1750210055552
mlb-mil-chc-2025-06-17,76440473074388722537799893602404687230922238288182630419521127770642474448937,552798,0.42,45.85,bid,1750210056048
mlb-mil-chc-2025-06-17,5899348323059455657630528606815138588415095483052205208567031442326527433126,552798,0.55,45.85,bid,1750210056048
mlb-mil-chc-2025-06-17,76440473074388722537799893602404687230922238288182630419521127770642474448937,552798,0.42,45.85,bid,1750210056156
mlb-mil-chc-2025-06-17,5899348323059455657630528606815138588415095483052205208567031442326527433126,552798,0.54,45.85,bid,1750210056156
mlb-mil-chc-2025-06-17,76440473074388722537799893602404687230922238288182630419521127770642474448937,552798,0.42,45.85,bid,1750210056449
mlb-mil-chc-2025-06-17,5899348323059455657630528606815138588415095483052205208567031442326527433126,552798,0.54,45.85,bid,1750210056449
mlb-mil-chc-2025-06-17,76440473074388722537799893602404687230922238288182630419521127770642474448937,552798,0.42,45.85,bid,1750210056547
mlb-mil-chc-2025-06-17,5899348323059455657630528606815138588415095483052205208567031442326527433126,552798,0.54,45.85,bid,1750210056547
mlb-mil-chc-2025-06-17,76440473074388722537799893602404687230922238288182630419521127770642474448937,552798,0.42,45.85,bid,1750210056936
mlb-mil-chc-2025-06-17,5899348323059455657630528606815138588415095483052205208567031442326527433126,552798,0.54,45.85,bid,1750210056936
mlb-mil-chc-2025-06-17,76440473074388722537799893602404687230922238288182630419521127770642474448937,552798,0.42,45.85,bid,1750210060665
mlb-mil-chc-2025-06-17,5899348323059455657630528606815138588415095483052205208567031442326527433126,552798,0.53,45.85,bid,1750210060665
mlb-mil-chc-2025-06-17,76440473074388722537799893602404687230922238288182630419521127770642474448937,552798,0.42,45.85,bid,1750210060771
mlb-mil-chc-2025-06-17,5899348323059455657630528606815138588415095483052205208567031442326527433126,552798,0.5,45.85,bid,1750210060771
mlb-mil-chc-2025-06-17,76440473074388722537799893602404687230922238288182630419521127770642474448937,552798,0.42,45.85,bid,1750210060868
mlb-mil-chc-2025-06-17,5899348323059455657630528606815138588415095483052205208567031442326527433126,552798,0.5,45.85,bid,1750210060868
mlb-mil-chc-2025-06-17,76440473074388722537799893602404687230922238288182630419521127770642474448937,552798,0.42,45.85,bid,1750210061061
mlb-mil-chc-2025-06-17,5899348323059455657630528606815138588415095483052205208567031442326527433126,552798,0.5,45.85,bid,1750210061061
mlb-mil-chc-2025-06-17,76440473074388722537799893602404687230922238288182630419521127770642474448937,552798,0.42,45.85,bid,1750210061189
mlb-mil-chc-2025-06-17,5899348323059455657630528606815138588415095483052205208567031442326527433126,552798,0.49,45.85,bid,1750210061189
mlb-mil-chc-2025-06-17,76440473074388722537799893602404687230922238288182630419521127770642474448937,552798,0.42,45.85,bid,1750210061369
mlb-mil-chc-2025-06-17,5899348323059455657630528606815138588415095483052205208567031442326527433126,552798,0.49,45.85,bid,1750210061369
mlb-mil-chc-2025-06-17,76440473074388722537799893602404687230922238288182630419521127770642474448937,552798,0.42,45.85,bid,1750210061965
mlb-mil-chc-2025-06-17,5899348323059455657630528606815138588415095483052205208567031442326527433126,552798,0.49,45.85,bid,1750210061965
mlb-mil-chc-2025-06-17,76440473074388722537799893602404687230922238288182630419521127770642474448937,552798,0.42,45.85,bid,1750210062064
mlb-mil-chc-2025-06-17,5899348323059455657630528606815138588415095483052205208567031442326527433126,552798,0.48,45.85,bid,1750210062064
mlb-mil-chc-2025-06-17,76440473074388722537799893602404687230922238288182630419521127770642474448937,552798,0.42,45.85,bid,1750210062172
mlb-mil-chc-2025-06-17,5899348323059455657630528606815138588415095483052205208567031442326527433126,552798,0.47,45.85,bid,1750210062172
mlb-mil-chc-2025-06-17,76440473074388722537799893602404687230922238288182630419521127770642474448937,552798,0.42,45.85,bid,1750210062280
mlb-mil-chc-2025-06-17,5899348323059455657630528606815138588415095483052205208567031442326527433126,552798,0.47,45.85,bid,1750210062280
mlb-mil-chc-2025-06-17,76440473074388722537799893602404687230922238288182630419521127770642474448937,552798,0.42,45.85,bid,1750210062369
mlb-mil-chc-2025-06-17,5899348323059455657630528606815138588415095483052205208567031442326527433126,552798,0.46,45.85,bid,1750210062369
mlb-mil-chc-2025-06-17,76440473074388722537799893602404687230922238288182630419521127770642474448937,552798,0.42,45.85,bid,1750210062709
mlb-mil-chc-2025-06-17,5899348323059455657630528606815138588415095483052205208567031442326527433126,552798,0.46,45.85,bid,1750210062709
mlb-mil-chc-2025-06-17,76440473074388722537799893602404687230922238288182630419521127770642474448937,552798,0.42,45.85,bid,1750210063556
mlb-mil-chc-2025-06-17,5899348323059455657630528606815138588415095483052205208567031442326527433126,552798,0.46,45.85,bid,1750210063556
mlb-mil-chc-2025-06-17,76440473074388722537799893602404687230922238288182630419521127770642474448937,552798,0.42,45.85,bid,1750210063788
mlb-mil-chc-2025-06-17,5899348323059455657630528606815138588415095483052205208567031442326527433126,552798,0.45,45.85,bid,1750210063788
mlb-mil-chc-2025-06-17,76440473074388722537799893602404687230922238288182630419521127770642474448937,552798,0.42,45.85,bid,1750210063872
mlb-mil-chc-2025-06-17,5899348323059455657630528606815138588415095483052205208567031442326527433126,552798,0.45,45.85,bid,1750210063872
mlb-mil-chc-2025-06-17,76440473074388722537799893602404687230922238288182630419521127770642474448937,552798,0.42,45.85,bid,1750210064188
mlb-mil-chc-2025-06-17,5899348323059455657630528606815138588415095483052205208567031442326527433126,552798,0.45,45.85,bid,1750210064188
mlb-mil-chc-2025-06-17,76440473074388722537799893602404687230922238288182630419521127770642474448937,552798,0.42,45.85,bid,1750210064289
mlb-mil-chc-2025-06-17,5899348323059455657630528606815138588415095483052205208567031442326527433126,552798,0.45,45.85,bid,1750210064289
mlb-mil-chc-2025-06-17,76440473074388722537799893602404687230922238288182630419521127770642474448937,552798,0.42,45.85,bid,1750210064375
mlb-mil-chc-2025-06-17,5899348323059455657630528606815138588415095483052205208567031442326527433126,552798,0.45,45.85,bid,1750210064375
mlb-mil-chc-2025-06-17,76440473074388722537799893602404687230922238288182630419521127770642474448937,552798,0.42,45.85,bid,1750210064472
mlb-mil-chc-2025-06-17,5899348323059455657630528606815138588415095483052205208567031442326527433126,552798,0.45,45.85,bid,1750210064472
mlb-mil-chc-2025-06-17,76440473074388722537799893602404687230922238288182630419521127770642474448937,552798,0.42,45.85,bid,1750210064807
mlb-mil-chc-2025-06-17,5899348323059455657630528606815138588415095483052205208567031442326527433126,552798,0.45,45.85,bid,1750210064807
mlb-mil-chc-2025-06-17,76440473074388722537799893602404687230922238288182630419521127770642474448937,552798,0.42,45.85,bid,1750210064924
mlb-mil-chc-2025-06-17,5899348323059455657630528606815138588415095483052205208567031442326527433126,552798,0.45,45.85,bid,1750210064924
mlb-mil-chc-2025-06-17,76440473074388722537799893602404687230922238288182630419521127770642474448937,552798,0.42,45.85,bid,1750210065087
mlb-mil-chc-2025-06-17,5899348323059455657630528606815138588415095483052205208567031442326527433126,552798,0.45,45.85,bid,1750210065087
mlb-mil-chc-2025-06-17,76440473074388722537799893602404687230922238288182630419521127770642474448937,552798,0.42,45.85,bid,1750210065198
mlb-mil-chc-2025-06-17,5899348323059455657630528606815138588415095483052205208567031442326527433126,552798,0.45,45.85,bid,1750210065198
mlb-mil-chc-2025-06-17,76440473074388722537799893602404687230922238288182630419521127770642474448937,552798,0.42,45.85,bid,1750210065301
mlb-mil-chc-2025-06-17,5899348323059455657630528606815138588415095483052205208567031442326527433126,552798,0.45,45.85,bid,1750210065301
mlb-mil-chc-2025-06-17,76440473074388722537799893602404687230922238288182630419521127770642474448937,552798,0.42,45.85,bid,1750210065387
mlb-mil-chc-2025-06-17,5899348323059455657630528606815138588415095483052205208567031442326527433126,552798,0.45,45.85,bid,1750210065387
mlb-mil-chc-2025-06-17,76440473074388722537799893602404687230922238288182630419521127770642474448937,552798,0.42,45.85,bid,1750210065494
mlb-mil-chc-2025-06-17,5899348323059455657630528606815138588415095483052205208567031442326527433126,552798,0.45,45.85,bid,1750210065494
mlb-mil-chc-2025-06-17,76440473074388722537799893602404687230922238288182630419521127770642474448937,552798,0.42,45.85,bid,1750210065675
mlb-mil-chc-2025-06-17,5899348323059455657630528606815138588415095483052205208567031442326527433126,552798,0.45,45.85,bid,1750210065675
mlb-mil-chc-2025-06-17,76440473074388722537799893602404687230922238288182630419521127770642474448937,552798,0.42,45.85,bid,1750210066213
mlb-mil-chc-2025-06-17,5899348323059455657630528606815138588415095483052205208567031442326527433126,552798,0.45,45.85,bid,1750210066213
mlb-mil-chc-2025-06-17,76440473074388722537799893602404687230922238288182630419521127770642474448937,552798,0.42,45.85,bid,1750210066807
mlb-mil-chc-2025-06-17,5899348323059455657630528606815138588415095483052205208567031442326527433126,552798,0.45,45.85,bid,1750210066807
mlb-mil-chc-2025-06-17,76440473074388722537799893602404687230922238288182630419521127770642474448937,552798,0.42,45.85,bid,1750210066894
mlb-mil-chc-2025-06-17,5899348323059455657630528606815138588415095483052205208567031442326527433126,552798,0.45,45.85,bid,1750210066894
mlb-mil-chc-2025-06-17,76440473074388722537799893602404687230922238288182630419521127770642474448937,552798,0.42,45.85,bid,1750210066998
mlb-mil-chc-2025-06-17,5899348323059455657630528606815138588415095483052205208567031442326527433126,552798,0.45,45.85,bid,1750210066998
mlb-mil-chc-2025-06-17,76440473074388722537799893602404687230922238288182630419521127770642474448937,552798,0.42,45.85,bid,1750210067123
mlb-mil-chc-2025-06-17,5899348323059455657630528606815138588415095483052205208567031442326527433126,552798,0.45,45.85,bid,1750210067123
mlb-mil-chc-2025-06-17,76440473074388722537799893602404687230922238288182630419521127770642474448937,552798,0.42,45.85,bid,1750210067297
mlb-mil-chc-2025-06-17,5899348323059455657630528606815138588415095483052205208567031442326527433126,552798,0.45,45.85,bid,1750210067297
mlb-mil-chc-2025-06-17,76440473074388722537799893602404687230922238288182630419521127770642474448937,552798,0.42,45.85,bid,1750210067491
mlb-mil-chc-2025-06-17,5899348323059455657630528606815138588415095483052205208567031442326527433126,552798,0.45,45.85,bid,1750210067491
mlb-mil-chc-2025-06-17,76440473074388722537799893602404687230922238288182630419521127770642474448937,552798,0.42,45.85,bid,1750210067678
mlb-mil-chc-2025-06-17,5899348323059455657630528606815138588415095483052205208567031442326527433126,552798,0.45,45.85,bid,1750210067678
mlb-mil-chc-2025-06-17,76440473074388722537799893602404687230922238288182630419521127770642474448937,552798,0.42,45.85,bid,1750210067804
mlb-mil-chc-2025-06-17,5899348323059455657630528606815138588415095483052205208567031442326527433126,552798,0.45,45.85,bid,1750210067804
mlb-mil-chc-2025-06-17,76440473074388722537799893602404687230922238288182630419521127770642474448937,552798,0.42,45.85,bid,1750210068308
mlb-mil-chc-2025-06-17,5899348323059455657630528606815138588415095483052205208567031442326527433126,552798,0.45,45.85,bid,1750210068308
mlb-mil-chc-2025-06-17,76440473074388722537799893602404687230922238288182630419521127770642474448937,552798,0.42,45.85,bid,1750210068926
mlb-mil-chc-2025-06-17,5899348323059455657630528606815138588415095483052205208567031442326527433126,552798,0.45,45.85,bid,1750210068926
mlb-mil-chc-2025-06-17,76440473074388722537799893602404687230922238288182630419521127770642474448937,552798,0.42,45.85,bid,1750210069301
mlb-mil-chc-2025-06-17,5899348323059455657630528606815138588415095483052205208567031442326527433126,552798,0.45,45.85,bid,1750210069301
mlb-mil-chc-2025-06-17,76440473074388722537799893602404687230922238288182630419521127770642474448937,552798,0.42,45.85,bid,1750210069442
mlb-mil-chc-2025-06-17,5899348323059455657630528606815138588415095483052205208567031442326527433126,552798,0.45,45.85,bid,1750210069442
mlb-mil-chc-2025-06-17,76440473074388722537799893602404687230922238288182630419521127770642474448937,552798,0.42,45.85,bid,1750210069531
mlb-mil-chc-2025-06-17,5899348323059455657630528606815138588415095483052205208567031442326527433126,552798,0.45,45.85,bid,1750210069531
mlb-mil-chc-2025-06-17,76440473074388722537799893602404687230922238288182630419521127770642474448937,552798,0.42,45.85,bid,1750210069703
mlb-mil-chc-2025-06-17,5899348323059455657630528606815138588415095483052205208567031442326527433126,552798,0.45,45.85,bid,1750210069703
mlb-mil-chc-2025-06-17,76440473074388722537799893602404687230922238288182630419521127770642474448937,552798,0.42,45.85,bid,1750210069793
mlb-mil-chc-2025-06-17,5899348323059455657630528606815138588415095483052205208567031442326527433126,552798,0.45,45.85,bid,1750210069793
mlb-mil-chc-2025-06-17,76440473074388722537799893602404687230922238288182630419521127770642474448937,552798,0.42,45.85,bid,1750210070818
mlb-mil-chc-2025-06-17,5899348323059455657630528606815138588415095483052205208567031442326527433126,552798,0.45,45.85,bid,1750210070818
mlb-mil-chc-2025-06-17,76440473074388722537799893602404687230922238288182630419521127770642474448937,552798,0.42,45.85,bid,1750210070909
mlb-mil-chc-2025-06-17,5899348323059455657630528606815138588415095483052205208567031442326527433126,552798,0.45,45.85,bid,1750210070909
mlb-mil-chc-2025-06-17,76440473074388722537799893602404687230922238288182630419521127770642474448937,552798,0.42,45.85,bid,1750210075113
mlb-mil-chc-2025-06-17,5899348323059455657630528606815138588415095483052205208567031442326527433126,552798,0.45,45.85,bid,1750210075113
mlb-mil-chc-2025-06-17,76440473074388722537799893602404687230922238288182630419521127770642474448937,552798,0.42,45.85,bid,1750210082459
mlb-mil-chc-2025-06-17,5899348323059455657630528606815138588415095483052205208567031442326527433126,552798,0.45,45.85,bid,1750210082459
mlb-mil-chc-2025-06-17,76440473074388722537799893602404687230922238288182630419521127770642474448937,552798,0.42,45.85,bid,1750210082614
mlb-mil-chc-2025-06-17,5899348323059455657630528606815138588415095483052205208567031442326527433126,552798,0.45,45.85,bid,1750210082614
mlb-mil-chc-2025-06-17,76440473074388722537799893602404687230922238288182630419521127770642474448937,552798,0.42,45.85,bid,1750210082760
mlb-mil-chc-2025-06-17,5899348323059455657630528606815138588415095483052205208567031442326527433126,552798,0.45,45.85,bid,1750210082760
mlb-mil-chc-2025-06-17,76440473074388722537799893602404687230922238288182630419521127770642474448937,552798,0.42,45.85,bid,1750210082873
mlb-mil-chc-2025-06-17,5899348323059455657630528606815138588415095483052205208567031442326527433126,552798,0.45,45.85,bid,1750210082873
mlb-mil-chc-2025-06-17,76440473074388722537799893602404687230922238288182630419521127770642474448937,552798,0.42,45.85,bid,1750210095251
mlb-mil-chc-2025-06-17,5899348323059455657630528606815138588415095483052205208567031442326527433126,552798,0.45,45.85,bid,1750210095251
mlb-mil-chc-2025-06-17,76440473074388722537799893602404687230922238288182630419521127770642474448937,552798,0.42,45.85,bid,1750210098962
mlb-mil-chc-2025-06-17,5899348323059455657630528606815138588415095483052205208567031442326527433126,552798,0.45,45.85,bid,1750210098962
mlb-mil-chc-2025-06-17,76440473074388722537799893602404687230922238288182630419521127770642474448937,552798,0.42,45.85,bid,1750210102409
mlb-mil-chc-2025-06-17,5899348323059455657630528606815138588415095483052205208567031442326527433126,552798,0.45,45.85,bid,1750210102409
mlb-mil-chc-2025-06-17,76440473074388722537799893602404687230922238288182630419521127770642474448937,552798,0.42,45.85,bid,1750210102594
mlb-mil-chc-2025-06-17,5899348323059455657630528606815138588415095483052205208567031442326527433126,552798,0.45,45.85,bid,1750210102594
mlb-mil-chc-2025-06-17,76440473074388722537799893602404687230922238288182630419521127770642474448937,552798,0.42,45.85,bid,1750210102653
mlb-mil-chc-2025-06-17,5899348323059455657630528606815138588415095483052205208567031442326527433126,552798,0.45,45.85,bid,1750210102653
mlb-mil-chc-2025-06-17,76440473074388722537799893602404687230922238288182630419521127770642474448937,552798,0.42,45.85,bid,1750210102856
mlb-mil-chc-2025-06-17,5899348323059455657630528606815138588415095483052205208567031442326527433126,552798,0.45,45.85,bid,1750210102856
mlb-mil-chc-2025-06-17,76440473074388722537799893602404687230922238288182630419521127770642474448937,552798,0.42,45.85,bid,1750210103953
mlb-mil-chc-2025-06-17,5899348323059455657630528606815138588415095483052205208567031442326527433126,552798,0.45,45.85,bid,1750210103953
mlb-mil-chc-2025-06-17,76440473074388722537799893602404687230922238288182630419521127770642474448937,552798,0.42,45.85,bid,1750210104056
mlb-mil-chc-2025-06-17,5899348323059455657630528606815138588415095483052205208567031442326527433126,552798,0.45,45.85,bid,1750210104056
mlb-mil-chc-2025-06-17,76440473074388722537799893602404687230922238288182630419521127770642474448937,552798,0.42,45.85,bid,1750210104159
mlb-mil-chc-2025-06-17,5899348323059455657630528606815138588415095483052205208567031442326527433126,552798,0.45,45.85,bid,1750210104159
mlb-mil-chc-2025-06-17,76440473074388722537799893602404687230922238288182630419521127770642474448937,552798,0.42,45.85,bid,1750210104358
mlb-mil-chc-2025-06-17,5899348323059455657630528606815138588415095483052205208567031442326527433126,552798,0.45,45.85,bid,1750210104358
mlb-mil-chc-2025-06-17,76440473074388722537799893602404687230922238288182630419521127770642474448937,552798,0.42,45.85,bid,1750210104464
mlb-mil-chc-2025-06-17,5899348323059455657630528606815138588415095483052205208567031442326527433126,552798,0.45,45.85,bid,1750210104464
mlb-mil-chc-2025-06-17,76440473074388722537799893602404687230922238288182630419521127770642474448937,552798,0.42,45.85,bid,1750210104561
mlb-mil-chc-2025-06-17,5899348323059455657630528606815138588415095483052205208567031442326527433126,552798,0.44,45.85,bid,1750210104561
mlb-mil-chc-2025-06-17,76440473074388722537799893602404687230922238288182630419521127770642474448937,552798,0.42,45.85,bid,1750210104661
mlb-mil-chc-2025-06-17,5899348323059455657630528606815138588415095483052205208567031442326527433126,552798,0.44,45.85,bid,1750210104661
mlb-mil-chc-2025-06-17,76440473074388722537799893602404687230922238288182630419521127770642474448937,552798,0.42,45.85,bid,1750210104759
mlb-mil-chc-2025-06-17,5899348323059455657630528606815138588415095483052205208567031442326527433126,552798,0.44,45.85,bid,1750210104759
mlb-mil-chc-2025-06-17,76440473074388722537799893602404687230922238288182630419521127770642474448937,552798,0.42,45.85,bid,1750210104865
mlb-mil-chc-2025-06-17,5899348323059455657630528606815138588415095483052205208567031442326527433126,552798,0.44,45.85,bid,1750210104865
mlb-mil-chc-2025-06-17,76440473074388722537799893602404687230922238288182630419521127770642474448937,552798,0.42,45.85,bid,1750210104962
mlb-mil-chc-2025-06-17,5899348323059455657630528606815138588415095483052205208567031442326527433126,552798,0.44,45.85,bid,1750210104962
mlb-mil-chc-2025-06-17,76440473074388722537799893602404687230922238288182630419521127770642474448937,552798,0.42,45.85,bid,1750210105493
mlb-mil-chc-2025-06-17,5899348323059455657630528606815138588415095483052205208567031442326527433126,552798,0.44,45.85,bid,1750210105493
mlb-mil-chc-2025-06-17,76440473074388722537799893602404687230922238288182630419521127770642474448937,552798,0.42,45.85,bid,1750210111040
mlb-mil-chc-2025-06-17,5899348323059455657630528606815138588415095483052205208567031442326527433126,552798,0.44,45.85,bid,1750210111040
mlb-mil-chc-2025-06-17,76440473074388722537799893602404687230922238288182630419521127770642474448937,552798,0.42,45.85,bid,1750210111482
mlb-mil-chc-2025-06-17,5899348323059455657630528606815138588415095483052205208567031442326527433126,552798,0.44,45.85,bid,1750210111482
mlb-mil-chc-2025-06-17,76440473074388722537799893602404687230922238288182630419521127770642474448937,552798,0.42,45.85,bid,1750210112519
mlb-mil-chc-2025-06-17,5899348323059455657630528606815138588415095483052205208567031442326527433126,552798,0.44,45.85,bid,1750210112519
mlb-mil-chc-2025-06-17,76440473074388722537799893602404687230922238288182630419521127770642474448937,552798,0.42,45.85,bid,1750210112735
mlb-mil-chc-2025-06-17,5899348323059455657630528606815138588415095483052205208567031442326527433126,552798,0.44,45.85,bid,1750210112735
mlb-mil-chc-2025-06-17,76440473074388722537799893602404687230922238288182630419521127770642474448937,552798,0.42,45.85,bid,1750210112813
mlb-mil-chc-2025-06-17,5899348323059455657630528606815138588415095483052205208567031442326527433126,552798,0.44,45.85,bid,1750210112813
mlb-mil-chc-2025-06-17,76440473074388722537799893602404687230922238288182630419521127770642474448937,552798,0.42,45.85,bid,1750210112915
mlb-mil-chc-2025-06-17,5899348323059455657630528606815138588415095483052205208567031442326527433126,552798,0.44,45.85,bid,1750210112915
mlb-mil-chc-2025-06-17,76440473074388722537799893602404687230922238288182630419521127770642474448937,552798,0.42,45.85,bid,1750210113036
mlb-mil-chc-2025-06-17,5899348323059455657630528606815138588415095483052205208567031442326527433126,552798,0.44,45.85,bid,1750210113036
mlb-mil-chc-2025-06-17,76440473074388722537799893602404687230922238288182630419521127770642474448937,552798,0.42,45.85,bid,1750210113142
mlb-mil-chc-2025-06-17,5899348323059455657630528606815138588415095483052205208567031442326527433126,552798,0.44,45.85,bid,1750210113142
mlb-mil-chc-2025-06-17,76440473074388722537799893602404687230922238288182630419521127770642474448937,552798,0.42,45.85,bid,1750210113227
mlb-mil-chc-2025-06-17,5899348323059455657630528606815138588415095483052205208567031442326527433126,552798,0.44,45.85,bid,1750210113227
mlb-mil-chc-2025-06-17,76440473074388722537799893602404687230922238288182630419521127770642474448937,552798,0.42,45.85,bid,1750210114537
mlb-mil-chc-2025-06-17,5899348323059455657630528606815138588415095483052205208567031442326527433126,552798,0.44,45.85,bid,1750210114537
mlb-mil-chc-2025-06-17,76440473074388722537799893602404687230922238288182630419521127770642474448937,552798,0.42,45.85,bid,1750210114735
mlb-mil-chc-2025-06-17,5899348323059455657630528606815138588415095483052205208567031442326527433126,552798,0.44,45.85,bid,1750210114735
mlb-mil-chc-2025-06-17,76440473074388722537799893602404687230922238288182630419521127770642474448937,552798,0.42,45.85,bid,1750210115528
mlb-mil-chc-2025-06-17,5899348323059455657630528606815138588415095483052205208567031442326527433126,552798,0.44,45.85,bid,1750210115528
mlb-mil-chc-2025-06-17,76440473074388722537799893602404687230922238288182630419521127770642474448937,552798,0.42,45.85,bid,1750210116552
mlb-mil-chc-2025-06-17,5899348323059455657630528606815138588415095483052205208567031442326527433126,552798,0.44,45.85,bid,1750210116552
mlb-mil-chc-2025-06-17,76440473074388722537799893602404687230922238288182630419521127770642474448937,552798,0.42,45.85,bid,1750210116741
mlb-mil-chc-2025-06-17,5899348323059455657630528606815138588415095483052205208567031442326527433126,552798,0.44,45.85,bid,1750210116741
mlb-mil-chc-2025-06-17,76440473074388722537799893602404687230922238288182630419521127770642474448937,552798,0.42,45.85,bid,1750210119356
mlb-mil-chc-2025-06-17,5899348323059455657630528606815138588415095483052205208567031442326527433126,552798,0.44,45.85,bid,1750210119356
mlb-mil-chc-2025-06-17,76440473074388722537799893602404687230922238288182630419521127770642474448937,552798,0.42,45.85,bid,1750210120743
mlb-mil-chc-2025-06-17,5899348323059455657630528606815138588415095483052205208567031442326527433126,552798,0.44,45.85,bid,1750210120743
mlb-mil-chc-2025-06-17,76440473074388722537799893602404687230922238288182630419521127770642474448937,552798,0.42,45.85,bid,1750210120852
mlb-mil-chc-2025-06-17,5899348323059455657630528606815138588415095483052205208567031442326527433126,552798,0.44,45.85,bid,1750210120852
mlb-mil-chc-2025-06-17,76440473074388722537799893602404687230922238288182630419521127770642474448937,552798,0.42,45.85,bid,1750210121773
mlb-mil-chc-2025-06-17,5899348323059455657630528606815138588415095483052205208567031442326527433126,552798,0.44,45.85,bid,1750210121773
mlb-mil-chc-2025-06-17,76440473074388722537799893602404687230922238288182630419521127770642474448937,552798,0.42,45.85,bid,1750210122570
mlb-mil-chc-2025-06-17,5899348323059455657630528606815138588415095483052205208567031442326527433126,552798,0.44,45.85,bid,1750210122570
mlb-mil-chc-2025-06-17,76440473074388722537799893602404687230922238288182630419521127770642474448937,552798,0.42,45.85,bid,1750210123856
mlb-mil-chc-2025-06-17,5899348323059455657630528606815138588415095483052205208567031442326527433126,552798,0.44,45.85,bid,1750210123856
mlb-mil-chc-2025-06-17,76440473074388722537799893602404687230922238288182630419521127770642474448937,552798,0.42,45.85,bid,1750210123974
mlb-mil-chc-2025-06-17,5899348323059455657630528606815138588415095483052205208567031442326527433126,552798,0.44,45.85,bid,1750210123974
mlb-mil-chc-2025-06-17,76440473074388722537799893602404687230922238288182630419521127770642474448937,552798,0.42,45.85,bid,1750210124173
mlb-mil-chc-2025-06-17,5899348323059455657630528606815138588415095483052205208567031442326527433126,552798,0.44,45.85,bid,1750210124173
mlb-mil-chc-2025-06-17,76440473074388722537799893602404687230922238288182630419521127770642474448937,552798,0.42,45.85,bid,1750210124285
mlb-mil-chc-2025-06-17,5899348323059455657630528606815138588415095483052205208567031442326527433126,552798,0.44,45.85,bid,1750210124285
mlb-mil-chc-2025-06-17,76440473074388722537799893602404687230922238288182630419521127770642474448937,552798,0.42,45.85,bid,1750210124381
mlb-mil-chc-2025-06-17,5899348323059455657630528606815138588415095483052205208567031442326527433126,552798,0.44,45.85,bid,1750210124381
mlb-mil-chc-2025-06-17,76440473074388722537799893602404687230922238288182630419521127770642474448937,552798,0.42,45.85,bid,1750210125277
mlb-mil-chc-2025-06-17,5899348323059455657630528606815138588415095483052205208567031442326527433126,552798,0.42,45.85,bid,1750210125277
mlb-mil-chc-2025-06-17,76440473074388722537799893602404687230922238288182630419521127770642474448937,552798,0.42,45.85,bid,1750210125373
mlb-mil-chc-2025-06-17,5899348323059455657630528606815138588415095483052205208567031442326527433126,552798,0.42,45.85,bid,1750210125373
mlb-mil-chc-2025-06-17,76440473074388722537799893602404687230922238288182630419521127770642474448937,552798,0.42,45.85,bid,1750210125472
mlb-mil-chc-2025-06-17,5899348323059455657630528606815138588415095483052205208567031442326527433126,552798,0.42,45.85,bid,1750210125472
mlb-mil-chc-2025-06-17,76440473074388722537799893602404687230922238288182630419521127770642474448937,552798,0.42,45.85,bid,1750210125860
mlb-mil-chc-2025-06-17,5899348323059455657630528606815138588415095483052205208567031442326527433126,552798,0.42,45.85,bid,1750210125860
mlb-mil-chc-2025-06-17,76440473074388722537799893602404687230922238288182630419521127770642474448937,552798,0.42,45.85,bid,1750210126276
mlb-mil-chc-2025-06-17,5899348323059455657630528606815138588415095483052205208567031442326527433126,552798,0.33,45.85,bid,1750210126276
mlb-mil-chc-2025-06-17,76440473074388722537799893602404687230922238288182630419521127770642474448937,552798,0.42,45.85,bid,1750210126496
mlb-mil-chc-2025-06-17,5899348323059455657630528606815138588415095483052205208567031442326527433126,552798,0.33,45.85,bid,1750210126496
mlb-mil-chc-2025-06-17,76440473074388722537799893602404687230922238288182630419521127770642474448937,552798,0.42,45.85,bid,1750210126773
mlb-mil-chc-2025-06-17,5899348323059455657630528606815138588415095483052205208567031442326527433126,552798,0.33,45.85,bid,1750210126773
mlb-mil-chc-2025-06-17,76440473074388722537799893602404687230922238288182630419521127770642474448937,552798,0.42,45.85,bid,1750210129293
mlb-mil-chc-2025-06-17,5899348323059455657630528606815138588415095483052205208567031442326527433126,552798,0.33,45.85,bid,1750210129293
mlb-mil-chc-2025-06-17,76440473074388722537799893602404687230922238288182630419521127770642474448937,552798,0.42,45.85,bid,1750210131197
mlb-mil-chc-2025-06-17,5899348323059455657630528606815138588415095483052205208567031442326527433126,552798,0.33,45.85,bid,1750210131197
mlb-mil-chc-2025-06-17,76440473074388722537799893602404687230922238288182630419521127770642474448937,552798,0.42,45.85,bid,1750210131287
mlb-mil-chc-2025-06-17,5899348323059455657630528606815138588415095483052205208567031442326527433126,552798,0.32,45.85,bid,1750210131287
mlb-mil-chc-2025-06-17,76440473074388722537799893602404687230922238288182630419521127770642474448937,552798,0.42,45.85,bid,1750210132036
mlb-mil-chc-2025-06-17,5899348323059455657630528606815138588415095483052205208567031442326527433126,552798,0.32,45.85,bid,1750210132036
mlb-mil-chc-2025-06-17,76440473074388722537799893602404687230922238288182630419521127770642474448937,552798,0.42,45.85,bid,1750210132117
mlb-mil-chc-2025-06-17,5899348323059455657630528606815138588415095483052205208567031442326527433126,552798,0.32,45.85,bid,1750210132117
mlb-mil-chc-2025-06-17,76440473074388722537799893602404687230922238288182630419521127770642474448937,552798,0.42,45.85,bid,1750210132426
mlb-mil-chc-2025-06-17,5899348323059455657630528606815138588415095483052205208567031442326527433126,552798,0.32,45.85,bid,1750210132426
mlb-mil-chc-2025-06-17,76440473074388722537799893602404687230922238288182630419521127770642474448937,552798,0.42,45.85,bid,1750210132510
mlb-mil-chc-2025-06-17,5899348323059455657630528606815138588415095483052205208567031442326527433126,552798,0.32,45.85,bid,1750210132510
mlb-mil-chc-2025-06-17,76440473074388722537799893602404687230922238288182630419521127770642474448937,552798,0.42,45.85,bid,1750210132627
mlb-mil-chc-2025-06-17,5899348323059455657630528606815138588415095483052205208567031442326527433126,552798,0.32,45.85,bid,1750210132627
mlb-mil-chc-2025-06-17,76440473074388722537799893602404687230922238288182630419521127770642474448937,552798,0.42,45.85,bid,1750210142047
mlb-mil-chc-2025-06-17,5899348323059455657630528606815138588415095483052205208567031442326527433126,552798,0.28,45.85,bid,1750210142047
mlb-mil-chc-2025-06-17,76440473074388722537799893602404687230922238288182630419521127770642474448937,552798,0.42,45.85,bid,1750210142275
mlb-mil-chc-2025-06-17,5899348323059455657630528606815138588415095483052205208567031442326527433126,552798,0.26,45.85,bid,1750210142275
mlb-mil-chc-2025-06-17,76440473074388722537799893602404687230922238288182630419521127770642474448937,552798,0.42,45.85,bid,1750210142394
mlb-mil-chc-2025-06-17,5899348323059455657630528606815138588415095483052205208567031442326527433126,552798,0.25,45.85,bid,1750210142394
mlb-mil-chc-2025-06-17,76440473074388722537799893602404687230922238288182630419521127770642474448937,552798,0.42,45.85,bid,1750210142492
mlb-mil-chc-2025-06-17,5899348323059455657630528606815138588415095483052205208567031442326527433126,552798,0.25,45.85,bid,1750210142492
mlb-mil-chc-2025-06-17,76440473074388722537799893602404687230922238288182630419521127770642474448937,552798,0.42,45.85,bid,1750210142752
mlb-mil-chc-2025-06-17,5899348323059455657630528606815138588415095483052205208567031442326527433126,552798,0.25,45.85,bid,1750210142752
mlb-mil-chc-2025-06-17,76440473074388722537799893602404687230922238288182630419521127770642474448937,552798,0.42,45.85,bid,1750210143144
mlb-mil-chc-2025-06-17,5899348323059455657630528606815138588415095483052205208567031442326527433126,552798,0.25,45.85,bid,1750210143144
mlb-mil-chc-2025-06-17,76440473074388722537799893602404687230922238288182630419521127770642474448937,552798,0.42,45.85,bid,1750210143262
mlb-mil-chc-2025-06-17,5899348323059455657630528606815138588415095483052205208567031442326527433126,552798,0.25,45.85,bid,1750210143262
mlb-mil-chc-2025-06-17,76440473074388722537799893602404687230922238288182630419521127770642474448937,552798,0.42,45.85,bid,1750210143505
mlb-mil-chc-2025-06-17,5899348323059455657630528606815138588415095483052205208567031442326527433126,552798,0.25,45.85,bid,1750210143505
mlb-mil-chc-2025-06-17,76440473074388722537799893602404687230922238288182630419521127770642474448937,552798,0.42,45.85,bid,1750210143781
mlb-mil-chc-2025-06-17,5899348323059455657630528606815138588415095483052205208567031442326527433126,552798,0.24,45.85,bid,1750210143781
mlb-mil-chc-2025-06-17,76440473074388722537799893602404687230922238288182630419521127770642474448937,552798,0.42,45.85,bid,1750210143875
mlb-mil-chc-2025-06-17,5899348323059455657630528606815138588415095483052205208567031442326527433126,552798,0.24,45.85,bid,1750210143875
mlb-mil-chc-2025-06-17,76440473074388722537799893602404687230922238288182630419521127770642474448937,552798,0.42,45.85,bid,1750210144160
mlb-mil-chc-2025-06-17,5899348323059455657630528606815138588415095483052205208567031442326527433126,552798,0.24,45.85,bid,1750210144160
mlb-mil-chc-2025-06-17,76440473074388722537799893602404687230922238288182630419521127770642474448937,552798,0.42,45.85,bid,1750210144276
mlb-mil-chc-2025-06-17,5899348323059455657630528606815138588415095483052205208567031442326527433126,552798,0.24,45.85,bid,1750210144276
mlb-mil-chc-2025-06-17,76440473074388722537799893602404687230922238288182630419521127770642474448937,552798,0.42,45.85,bid,1750210144397
mlb-mil-chc-2025-06-17,5899348323059455657630528606815138588415095483052205208567031442326527433126,552798,0.24,45.85,bid,1750210144397
mlb-mil-chc-2025-06-17,76440473074388722537799893602404687230922238288182630419521127770642474448937,552798,0.42,45.85,bid,1750210144585
mlb-mil-chc-2025-06-17,5899348323059455657630528606815138588415095483052205208567031442326527433126,552798,0.24,45.85,bid,1750210144585
mlb-mil-chc-2025-06-17,76440473074388722537799893602404687230922238288182630419521127770642474448937,552798,0.42,45.85,bid,1750210144772
mlb-mil-chc-2025-06-17,5899348323059455657630528606815138588415095483052205208567031442326527433126,552798,0.2,45.85,bid,1750210144772
mlb-mil-chc-2025-06-17,76440473074388722537799893602404687230922238288182630419521127770642474448937,552798,0.42,45.85,bid,1750210144878
mlb-mil-chc-2025-06-17,5899348323059455657630528606815138588415095483052205208567031442326527433126,552798,0.2,45.85,bid,1750210144878
mlb-mil-chc-2025-06-17,76440473074388722537799893602404687230922238288182630419521127770642474448937,552798,0.42,45.85,bid,1750210144974
mlb-mil-chc-2025-06-17,5899348323059455657630528606815138588415095483052205208567031442326527433126,552798,0.2,45.85,bid,1750210144974
mlb-mil-chc-2025-06-17,76440473074388722537799893602404687230922238288182630419521127770642474448937,552798,0.42,45.85,bid,1750210145068
mlb-mil-chc-2025-06-17,5899348323059455657630528606815138588415095483052205208567031442326527433126,552798,0.2,45.85,bid,1750210145068
mlb-mil-chc-2025-06-17,76440473074388722537799893602404687230922238288182630419521127770642474448937,552798,0.42,45.85,bid,1750210145196
mlb-mil-chc-2025-06-17,5899348323059455657630528606815138588415095483052205208567031442326527433126,552798,0.2,45.85,bid,1750210145196
mlb-mil-chc-2025-06-17,76440473074388722537799893602404687230922238288182630419521127770642474448937,552798,0.42,45.85,bid,1750210145296
mlb-mil-chc-2025-06-17,5899348323059455657630528606815138588415095483052205208567031442326527433126,552798,0.2,45.85,bid,1750210145296
mlb-mil-chc-2025-06-17,76440473074388722537799893602404687230922238288182630419521127770642474448937,552798,0.42,45.85,bid,1750210145670
mlb-mil-chc-2025-06-17,5899348323059455657630528606815138588415095483052205208567031442326527433126,552798,0.2,45.85,bid,1750210145670
