asset_id,price,size,side,timestamp
76440473074388722537799893602404687230922238288182630419521127770642474448937,0.42,55.42,bid,1750209907302
5899348323059455657630528606815138588415095483052205208567031442326527433126,0.55,55.42,bid,1750209907302
5899348323059455657630528606815138588415095483052205208567031442326527433126,0.55,26.58,bid,1750209907302
76440473074388722537799893602404687230922238288182630419521127770642474448937,0.43,26.58,bid,1750209907302
76440473074388722537799893602404687230922238288182630419521127770642474448937,0.42,55.42,bid,1750209907599
5899348323059455657630528606815138588415095483052205208567031442326527433126,0.55,55.42,bid,1750209907599
5899348323059455657630528606815138588415095483052205208567031442326527433126,0.55,26.58,bid,1750209907599
76440473074388722537799893602404687230922238288182630419521127770642474448937,0.43,26.58,bid,1750209907599
76440473074388722537799893602404687230922238288182630419521127770642474448937,0.42,55.42,bid,1750209908338
5899348323059455657630528606815138588415095483052205208567031442326527433126,0.55,55.42,bid,1750209908338
5899348323059455657630528606815138588415095483052205208567031442326527433126,0.55,26.58,bid,1750209908338
76440473074388722537799893602404687230922238288182630419521127770642474448937,0.43,26.58,bid,1750209908338
76440473074388722537799893602404687230922238288182630419521127770642474448937,0.42,55.42,bid,1750209908609
5899348323059455657630528606815138588415095483052205208567031442326527433126,0.55,55.42,bid,1750209908609
5899348323059455657630528606815138588415095483052205208567031442326527433126,0.55,26.58,bid,1750209908609
76440473074388722537799893602404687230922238288182630419521127770642474448937,0.43,26.58,bid,1750209908609
76440473074388722537799893602404687230922238288182630419521127770642474448937,0.42,55.42,bid,1750209909009
5899348323059455657630528606815138588415095483052205208567031442326527433126,0.55,55.42,bid,1750209909009
5899348323059455657630528606815138588415095483052205208567031442326527433126,0.55,26.58,bid,1750209909009
76440473074388722537799893602404687230922238288182630419521127770642474448937,0.43,26.58,bid,1750209909009
76440473074388722537799893602404687230922238288182630419521127770642474448937,0.42,55.42,bid,1750209909091
5899348323059455657630528606815138588415095483052205208567031442326527433126,0.55,55.42,bid,1750209909091
5899348323059455657630528606815138588415095483052205208567031442326527433126,0.55,26.58,bid,1750209909091
76440473074388722537799893602404687230922238288182630419521127770642474448937,0.43,26.58,bid,1750209909091
76440473074388722537799893602404687230922238288182630419521127770642474448937,0.42,55.42,bid,1750209909414
5899348323059455657630528606815138588415095483052205208567031442326527433126,0.55,55.42,bid,1750209909414
5899348323059455657630528606815138588415095483052205208567031442326527433126,0.55,26.58,bid,1750209909414
76440473074388722537799893602404687230922238288182630419521127770642474448937,0.43,26.58,bid,1750209909414
76440473074388722537799893602404687230922238288182630419521127770642474448937,0.42,55.42,bid,1750209910500
5899348323059455657630528606815138588415095483052205208567031442326527433126,0.55,55.42,bid,1750209910500
5899348323059455657630528606815138588415095483052205208567031442326527433126,0.55,26.58,bid,1750209910500
76440473074388722537799893602404687230922238288182630419521127770642474448937,0.43,26.58,bid,1750209910500
76440473074388722537799893602404687230922238288182630419521127770642474448937,0.42,55.42,bid,1750209911437
5899348323059455657630528606815138588415095483052205208567031442326527433126,0.55,55.42,bid,1750209911437
5899348323059455657630528606815138588415095483052205208567031442326527433126,0.55,26.58,bid,1750209911437
76440473074388722537799893602404687230922238288182630419521127770642474448937,0.43,26.58,bid,1750209911437
76440473074388722537799893602404687230922238288182630419521127770642474448937,0.42,55.42,bid,1750209911544
5899348323059455657630528606815138588415095483052205208567031442326527433126,0.55,55.42,bid,1750209911544
5899348323059455657630528606815138588415095483052205208567031442326527433126,0.55,26.58,bid,1750209911544
76440473074388722537799893602404687230922238288182630419521127770642474448937,0.43,26.58,bid,1750209911544
76440473074388722537799893602404687230922238288182630419521127770642474448937,0.42,55.42,bid,1750209911637
5899348323059455657630528606815138588415095483052205208567031442326527433126,0.55,55.42,bid,1750209911637
5899348323059455657630528606815138588415095483052205208567031442326527433126,0.55,26.58,bid,1750209911637
76440473074388722537799893602404687230922238288182630419521127770642474448937,0.43,26.58,bid,1750209911637
76440473074388722537799893602404687230922238288182630419521127770642474448937,0.42,55.42,bid,1750209911728
5899348323059455657630528606815138588415095483052205208567031442326527433126,0.55,55.42,bid,1750209911728
5899348323059455657630528606815138588415095483052205208567031442326527433126,0.55,26.58,bid,1750209911728
76440473074388722537799893602404687230922238288182630419521127770642474448937,0.43,26.58,bid,1750209911728
76440473074388722537799893602404687230922238288182630419521127770642474448937,0.42,55.42,bid,1750209921076
5899348323059455657630528606815138588415095483052205208567031442326527433126,0.55,55.42,bid,1750209921076
5899348323059455657630528606815138588415095483052205208567031442326527433126,0.55,26.58,bid,1750209921076
76440473074388722537799893602404687230922238288182630419521127770642474448937,0.43,26.58,bid,1750209921076
76440473074388722537799893602404687230922238288182630419521127770642474448937,0.42,55.42,bid,1750209921886
5899348323059455657630528606815138588415095483052205208567031442326527433126,0.55,55.42,bid,1750209921886
5899348323059455657630528606815138588415095483052205208567031442326527433126,0.55,26.58,bid,1750209921886
76440473074388722537799893602404687230922238288182630419521127770642474448937,0.43,26.58,bid,1750209921886
76440473074388722537799893602404687230922238288182630419521127770642474448937,0.42,55.42,bid,1750209922888
5899348323059455657630528606815138588415095483052205208567031442326527433126,0.55,55.42,bid,1750209922888
5899348323059455657630528606815138588415095483052205208567031442326527433126,0.55,26.58,bid,1750209922888
76440473074388722537799893602404687230922238288182630419521127770642474448937,0.43,26.58,bid,1750209922888
76440473074388722537799893602404687230922238288182630419521127770642474448937,0.42,55.42,bid,1750209923240
5899348323059455657630528606815138588415095483052205208567031442326527433126,0.55,55.42,bid,1750209923240
5899348323059455657630528606815138588415095483052205208567031442326527433126,0.55,26.58,bid,1750209923240
76440473074388722537799893602404687230922238288182630419521127770642474448937,0.43,26.58,bid,1750209923240
76440473074388722537799893602404687230922238288182630419521127770642474448937,0.42,55.42,bid,1750209923357
5899348323059455657630528606815138588415095483052205208567031442326527433126,0.55,55.42,bid,1750209923357
5899348323059455657630528606815138588415095483052205208567031442326527433126,0.55,26.58,bid,1750209923357
76440473074388722537799893602404687230922238288182630419521127770642474448937,0.43,26.58,bid,1750209923357
76440473074388722537799893602404687230922238288182630419521127770642474448937,0.42,55.42,bid,1750209923555
5899348323059455657630528606815138588415095483052205208567031442326527433126,0.55,55.42,bid,1750209923555
5899348323059455657630528606815138588415095483052205208567031442326527433126,0.55,26.58,bid,1750209923555
76440473074388722537799893602404687230922238288182630419521127770642474448937,0.43,26.58,bid,1750209923555
76440473074388722537799893602404687230922238288182630419521127770642474448937,0.42,55.42,bid,1750209923636
5899348323059455657630528606815138588415095483052205208567031442326527433126,0.55,55.42,bid,1750209923636
5899348323059455657630528606815138588415095483052205208567031442326527433126,0.55,26.58,bid,1750209923636
76440473074388722537799893602404687230922238288182630419521127770642474448937,0.43,26.58,bid,1750209923636
76440473074388722537799893602404687230922238288182630419521127770642474448937,0.42,55.42,bid,1750209923769
5899348323059455657630528606815138588415095483052205208567031442326527433126,0.55,55.42,bid,1750209923769
5899348323059455657630528606815138588415095483052205208567031442326527433126,0.55,26.58,bid,1750209923769
76440473074388722537799893602404687230922238288182630419521127770642474448937,0.43,26.58,bid,1750209923769
76440473074388722537799893602404687230922238288182630419521127770642474448937,0.42,55.42,bid,1750209923862
5899348323059455657630528606815138588415095483052205208567031442326527433126,0.55,55.42,bid,1750209923862
76440473074388722537799893602404687230922238288182630419521127770642474448937,0.42,55.42,bid,1750209923946
5899348323059455657630528606815138588415095483052205208567031442326527433126,0.55,55.42,bid,1750209923946
76440473074388722537799893602404687230922238288182630419521127770642474448937,0.42,55.42,bid,1750209924047
5899348323059455657630528606815138588415095483052205208567031442326527433126,0.55,55.42,bid,1750209924047
5899348323059455657630528606815138588415095483052205208567031442326527433126,0.55,26.58,bid,1750209924047
76440473074388722537799893602404687230922238288182630419521127770642474448937,0.43,26.58,bid,1750209924047
76440473074388722537799893602404687230922238288182630419521127770642474448937,0.42,55.42,bid,1750209924145
5899348323059455657630528606815138588415095483052205208567031442326527433126,0.55,55.42,bid,1750209924145
5899348323059455657630528606815138588415095483052205208567031442326527433126,0.55,26.58,bid,1750209924145
76440473074388722537799893602404687230922238288182630419521127770642474448937,0.43,26.58,bid,1750209924145
76440473074388722537799893602404687230922238288182630419521127770642474448937,0.42,55.42,bid,1750209924254
5899348323059455657630528606815138588415095483052205208567031442326527433126,0.55,55.42,bid,1750209924254
5899348323059455657630528606815138588415095483052205208567031442326527433126,0.55,26.58,bid,1750209924254
76440473074388722537799893602404687230922238288182630419521127770642474448937,0.43,26.58,bid,1750209924254
76440473074388722537799893602404687230922238288182630419521127770642474448937,0.42,53.0,bid,1750209992995
5899348323059455657630528606815138588415095483052205208567031442326527433126,0.55,53.0,bid,1750209992995
5899348323059455657630528606815138588415095483052205208567031442326527433126,0.55,29.0,bid,1750209992995
76440473074388722537799893602404687230922238288182630419521127770642474448937,0.43,29.0,bid,1750209992995
76440473074388722537799893602404687230922238288182630419521127770642474448937,0.42,53.0,bid,1750209993151
5899348323059455657630528606815138588415095483052205208567031442326527433126,0.55,53.0,bid,1750209993151
5899348323059455657630528606815138588415095483052205208567031442326527433126,0.55,29.0,bid,1750209993151
76440473074388722537799893602404687230922238288182630419521127770642474448937,0.43,29.0,bid,1750209993151
76440473074388722537799893602404687230922238288182630419521127770642474448937,0.42,53.0,bid,1750209993525
5899348323059455657630528606815138588415095483052205208567031442326527433126,0.55,53.0,bid,1750209993525
5899348323059455657630528606815138588415095483052205208567031442326527433126,0.55,29.0,bid,1750209993525
76440473074388722537799893602404687230922238288182630419521127770642474448937,0.43,29.0,bid,1750209993525
76440473074388722537799893602404687230922238288182630419521127770642474448937,0.42,53.0,bid,1750209997014
5899348323059455657630528606815138588415095483052205208567031442326527433126,0.55,53.0,bid,1750209997014
5899348323059455657630528606815138588415095483052205208567031442326527433126,0.55,29.0,bid,1750209997014
76440473074388722537799893602404687230922238288182630419521127770642474448937,0.43,29.0,bid,1750209997014
76440473074388722537799893602404687230922238288182630419521127770642474448937,0.42,45.85,bid,1750209997303
5899348323059455657630528606815138588415095483052205208567031442326527433126,0.55,45.85,bid,1750209997303
5899348323059455657630528606815138588415095483052205208567031442326527433126,0.55,36.15,bid,1750209997303
76440473074388722537799893602404687230922238288182630419521127770642474448937,0.43,36.15,bid,1750209997303
76440473074388722537799893602404687230922238288182630419521127770642474448937,0.42,45.85,bid,1750209997387
5899348323059455657630528606815138588415095483052205208567031442326527433126,0.55,45.85,bid,1750209997387
5899348323059455657630528606815138588415095483052205208567031442326527433126,0.55,36.15,bid,1750209997387
76440473074388722537799893602404687230922238288182630419521127770642474448937,0.43,36.15,bid,1750209997387
76440473074388722537799893602404687230922238288182630419521127770642474448937,0.42,45.85,bid,1750209997785
5899348323059455657630528606815138588415095483052205208567031442326527433126,0.55,45.85,bid,1750209997785
5899348323059455657630528606815138588415095483052205208567031442326527433126,0.55,36.15,bid,1750209997785
76440473074388722537799893602404687230922238288182630419521127770642474448937,0.43,36.15,bid,1750209997785
76440473074388722537799893602404687230922238288182630419521127770642474448937,0.42,45.85,bid,1750209997887
5899348323059455657630528606815138588415095483052205208567031442326527433126,0.55,45.85,bid,1750209997887
5899348323059455657630528606815138588415095483052205208567031442326527433126,0.55,36.15,bid,1750209997887
76440473074388722537799893602404687230922238288182630419521127770642474448937,0.43,36.15,bid,1750209997887
76440473074388722537799893602404687230922238288182630419521127770642474448937,0.42,45.85,bid,1750209998227
5899348323059455657630528606815138588415095483052205208567031442326527433126,0.55,45.85,bid,1750209998227
5899348323059455657630528606815138588415095483052205208567031442326527433126,0.55,36.15,bid,1750209998227
76440473074388722537799893602404687230922238288182630419521127770642474448937,0.43,36.15,bid,1750209998227
76440473074388722537799893602404687230922238288182630419521127770642474448937,0.42,45.85,bid,1750209998312
5899348323059455657630528606815138588415095483052205208567031442326527433126,0.55,45.85,bid,1750209998312
5899348323059455657630528606815138588415095483052205208567031442326527433126,0.55,36.15,bid,1750209998312
76440473074388722537799893602404687230922238288182630419521127770642474448937,0.43,36.15,bid,1750209998312
76440473074388722537799893602404687230922238288182630419521127770642474448937,0.42,45.85,bid,1750209999306
5899348323059455657630528606815138588415095483052205208567031442326527433126,0.55,45.85,bid,1750209999306
5899348323059455657630528606815138588415095483052205208567031442326527433126,0.55,36.15,bid,1750209999306
76440473074388722537799893602404687230922238288182630419521127770642474448937,0.43,36.15,bid,1750209999306
76440473074388722537799893602404687230922238288182630419521127770642474448937,0.42,45.85,bid,1750209999397
5899348323059455657630528606815138588415095483052205208567031442326527433126,0.55,45.85,bid,1750209999397
5899348323059455657630528606815138588415095483052205208567031442326527433126,0.55,36.15,bid,1750209999397
76440473074388722537799893602404687230922238288182630419521127770642474448937,0.43,36.15,bid,1750209999397
76440473074388722537799893602404687230922238288182630419521127770642474448937,0.42,45.85,bid,1750209999502
5899348323059455657630528606815138588415095483052205208567031442326527433126,0.55,45.85,bid,1750209999502
5899348323059455657630528606815138588415095483052205208567031442326527433126,0.55,36.15,bid,1750209999502
76440473074388722537799893602404687230922238288182630419521127770642474448937,0.43,36.15,bid,1750209999502
76440473074388722537799893602404687230922238288182630419521127770642474448937,0.42,45.85,bid,1750209999596
5899348323059455657630528606815138588415095483052205208567031442326527433126,0.55,45.85,bid,1750209999596
5899348323059455657630528606815138588415095483052205208567031442326527433126,0.55,36.15,bid,1750209999596
76440473074388722537799893602404687230922238288182630419521127770642474448937,0.43,36.15,bid,1750209999596
76440473074388722537799893602404687230922238288182630419521127770642474448937,0.42,45.85,bid,1750209999728
5899348323059455657630528606815138588415095483052205208567031442326527433126,0.55,45.85,bid,1750209999728
5899348323059455657630528606815138588415095483052205208567031442326527433126,0.55,36.15,bid,1750209999728
76440473074388722537799893602404687230922238288182630419521127770642474448937,0.43,36.15,bid,1750209999728
76440473074388722537799893602404687230922238288182630419521127770642474448937,0.42,45.85,bid,1750209999829
5899348323059455657630528606815138588415095483052205208567031442326527433126,0.55,45.85,bid,1750209999829
5899348323059455657630528606815138588415095483052205208567031442326527433126,0.55,36.15,bid,1750209999829
76440473074388722537799893602404687230922238288182630419521127770642474448937,0.43,36.15,bid,1750209999829
76440473074388722537799893602404687230922238288182630419521127770642474448937,0.42,45.85,bid,1750209999906
5899348323059455657630528606815138588415095483052205208567031442326527433126,0.55,45.85,bid,1750209999906
5899348323059455657630528606815138588415095483052205208567031442326527433126,0.55,36.15,bid,1750209999906
76440473074388722537799893602404687230922238288182630419521127770642474448937,0.43,36.15,bid,1750209999906
76440473074388722537799893602404687230922238288182630419521127770642474448937,0.42,45.85,bid,1750210000011
5899348323059455657630528606815138588415095483052205208567031442326527433126,0.55,45.85,bid,1750210000011
5899348323059455657630528606815138588415095483052205208567031442326527433126,0.55,36.15,bid,1750210000011
76440473074388722537799893602404687230922238288182630419521127770642474448937,0.43,36.15,bid,1750210000011
76440473074388722537799893602404687230922238288182630419521127770642474448937,0.42,45.85,bid,1750210000114
5899348323059455657630528606815138588415095483052205208567031442326527433126,0.55,45.85,bid,1750210000114
5899348323059455657630528606815138588415095483052205208567031442326527433126,0.55,36.15,bid,1750210000114
76440473074388722537799893602404687230922238288182630419521127770642474448937,0.43,36.15,bid,1750210000114
76440473074388722537799893602404687230922238288182630419521127770642474448937,0.42,45.85,bid,1750210000201
5899348323059455657630528606815138588415095483052205208567031442326527433126,0.55,45.85,bid,1750210000201
5899348323059455657630528606815138588415095483052205208567031442326527433126,0.55,36.15,bid,1750210000201
76440473074388722537799893602404687230922238288182630419521127770642474448937,0.43,36.15,bid,1750210000201
76440473074388722537799893602404687230922238288182630419521127770642474448937,0.42,45.85,bid,1750210000687
5899348323059455657630528606815138588415095483052205208567031442326527433126,0.55,45.85,bid,1750210000687
5899348323059455657630528606815138588415095483052205208567031442326527433126,0.55,36.15,bid,1750210000687
76440473074388722537799893602404687230922238288182630419521127770642474448937,0.43,36.15,bid,1750210000687
76440473074388722537799893602404687230922238288182630419521127770642474448937,0.42,45.85,bid,1750210000928
5899348323059455657630528606815138588415095483052205208567031442326527433126,0.55,45.85,bid,1750210000928
5899348323059455657630528606815138588415095483052205208567031442326527433126,0.55,36.15,bid,1750210000928
76440473074388722537799893602404687230922238288182630419521127770642474448937,0.43,36.15,bid,1750210000928
76440473074388722537799893602404687230922238288182630419521127770642474448937,0.42,45.85,bid,1750210001008
5899348323059455657630528606815138588415095483052205208567031442326527433126,0.55,45.85,bid,1750210001008
5899348323059455657630528606815138588415095483052205208567031442326527433126,0.55,36.15,bid,1750210001008
76440473074388722537799893602404687230922238288182630419521127770642474448937,0.43,36.15,bid,1750210001008
76440473074388722537799893602404687230922238288182630419521127770642474448937,0.42,45.85,bid,1750210001137
5899348323059455657630528606815138588415095483052205208567031442326527433126,0.55,45.85,bid,1750210001137
5899348323059455657630528606815138588415095483052205208567031442326527433126,0.55,36.15,bid,1750210001137
76440473074388722537799893602404687230922238288182630419521127770642474448937,0.43,36.15,bid,1750210001137
76440473074388722537799893602404687230922238288182630419521127770642474448937,0.42,45.85,bid,1750210001213
5899348323059455657630528606815138588415095483052205208567031442326527433126,0.55,45.85,bid,1750210001213
5899348323059455657630528606815138588415095483052205208567031442326527433126,0.55,36.15,bid,1750210001213
76440473074388722537799893602404687230922238288182630419521127770642474448937,0.43,36.15,bid,1750210001213
76440473074388722537799893602404687230922238288182630419521127770642474448937,0.42,45.85,bid,1750210001308
5899348323059455657630528606815138588415095483052205208567031442326527433126,0.55,45.85,bid,1750210001308
5899348323059455657630528606815138588415095483052205208567031442326527433126,0.55,36.15,bid,1750210001308
76440473074388722537799893602404687230922238288182630419521127770642474448937,0.43,36.15,bid,1750210001308
76440473074388722537799893602404687230922238288182630419521127770642474448937,0.42,45.85,bid,1750210001398
5899348323059455657630528606815138588415095483052205208567031442326527433126,0.55,45.85,bid,1750210001398
5899348323059455657630528606815138588415095483052205208567031442326527433126,0.55,36.15,bid,1750210001398
76440473074388722537799893602404687230922238288182630419521127770642474448937,0.43,36.15,bid,1750210001398
76440473074388722537799893602404687230922238288182630419521127770642474448937,0.42,45.85,bid,1750210001518
5899348323059455657630528606815138588415095483052205208567031442326527433126,0.55,45.85,bid,1750210001518
76440473074388722537799893602404687230922238288182630419521127770642474448937,0.42,45.85,bid,1750210001600
5899348323059455657630528606815138588415095483052205208567031442326527433126,0.55,45.85,bid,1750210001600
76440473074388722537799893602404687230922238288182630419521127770642474448937,0.42,45.85,bid,1750210001682
5899348323059455657630528606815138588415095483052205208567031442326527433126,0.55,45.85,bid,1750210001682
76440473074388722537799893602404687230922238288182630419521127770642474448937,0.42,45.85,bid,1750210002013
5899348323059455657630528606815138588415095483052205208567031442326527433126,0.55,45.85,bid,1750210002013
76440473074388722537799893602404687230922238288182630419521127770642474448937,0.42,45.85,bid,1750210002231
5899348323059455657630528606815138588415095483052205208567031442326527433126,0.55,45.85,bid,1750210002231
76440473074388722537799893602404687230922238288182630419521127770642474448937,0.42,45.85,bid,1750210002311
5899348323059455657630528606815138588415095483052205208567031442326527433126,0.55,45.85,bid,1750210002311
76440473074388722537799893602404687230922238288182630419521127770642474448937,0.42,45.85,bid,1750210003024
5899348323059455657630528606815138588415095483052205208567031442326527433126,0.55,45.85,bid,1750210003024
76440473074388722537799893602404687230922238288182630419521127770642474448937,0.42,45.85,bid,1750210003340
5899348323059455657630528606815138588415095483052205208567031442326527433126,0.55,45.85,bid,1750210003340
76440473074388722537799893602404687230922238288182630419521127770642474448937,0.42,45.85,bid,1750210003526
5899348323059455657630528606815138588415095483052205208567031442326527433126,0.55,45.85,bid,1750210003526
76440473074388722537799893602404687230922238288182630419521127770642474448937,0.42,45.85,bid,1750210003631
5899348323059455657630528606815138588415095483052205208567031442326527433126,0.55,45.85,bid,1750210003631
76440473074388722537799893602404687230922238288182630419521127770642474448937,0.42,45.85,bid,1750210004011
5899348323059455657630528606815138588415095483052205208567031442326527433126,0.55,45.85,bid,1750210004011
76440473074388722537799893602404687230922238288182630419521127770642474448937,0.42,45.85,bid,1750210004100
5899348323059455657630528606815138588415095483052205208567031442326527433126,0.55,45.85,bid,1750210004100
76440473074388722537799893602404687230922238288182630419521127770642474448937,0.42,45.85,bid,1750210004220
5899348323059455657630528606815138588415095483052205208567031442326527433126,0.55,45.85,bid,1750210004220
76440473074388722537799893602404687230922238288182630419521127770642474448937,0.42,45.85,bid,1750210004814
5899348323059455657630528606815138588415095483052205208567031442326527433126,0.55,45.85,bid,1750210004814
76440473074388722537799893602404687230922238288182630419521127770642474448937,0.42,45.85,bid,1750210005721
5899348323059455657630528606815138588415095483052205208567031442326527433126,0.55,45.85,bid,1750210005721
76440473074388722537799893602404687230922238288182630419521127770642474448937,0.42,45.85,bid,1750210008627
5899348323059455657630528606815138588415095483052205208567031442326527433126,0.55,45.85,bid,1750210008627
76440473074388722537799893602404687230922238288182630419521127770642474448937,0.42,45.85,bid,1750210008727
5899348323059455657630528606815138588415095483052205208567031442326527433126,0.55,45.85,bid,1750210008727
76440473074388722537799893602404687230922238288182630419521127770642474448937,0.42,45.85,bid,1750210008813
5899348323059455657630528606815138588415095483052205208567031442326527433126,0.55,45.85,bid,1750210008813
76440473074388722537799893602404687230922238288182630419521127770642474448937,0.42,45.85,bid,1750210008945
5899348323059455657630528606815138588415095483052205208567031442326527433126,0.55,45.85,bid,1750210008945
76440473074388722537799893602404687230922238288182630419521127770642474448937,0.42,45.85,bid,1750210009038
5899348323059455657630528606815138588415095483052205208567031442326527433126,0.55,45.85,bid,1750210009038
76440473074388722537799893602404687230922238288182630419521127770642474448937,0.42,45.85,bid,1750210009331
5899348323059455657630528606815138588415095483052205208567031442326527433126,0.55,45.85,bid,1750210009331
76440473074388722537799893602404687230922238288182630419521127770642474448937,0.42,45.85,bid,1750210009620
5899348323059455657630528606815138588415095483052205208567031442326527433126,0.55,45.85,bid,1750210009620
76440473074388722537799893602404687230922238288182630419521127770642474448937,0.42,45.85,bid,1750210009978
5899348323059455657630528606815138588415095483052205208567031442326527433126,0.55,45.85,bid,1750210009978
76440473074388722537799893602404687230922238288182630419521127770642474448937,0.42,45.85,bid,1750210010041
5899348323059455657630528606815138588415095483052205208567031442326527433126,0.55,45.85,bid,1750210010041
76440473074388722537799893602404687230922238288182630419521127770642474448937,0.42,45.85,bid,1750210011442
5899348323059455657630528606815138588415095483052205208567031442326527433126,0.55,45.85,bid,1750210011442
76440473074388722537799893602404687230922238288182630419521127770642474448937,0.42,45.85,bid,1750210013164
5899348323059455657630528606815138588415095483052205208567031442326527433126,0.55,45.85,bid,1750210013164
76440473074388722537799893602404687230922238288182630419521127770642474448937,0.42,45.85,bid,1750210013470
5899348323059455657630528606815138588415095483052205208567031442326527433126,0.55,45.85,bid,1750210013470
76440473074388722537799893602404687230922238288182630419521127770642474448937,0.42,45.85,bid,1750210013855
5899348323059455657630528606815138588415095483052205208567031442326527433126,0.55,45.85,bid,1750210013855
76440473074388722537799893602404687230922238288182630419521127770642474448937,0.42,45.85,bid,1750210014199
5899348323059455657630528606815138588415095483052205208567031442326527433126,0.55,45.85,bid,1750210014199
76440473074388722537799893602404687230922238288182630419521127770642474448937,0.42,45.85,bid,1750210018464
5899348323059455657630528606815138588415095483052205208567031442326527433126,0.55,45.85,bid,1750210018464
76440473074388722537799893602404687230922238288182630419521127770642474448937,0.42,45.85,bid,1750210019296
5899348323059455657630528606815138588415095483052205208567031442326527433126,0.55,45.85,bid,1750210019296
76440473074388722537799893602404687230922238288182630419521127770642474448937,0.42,45.85,bid,1750210019496
5899348323059455657630528606815138588415095483052205208567031442326527433126,0.55,45.85,bid,1750210019496
76440473074388722537799893602404687230922238288182630419521127770642474448937,0.42,45.85,bid,1750210020686
5899348323059455657630528606815138588415095483052205208567031442326527433126,0.55,45.85,bid,1750210020686
76440473074388722537799893602404687230922238288182630419521127770642474448937,0.42,45.85,bid,1750210020901
5899348323059455657630528606815138588415095483052205208567031442326527433126,0.55,45.85,bid,1750210020901
76440473074388722537799893602404687230922238288182630419521127770642474448937,0.42,45.85,bid,1750210022566
5899348323059455657630528606815138588415095483052205208567031442326527433126,0.55,45.85,bid,1750210022566
76440473074388722537799893602404687230922238288182630419521127770642474448937,0.42,45.85,bid,1750210022894
5899348323059455657630528606815138588415095483052205208567031442326527433126,0.55,45.85,bid,1750210022894
76440473074388722537799893602404687230922238288182630419521127770642474448937,0.42,45.85,bid,1750210022988
5899348323059455657630528606815138588415095483052205208567031442326527433126,0.55,45.85,bid,1750210022988
76440473074388722537799893602404687230922238288182630419521127770642474448937,0.42,45.85,bid,1750210023535
5899348323059455657630528606815138588415095483052205208567031442326527433126,0.55,45.85,bid,1750210023535
76440473074388722537799893602404687230922238288182630419521127770642474448937,0.42,45.85,bid,1750210027531
5899348323059455657630528606815138588415095483052205208567031442326527433126,0.55,45.85,bid,1750210027531
76440473074388722537799893602404687230922238288182630419521127770642474448937,0.42,45.85,bid,1750210028412
5899348323059455657630528606815138588415095483052205208567031442326527433126,0.55,45.85,bid,1750210028412
76440473074388722537799893602404687230922238288182630419521127770642474448937,0.42,45.85,bid,1750210028633
5899348323059455657630528606815138588415095483052205208567031442326527433126,0.55,45.85,bid,1750210028633
76440473074388722537799893602404687230922238288182630419521127770642474448937,0.42,45.85,bid,1750210029063
5899348323059455657630528606815138588415095483052205208567031442326527433126,0.55,45.85,bid,1750210029063
76440473074388722537799893602404687230922238288182630419521127770642474448937,0.42,45.85,bid,1750210029147
5899348323059455657630528606815138588415095483052205208567031442326527433126,0.55,45.85,bid,1750210029147
76440473074388722537799893602404687230922238288182630419521127770642474448937,0.42,45.85,bid,1750210029246
5899348323059455657630528606815138588415095483052205208567031442326527433126,0.55,45.85,bid,1750210029246
76440473074388722537799893602404687230922238288182630419521127770642474448937,0.42,45.85,bid,1750210029450
5899348323059455657630528606815138588415095483052205208567031442326527433126,0.55,45.85,bid,1750210029450
76440473074388722537799893602404687230922238288182630419521127770642474448937,0.42,45.85,bid,1750210029546
5899348323059455657630528606815138588415095483052205208567031442326527433126,0.55,45.85,bid,1750210029546
76440473074388722537799893602404687230922238288182630419521127770642474448937,0.42,45.85,bid,1750210029669
5899348323059455657630528606815138588415095483052205208567031442326527433126,0.55,45.85,bid,1750210029669
76440473074388722537799893602404687230922238288182630419521127770642474448937,0.42,45.85,bid,1750210029831
5899348323059455657630528606815138588415095483052205208567031442326527433126,0.55,45.85,bid,1750210029831
76440473074388722537799893602404687230922238288182630419521127770642474448937,0.42,45.85,bid,1750210029962
5899348323059455657630528606815138588415095483052205208567031442326527433126,0.55,45.85,bid,1750210029962
76440473074388722537799893602404687230922238288182630419521127770642474448937,0.42,45.85,bid,1750210030058
5899348323059455657630528606815138588415095483052205208567031442326527433126,0.55,45.85,bid,1750210030058
76440473074388722537799893602404687230922238288182630419521127770642474448937,0.42,45.85,bid,1750210030350
5899348323059455657630528606815138588415095483052205208567031442326527433126,0.55,45.85,bid,1750210030350
76440473074388722537799893602404687230922238288182630419521127770642474448937,0.42,45.85,bid,1750210030774
5899348323059455657630528606815138588415095483052205208567031442326527433126,0.55,45.85,bid,1750210030774
76440473074388722537799893602404687230922238288182630419521127770642474448937,0.42,45.85,bid,1750210032693
5899348323059455657630528606815138588415095483052205208567031442326527433126,0.55,45.85,bid,1750210032693
76440473074388722537799893602404687230922238288182630419521127770642474448937,0.42,45.85,bid,1750210033346
5899348323059455657630528606815138588415095483052205208567031442326527433126,0.55,45.85,bid,1750210033346
76440473074388722537799893602404687230922238288182630419521127770642474448937,0.42,45.85,bid,1750210033754
5899348323059455657630528606815138588415095483052205208567031442326527433126,0.55,45.85,bid,1750210033754
76440473074388722537799893602404687230922238288182630419521127770642474448937,0.42,45.85,bid,1750210034175
5899348323059455657630528606815138588415095483052205208567031442326527433126,0.55,45.85,bid,1750210034175
76440473074388722537799893602404687230922238288182630419521127770642474448937,0.42,45.85,bid,1750210036161
5899348323059455657630528606815138588415095483052205208567031442326527433126,0.55,45.85,bid,1750210036161
76440473074388722537799893602404687230922238288182630419521127770642474448937,0.42,45.85,bid,1750210036911
5899348323059455657630528606815138588415095483052205208567031442326527433126,0.55,45.85,bid,1750210036911
76440473074388722537799893602404687230922238288182630419521127770642474448937,0.42,45.85,bid,1750210036963
5899348323059455657630528606815138588415095483052205208567031442326527433126,0.55,45.85,bid,1750210036963
76440473074388722537799893602404687230922238288182630419521127770642474448937,0.42,45.85,bid,1750210038655
5899348323059455657630528606815138588415095483052205208567031442326527433126,0.55,45.85,bid,1750210038655
76440473074388722537799893602404687230922238288182630419521127770642474448937,0.42,45.85,bid,1750210040483
5899348323059455657630528606815138588415095483052205208567031442326527433126,0.55,45.85,bid,1750210040483
76440473074388722537799893602404687230922238288182630419521127770642474448937,0.42,45.85,bid,1750210042508
5899348323059455657630528606815138588415095483052205208567031442326527433126,0.55,45.85,bid,1750210042508
76440473074388722537799893602404687230922238288182630419521127770642474448937,0.42,45.85,bid,1750210042886
5899348323059455657630528606815138588415095483052205208567031442326527433126,0.55,45.85,bid,1750210042886
76440473074388722537799893602404687230922238288182630419521127770642474448937,0.42,45.85,bid,1750210043599
5899348323059455657630528606815138588415095483052205208567031442326527433126,0.55,45.85,bid,1750210043599
76440473074388722537799893602404687230922238288182630419521127770642474448937,0.42,45.85,bid,1750210045455
5899348323059455657630528606815138588415095483052205208567031442326527433126,0.55,45.85,bid,1750210045455
76440473074388722537799893602404687230922238288182630419521127770642474448937,0.42,45.85,bid,1750210045516
5899348323059455657630528606815138588415095483052205208567031442326527433126,0.55,45.85,bid,1750210045516
76440473074388722537799893602404687230922238288182630419521127770642474448937,0.42,45.85,bid,1750210045785
5899348323059455657630528606815138588415095483052205208567031442326527433126,0.55,45.85,bid,1750210045785
76440473074388722537799893602404687230922238288182630419521127770642474448937,0.42,45.85,bid,1750210045934
5899348323059455657630528606815138588415095483052205208567031442326527433126,0.55,45.85,bid,1750210045934
76440473074388722537799893602404687230922238288182630419521127770642474448937,0.42,45.85,bid,1750210046320
5899348323059455657630528606815138588415095483052205208567031442326527433126,0.55,45.85,bid,1750210046320
76440473074388722537799893602404687230922238288182630419521127770642474448937,0.42,45.85,bid,1750210046421
5899348323059455657630528606815138588415095483052205208567031442326527433126,0.55,45.85,bid,1750210046421
76440473074388722537799893602404687230922238288182630419521127770642474448937,0.42,45.85,bid,1750210046515
5899348323059455657630528606815138588415095483052205208567031442326527433126,0.55,45.85,bid,1750210046515
76440473074388722537799893602404687230922238288182630419521127770642474448937,0.42,45.85,bid,1750210048134
5899348323059455657630528606815138588415095483052205208567031442326527433126,0.55,45.85,bid,1750210048134
76440473074388722537799893602404687230922238288182630419521127770642474448937,0.42,45.85,bid,1750210048333
5899348323059455657630528606815138588415095483052205208567031442326527433126,0.55,45.85,bid,1750210048333
76440473074388722537799893602404687230922238288182630419521127770642474448937,0.42,45.85,bid,1750210048509
5899348323059455657630528606815138588415095483052205208567031442326527433126,0.55,45.85,bid,1750210048509
76440473074388722537799893602404687230922238288182630419521127770642474448937,0.42,45.85,bid,1750210048906
5899348323059455657630528606815138588415095483052205208567031442326527433126,0.55,45.85,bid,1750210048906
76440473074388722537799893602404687230922238288182630419521127770642474448937,0.42,45.85,bid,1750210049012
5899348323059455657630528606815138588415095483052205208567031442326527433126,0.55,45.85,bid,1750210049012
76440473074388722537799893602404687230922238288182630419521127770642474448937,0.42,45.85,bid,1750210049139
5899348323059455657630528606815138588415095483052205208567031442326527433126,0.55,45.85,bid,1750210049139
76440473074388722537799893602404687230922238288182630419521127770642474448937,0.42,45.85,bid,1750210049732
5899348323059455657630528606815138588415095483052205208567031442326527433126,0.55,45.85,bid,1750210049732
76440473074388722537799893602404687230922238288182630419521127770642474448937,0.42,45.85,bid,1750210050056
5899348323059455657630528606815138588415095483052205208567031442326527433126,0.55,45.85,bid,1750210050056
76440473074388722537799893602404687230922238288182630419521127770642474448937,0.42,45.85,bid,1750210050349
5899348323059455657630528606815138588415095483052205208567031442326527433126,0.55,45.85,bid,1750210050349
76440473074388722537799893602404687230922238288182630419521127770642474448937,0.42,45.85,bid,1750210050955
5899348323059455657630528606815138588415095483052205208567031442326527433126,0.55,45.85,bid,1750210050955
76440473074388722537799893602404687230922238288182630419521127770642474448937,0.42,45.85,bid,1750210053730
5899348323059455657630528606815138588415095483052205208567031442326527433126,0.55,45.85,bid,1750210053730
76440473074388722537799893602404687230922238288182630419521127770642474448937,0.42,45.85,bid,1750210053940
5899348323059455657630528606815138588415095483052205208567031442326527433126,0.55,45.85,bid,1750210053940
76440473074388722537799893602404687230922238288182630419521127770642474448937,0.42,45.85,bid,1750210054066
5899348323059455657630528606815138588415095483052205208567031442326527433126,0.55,45.85,bid,1750210054066
76440473074388722537799893602404687230922238288182630419521127770642474448937,0.42,45.85,bid,1750210054245
5899348323059455657630528606815138588415095483052205208567031442326527433126,0.55,45.85,bid,1750210054245
76440473074388722537799893602404687230922238288182630419521127770642474448937,0.42,45.85,bid,1750210054337
5899348323059455657630528606815138588415095483052205208567031442326527433126,0.55,45.85,bid,1750210054337
76440473074388722537799893602404687230922238288182630419521127770642474448937,0.42,45.85,bid,1750210054438
5899348323059455657630528606815138588415095483052205208567031442326527433126,0.55,45.85,bid,1750210054438
76440473074388722537799893602404687230922238288182630419521127770642474448937,0.42,45.85,bid,1750210054535
5899348323059455657630528606815138588415095483052205208567031442326527433126,0.55,45.85,bid,1750210054535
76440473074388722537799893602404687230922238288182630419521127770642474448937,0.42,45.85,bid,1750210054743
5899348323059455657630528606815138588415095483052205208567031442326527433126,0.55,45.85,bid,1750210054743
76440473074388722537799893602404687230922238288182630419521127770642474448937,0.42,45.85,bid,1750210054854
5899348323059455657630528606815138588415095483052205208567031442326527433126,0.55,45.85,bid,1750210054854
76440473074388722537799893602404687230922238288182630419521127770642474448937,0.42,45.85,bid,1750210055188
5899348323059455657630528606815138588415095483052205208567031442326527433126,0.55,45.85,bid,1750210055188
76440473074388722537799893602404687230922238288182630419521127770642474448937,0.42,45.85,bid,1750210055440
5899348323059455657630528606815138588415095483052205208567031442326527433126,0.55,45.85,bid,1750210055440
76440473074388722537799893602404687230922238288182630419521127770642474448937,0.42,45.85,bid,1750210055552
5899348323059455657630528606815138588415095483052205208567031442326527433126,0.55,45.85,bid,1750210055552
76440473074388722537799893602404687230922238288182630419521127770642474448937,0.42,45.85,bid,1750210056048
5899348323059455657630528606815138588415095483052205208567031442326527433126,0.55,45.85,bid,1750210056048
76440473074388722537799893602404687230922238288182630419521127770642474448937,0.42,45.85,bid,1750210056156
5899348323059455657630528606815138588415095483052205208567031442326527433126,0.54,45.85,bid,1750210056156
76440473074388722537799893602404687230922238288182630419521127770642474448937,0.42,45.85,bid,1750210056449
5899348323059455657630528606815138588415095483052205208567031442326527433126,0.54,45.85,bid,1750210056449
76440473074388722537799893602404687230922238288182630419521127770642474448937,0.42,45.85,bid,1750210056547
5899348323059455657630528606815138588415095483052205208567031442326527433126,0.54,45.85,bid,1750210056547
76440473074388722537799893602404687230922238288182630419521127770642474448937,0.42,45.85,bid,1750210056936
5899348323059455657630528606815138588415095483052205208567031442326527433126,0.54,45.85,bid,1750210056936
76440473074388722537799893602404687230922238288182630419521127770642474448937,0.42,45.85,bid,1750210060665
5899348323059455657630528606815138588415095483052205208567031442326527433126,0.53,45.85,bid,1750210060665
76440473074388722537799893602404687230922238288182630419521127770642474448937,0.42,45.85,bid,1750210060771
5899348323059455657630528606815138588415095483052205208567031442326527433126,0.5,45.85,bid,1750210060771
76440473074388722537799893602404687230922238288182630419521127770642474448937,0.42,45.85,bid,1750210060868
5899348323059455657630528606815138588415095483052205208567031442326527433126,0.5,45.85,bid,1750210060868
76440473074388722537799893602404687230922238288182630419521127770642474448937,0.42,45.85,bid,1750210061061
5899348323059455657630528606815138588415095483052205208567031442326527433126,0.5,45.85,bid,1750210061061
76440473074388722537799893602404687230922238288182630419521127770642474448937,0.42,45.85,bid,1750210061189
5899348323059455657630528606815138588415095483052205208567031442326527433126,0.49,45.85,bid,1750210061189
76440473074388722537799893602404687230922238288182630419521127770642474448937,0.42,45.85,bid,1750210061369
5899348323059455657630528606815138588415095483052205208567031442326527433126,0.49,45.85,bid,1750210061369
76440473074388722537799893602404687230922238288182630419521127770642474448937,0.42,45.85,bid,1750210061965
5899348323059455657630528606815138588415095483052205208567031442326527433126,0.49,45.85,bid,1750210061965
76440473074388722537799893602404687230922238288182630419521127770642474448937,0.42,45.85,bid,1750210062064
5899348323059455657630528606815138588415095483052205208567031442326527433126,0.48,45.85,bid,1750210062064
76440473074388722537799893602404687230922238288182630419521127770642474448937,0.42,45.85,bid,1750210062172
5899348323059455657630528606815138588415095483052205208567031442326527433126,0.47,45.85,bid,1750210062172
76440473074388722537799893602404687230922238288182630419521127770642474448937,0.42,45.85,bid,1750210062280
5899348323059455657630528606815138588415095483052205208567031442326527433126,0.47,45.85,bid,1750210062280
76440473074388722537799893602404687230922238288182630419521127770642474448937,0.42,45.85,bid,1750210062369
5899348323059455657630528606815138588415095483052205208567031442326527433126,0.46,45.85,bid,1750210062369
76440473074388722537799893602404687230922238288182630419521127770642474448937,0.42,45.85,bid,1750210062709
5899348323059455657630528606815138588415095483052205208567031442326527433126,0.46,45.85,bid,1750210062709
76440473074388722537799893602404687230922238288182630419521127770642474448937,0.42,45.85,bid,1750210063556
5899348323059455657630528606815138588415095483052205208567031442326527433126,0.46,45.85,bid,1750210063556
76440473074388722537799893602404687230922238288182630419521127770642474448937,0.42,45.85,bid,1750210063788
5899348323059455657630528606815138588415095483052205208567031442326527433126,0.45,45.85,bid,1750210063788
76440473074388722537799893602404687230922238288182630419521127770642474448937,0.42,45.85,bid,1750210063872
5899348323059455657630528606815138588415095483052205208567031442326527433126,0.45,45.85,bid,1750210063872
76440473074388722537799893602404687230922238288182630419521127770642474448937,0.42,45.85,bid,1750210064188
5899348323059455657630528606815138588415095483052205208567031442326527433126,0.45,45.85,bid,1750210064188
76440473074388722537799893602404687230922238288182630419521127770642474448937,0.42,45.85,bid,1750210064289
5899348323059455657630528606815138588415095483052205208567031442326527433126,0.45,45.85,bid,1750210064289
76440473074388722537799893602404687230922238288182630419521127770642474448937,0.42,45.85,bid,1750210064375
5899348323059455657630528606815138588415095483052205208567031442326527433126,0.45,45.85,bid,1750210064375
76440473074388722537799893602404687230922238288182630419521127770642474448937,0.42,45.85,bid,1750210064472
5899348323059455657630528606815138588415095483052205208567031442326527433126,0.45,45.85,bid,1750210064472
76440473074388722537799893602404687230922238288182630419521127770642474448937,0.42,45.85,bid,1750210064807
5899348323059455657630528606815138588415095483052205208567031442326527433126,0.45,45.85,bid,1750210064807
76440473074388722537799893602404687230922238288182630419521127770642474448937,0.42,45.85,bid,1750210064924
5899348323059455657630528606815138588415095483052205208567031442326527433126,0.45,45.85,bid,1750210064924
76440473074388722537799893602404687230922238288182630419521127770642474448937,0.42,45.85,bid,1750210065087
5899348323059455657630528606815138588415095483052205208567031442326527433126,0.45,45.85,bid,1750210065087
76440473074388722537799893602404687230922238288182630419521127770642474448937,0.42,45.85,bid,1750210065198
5899348323059455657630528606815138588415095483052205208567031442326527433126,0.45,45.85,bid,1750210065198
76440473074388722537799893602404687230922238288182630419521127770642474448937,0.42,45.85,bid,1750210065301
5899348323059455657630528606815138588415095483052205208567031442326527433126,0.45,45.85,bid,1750210065301
76440473074388722537799893602404687230922238288182630419521127770642474448937,0.42,45.85,bid,1750210065387
5899348323059455657630528606815138588415095483052205208567031442326527433126,0.45,45.85,bid,1750210065387
76440473074388722537799893602404687230922238288182630419521127770642474448937,0.42,45.85,bid,1750210065494
5899348323059455657630528606815138588415095483052205208567031442326527433126,0.45,45.85,bid,1750210065494
76440473074388722537799893602404687230922238288182630419521127770642474448937,0.42,45.85,bid,1750210065675
5899348323059455657630528606815138588415095483052205208567031442326527433126,0.45,45.85,bid,1750210065675
76440473074388722537799893602404687230922238288182630419521127770642474448937,0.42,45.85,bid,1750210066213
5899348323059455657630528606815138588415095483052205208567031442326527433126,0.45,45.85,bid,1750210066213
76440473074388722537799893602404687230922238288182630419521127770642474448937,0.42,45.85,bid,1750210066807
5899348323059455657630528606815138588415095483052205208567031442326527433126,0.45,45.85,bid,1750210066807
76440473074388722537799893602404687230922238288182630419521127770642474448937,0.42,45.85,bid,1750210066894
5899348323059455657630528606815138588415095483052205208567031442326527433126,0.45,45.85,bid,1750210066894
76440473074388722537799893602404687230922238288182630419521127770642474448937,0.42,45.85,bid,1750210066998
5899348323059455657630528606815138588415095483052205208567031442326527433126,0.45,45.85,bid,1750210066998
76440473074388722537799893602404687230922238288182630419521127770642474448937,0.42,45.85,bid,1750210067123
5899348323059455657630528606815138588415095483052205208567031442326527433126,0.45,45.85,bid,1750210067123
76440473074388722537799893602404687230922238288182630419521127770642474448937,0.42,45.85,bid,1750210067297
5899348323059455657630528606815138588415095483052205208567031442326527433126,0.45,45.85,bid,1750210067297
76440473074388722537799893602404687230922238288182630419521127770642474448937,0.42,45.85,bid,1750210067491
5899348323059455657630528606815138588415095483052205208567031442326527433126,0.45,45.85,bid,1750210067491
76440473074388722537799893602404687230922238288182630419521127770642474448937,0.42,45.85,bid,1750210067678
5899348323059455657630528606815138588415095483052205208567031442326527433126,0.45,45.85,bid,1750210067678
76440473074388722537799893602404687230922238288182630419521127770642474448937,0.42,45.85,bid,1750210067804
5899348323059455657630528606815138588415095483052205208567031442326527433126,0.45,45.85,bid,1750210067804
76440473074388722537799893602404687230922238288182630419521127770642474448937,0.42,45.85,bid,1750210068308
5899348323059455657630528606815138588415095483052205208567031442326527433126,0.45,45.85,bid,1750210068308
76440473074388722537799893602404687230922238288182630419521127770642474448937,0.42,45.85,bid,1750210068926
5899348323059455657630528606815138588415095483052205208567031442326527433126,0.45,45.85,bid,1750210068926
76440473074388722537799893602404687230922238288182630419521127770642474448937,0.42,45.85,bid,1750210069301
5899348323059455657630528606815138588415095483052205208567031442326527433126,0.45,45.85,bid,1750210069301
76440473074388722537799893602404687230922238288182630419521127770642474448937,0.42,45.85,bid,1750210069442
5899348323059455657630528606815138588415095483052205208567031442326527433126,0.45,45.85,bid,1750210069442
76440473074388722537799893602404687230922238288182630419521127770642474448937,0.42,45.85,bid,1750210069531
5899348323059455657630528606815138588415095483052205208567031442326527433126,0.45,45.85,bid,1750210069531
76440473074388722537799893602404687230922238288182630419521127770642474448937,0.42,45.85,bid,1750210069703
5899348323059455657630528606815138588415095483052205208567031442326527433126,0.45,45.85,bid,1750210069703
76440473074388722537799893602404687230922238288182630419521127770642474448937,0.42,45.85,bid,1750210069793
5899348323059455657630528606815138588415095483052205208567031442326527433126,0.45,45.85,bid,1750210069793
76440473074388722537799893602404687230922238288182630419521127770642474448937,0.42,45.85,bid,1750210070818
5899348323059455657630528606815138588415095483052205208567031442326527433126,0.45,45.85,bid,1750210070818
76440473074388722537799893602404687230922238288182630419521127770642474448937,0.42,45.85,bid,1750210070909
5899348323059455657630528606815138588415095483052205208567031442326527433126,0.45,45.85,bid,1750210070909
76440473074388722537799893602404687230922238288182630419521127770642474448937,0.42,45.85,bid,1750210075113
5899348323059455657630528606815138588415095483052205208567031442326527433126,0.45,45.85,bid,1750210075113
76440473074388722537799893602404687230922238288182630419521127770642474448937,0.42,45.85,bid,1750210082459
5899348323059455657630528606815138588415095483052205208567031442326527433126,0.45,45.85,bid,1750210082459
76440473074388722537799893602404687230922238288182630419521127770642474448937,0.42,45.85,bid,1750210082614
5899348323059455657630528606815138588415095483052205208567031442326527433126,0.45,45.85,bid,1750210082614
76440473074388722537799893602404687230922238288182630419521127770642474448937,0.42,45.85,bid,1750210082760
5899348323059455657630528606815138588415095483052205208567031442326527433126,0.45,45.85,bid,1750210082760
76440473074388722537799893602404687230922238288182630419521127770642474448937,0.42,45.85,bid,1750210082873
5899348323059455657630528606815138588415095483052205208567031442326527433126,0.45,45.85,bid,1750210082873
76440473074388722537799893602404687230922238288182630419521127770642474448937,0.42,45.85,bid,1750210095251
5899348323059455657630528606815138588415095483052205208567031442326527433126,0.45,45.85,bid,1750210095251
76440473074388722537799893602404687230922238288182630419521127770642474448937,0.42,45.85,bid,1750210098962
5899348323059455657630528606815138588415095483052205208567031442326527433126,0.45,45.85,bid,1750210098962
76440473074388722537799893602404687230922238288182630419521127770642474448937,0.42,45.85,bid,1750210102409
5899348323059455657630528606815138588415095483052205208567031442326527433126,0.45,45.85,bid,1750210102409
76440473074388722537799893602404687230922238288182630419521127770642474448937,0.42,45.85,bid,1750210102594
5899348323059455657630528606815138588415095483052205208567031442326527433126,0.45,45.85,bid,1750210102594
76440473074388722537799893602404687230922238288182630419521127770642474448937,0.42,45.85,bid,1750210102653
5899348323059455657630528606815138588415095483052205208567031442326527433126,0.45,45.85,bid,1750210102653
76440473074388722537799893602404687230922238288182630419521127770642474448937,0.42,45.85,bid,1750210102856
5899348323059455657630528606815138588415095483052205208567031442326527433126,0.45,45.85,bid,1750210102856
76440473074388722537799893602404687230922238288182630419521127770642474448937,0.42,45.85,bid,1750210103953
5899348323059455657630528606815138588415095483052205208567031442326527433126,0.45,45.85,bid,1750210103953
76440473074388722537799893602404687230922238288182630419521127770642474448937,0.42,45.85,bid,1750210104056
5899348323059455657630528606815138588415095483052205208567031442326527433126,0.45,45.85,bid,1750210104056
76440473074388722537799893602404687230922238288182630419521127770642474448937,0.42,45.85,bid,1750210104159
5899348323059455657630528606815138588415095483052205208567031442326527433126,0.45,45.85,bid,1750210104159
76440473074388722537799893602404687230922238288182630419521127770642474448937,0.42,45.85,bid,1750210104358
5899348323059455657630528606815138588415095483052205208567031442326527433126,0.45,45.85,bid,1750210104358
76440473074388722537799893602404687230922238288182630419521127770642474448937,0.42,45.85,bid,1750210104464
5899348323059455657630528606815138588415095483052205208567031442326527433126,0.45,45.85,bid,1750210104464
76440473074388722537799893602404687230922238288182630419521127770642474448937,0.42,45.85,bid,1750210104561
5899348323059455657630528606815138588415095483052205208567031442326527433126,0.44,45.85,bid,1750210104561
76440473074388722537799893602404687230922238288182630419521127770642474448937,0.42,45.85,bid,1750210104661
5899348323059455657630528606815138588415095483052205208567031442326527433126,0.44,45.85,bid,1750210104661
76440473074388722537799893602404687230922238288182630419521127770642474448937,0.42,45.85,bid,1750210104759
5899348323059455657630528606815138588415095483052205208567031442326527433126,0.44,45.85,bid,1750210104759
76440473074388722537799893602404687230922238288182630419521127770642474448937,0.42,45.85,bid,1750210104865
5899348323059455657630528606815138588415095483052205208567031442326527433126,0.44,45.85,bid,1750210104865
76440473074388722537799893602404687230922238288182630419521127770642474448937,0.42,45.85,bid,1750210104962
5899348323059455657630528606815138588415095483052205208567031442326527433126,0.44,45.85,bid,1750210104962
76440473074388722537799893602404687230922238288182630419521127770642474448937,0.42,45.85,bid,1750210105493
5899348323059455657630528606815138588415095483052205208567031442326527433126,0.44,45.85,bid,1750210105493
76440473074388722537799893602404687230922238288182630419521127770642474448937,0.42,45.85,bid,1750210111040
5899348323059455657630528606815138588415095483052205208567031442326527433126,0.44,45.85,bid,1750210111040
76440473074388722537799893602404687230922238288182630419521127770642474448937,0.42,45.85,bid,1750210111482
5899348323059455657630528606815138588415095483052205208567031442326527433126,0.44,45.85,bid,1750210111482
76440473074388722537799893602404687230922238288182630419521127770642474448937,0.42,45.85,bid,1750210112519
5899348323059455657630528606815138588415095483052205208567031442326527433126,0.44,45.85,bid,1750210112519
76440473074388722537799893602404687230922238288182630419521127770642474448937,0.42,45.85,bid,1750210112735
5899348323059455657630528606815138588415095483052205208567031442326527433126,0.44,45.85,bid,1750210112735
76440473074388722537799893602404687230922238288182630419521127770642474448937,0.42,45.85,bid,1750210112813
5899348323059455657630528606815138588415095483052205208567031442326527433126,0.44,45.85,bid,1750210112813
76440473074388722537799893602404687230922238288182630419521127770642474448937,0.42,45.85,bid,1750210112915
5899348323059455657630528606815138588415095483052205208567031442326527433126,0.44,45.85,bid,1750210112915
76440473074388722537799893602404687230922238288182630419521127770642474448937,0.42,45.85,bid,1750210113036
5899348323059455657630528606815138588415095483052205208567031442326527433126,0.44,45.85,bid,1750210113036
76440473074388722537799893602404687230922238288182630419521127770642474448937,0.42,45.85,bid,1750210113142
5899348323059455657630528606815138588415095483052205208567031442326527433126,0.44,45.85,bid,1750210113142
76440473074388722537799893602404687230922238288182630419521127770642474448937,0.42,45.85,bid,1750210113227
5899348323059455657630528606815138588415095483052205208567031442326527433126,0.44,45.85,bid,1750210113227
76440473074388722537799893602404687230922238288182630419521127770642474448937,0.42,45.85,bid,1750210114537
5899348323059455657630528606815138588415095483052205208567031442326527433126,0.44,45.85,bid,1750210114537
76440473074388722537799893602404687230922238288182630419521127770642474448937,0.42,45.85,bid,1750210114735
5899348323059455657630528606815138588415095483052205208567031442326527433126,0.44,45.85,bid,1750210114735
76440473074388722537799893602404687230922238288182630419521127770642474448937,0.42,45.85,bid,1750210115528
5899348323059455657630528606815138588415095483052205208567031442326527433126,0.44,45.85,bid,1750210115528
76440473074388722537799893602404687230922238288182630419521127770642474448937,0.42,45.85,bid,1750210116552
5899348323059455657630528606815138588415095483052205208567031442326527433126,0.44,45.85,bid,1750210116552
76440473074388722537799893602404687230922238288182630419521127770642474448937,0.42,45.85,bid,1750210116741
5899348323059455657630528606815138588415095483052205208567031442326527433126,0.44,45.85,bid,1750210116741
76440473074388722537799893602404687230922238288182630419521127770642474448937,0.42,45.85,bid,1750210119356
5899348323059455657630528606815138588415095483052205208567031442326527433126,0.44,45.85,bid,1750210119356
76440473074388722537799893602404687230922238288182630419521127770642474448937,0.42,45.85,bid,1750210120743
5899348323059455657630528606815138588415095483052205208567031442326527433126,0.44,45.85,bid,1750210120743
76440473074388722537799893602404687230922238288182630419521127770642474448937,0.42,45.85,bid,1750210120852
5899348323059455657630528606815138588415095483052205208567031442326527433126,0.44,45.85,bid,1750210120852
76440473074388722537799893602404687230922238288182630419521127770642474448937,0.42,45.85,bid,1750210121773
5899348323059455657630528606815138588415095483052205208567031442326527433126,0.44,45.85,bid,1750210121773
76440473074388722537799893602404687230922238288182630419521127770642474448937,0.42,45.85,bid,1750210122570
5899348323059455657630528606815138588415095483052205208567031442326527433126,0.44,45.85,bid,1750210122570
76440473074388722537799893602404687230922238288182630419521127770642474448937,0.42,45.85,bid,1750210123856
5899348323059455657630528606815138588415095483052205208567031442326527433126,0.44,45.85,bid,1750210123856
76440473074388722537799893602404687230922238288182630419521127770642474448937,0.42,45.85,bid,1750210123974
5899348323059455657630528606815138588415095483052205208567031442326527433126,0.44,45.85,bid,1750210123974
76440473074388722537799893602404687230922238288182630419521127770642474448937,0.42,45.85,bid,1750210124173
5899348323059455657630528606815138588415095483052205208567031442326527433126,0.44,45.85,bid,1750210124173
76440473074388722537799893602404687230922238288182630419521127770642474448937,0.42,45.85,bid,1750210124285
5899348323059455657630528606815138588415095483052205208567031442326527433126,0.44,45.85,bid,1750210124285
76440473074388722537799893602404687230922238288182630419521127770642474448937,0.42,45.85,bid,1750210124381
5899348323059455657630528606815138588415095483052205208567031442326527433126,0.44,45.85,bid,1750210124381
76440473074388722537799893602404687230922238288182630419521127770642474448937,0.42,45.85,bid,1750210125277
5899348323059455657630528606815138588415095483052205208567031442326527433126,0.42,45.85,bid,1750210125277
76440473074388722537799893602404687230922238288182630419521127770642474448937,0.42,45.85,bid,1750210125373
5899348323059455657630528606815138588415095483052205208567031442326527433126,0.42,45.85,bid,1750210125373
76440473074388722537799893602404687230922238288182630419521127770642474448937,0.42,45.85,bid,1750210125472
5899348323059455657630528606815138588415095483052205208567031442326527433126,0.42,45.85,bid,1750210125472
76440473074388722537799893602404687230922238288182630419521127770642474448937,0.42,45.85,bid,1750210125860
5899348323059455657630528606815138588415095483052205208567031442326527433126,0.42,45.85,bid,1750210125860
76440473074388722537799893602404687230922238288182630419521127770642474448937,0.42,45.85,bid,1750210126276
5899348323059455657630528606815138588415095483052205208567031442326527433126,0.33,45.85,bid,1750210126276
76440473074388722537799893602404687230922238288182630419521127770642474448937,0.42,45.85,bid,1750210126496
5899348323059455657630528606815138588415095483052205208567031442326527433126,0.33,45.85,bid,1750210126496
76440473074388722537799893602404687230922238288182630419521127770642474448937,0.42,45.85,bid,1750210126773
5899348323059455657630528606815138588415095483052205208567031442326527433126,0.33,45.85,bid,1750210126773
76440473074388722537799893602404687230922238288182630419521127770642474448937,0.42,45.85,bid,1750210129293
5899348323059455657630528606815138588415095483052205208567031442326527433126,0.33,45.85,bid,1750210129293
76440473074388722537799893602404687230922238288182630419521127770642474448937,0.42,45.85,bid,1750210131197
5899348323059455657630528606815138588415095483052205208567031442326527433126,0.33,45.85,bid,1750210131197
76440473074388722537799893602404687230922238288182630419521127770642474448937,0.42,45.85,bid,1750210131287
5899348323059455657630528606815138588415095483052205208567031442326527433126,0.32,45.85,bid,1750210131287
76440473074388722537799893602404687230922238288182630419521127770642474448937,0.42,45.85,bid,1750210132036
5899348323059455657630528606815138588415095483052205208567031442326527433126,0.32,45.85,bid,1750210132036
76440473074388722537799893602404687230922238288182630419521127770642474448937,0.42,45.85,bid,1750210132117
5899348323059455657630528606815138588415095483052205208567031442326527433126,0.32,45.85,bid,1750210132117
76440473074388722537799893602404687230922238288182630419521127770642474448937,0.42,45.85,bid,1750210132426
5899348323059455657630528606815138588415095483052205208567031442326527433126,0.32,45.85,bid,1750210132426
76440473074388722537799893602404687230922238288182630419521127770642474448937,0.42,45.85,bid,1750210132510
5899348323059455657630528606815138588415095483052205208567031442326527433126,0.32,45.85,bid,1750210132510
76440473074388722537799893602404687230922238288182630419521127770642474448937,0.42,45.85,bid,1750210132627
5899348323059455657630528606815138588415095483052205208567031442326527433126,0.32,45.85,bid,1750210132627
76440473074388722537799893602404687230922238288182630419521127770642474448937,0.42,45.85,bid,1750210142047
5899348323059455657630528606815138588415095483052205208567031442326527433126,0.28,45.85,bid,1750210142047
76440473074388722537799893602404687230922238288182630419521127770642474448937,0.42,45.85,bid,1750210142275
5899348323059455657630528606815138588415095483052205208567031442326527433126,0.26,45.85,bid,1750210142275
76440473074388722537799893602404687230922238288182630419521127770642474448937,0.42,45.85,bid,1750210142394
5899348323059455657630528606815138588415095483052205208567031442326527433126,0.25,45.85,bid,1750210142394
76440473074388722537799893602404687230922238288182630419521127770642474448937,0.42,45.85,bid,1750210142492
5899348323059455657630528606815138588415095483052205208567031442326527433126,0.25,45.85,bid,1750210142492
76440473074388722537799893602404687230922238288182630419521127770642474448937,0.42,45.85,bid,1750210142752
5899348323059455657630528606815138588415095483052205208567031442326527433126,0.25,45.85,bid,1750210142752
76440473074388722537799893602404687230922238288182630419521127770642474448937,0.42,45.85,bid,1750210143144
5899348323059455657630528606815138588415095483052205208567031442326527433126,0.25,45.85,bid,1750210143144
76440473074388722537799893602404687230922238288182630419521127770642474448937,0.42,45.85,bid,1750210143262
5899348323059455657630528606815138588415095483052205208567031442326527433126,0.25,45.85,bid,1750210143262
76440473074388722537799893602404687230922238288182630419521127770642474448937,0.42,45.85,bid,1750210143505
5899348323059455657630528606815138588415095483052205208567031442326527433126,0.25,45.85,bid,1750210143505
76440473074388722537799893602404687230922238288182630419521127770642474448937,0.42,45.85,bid,1750210143781
5899348323059455657630528606815138588415095483052205208567031442326527433126,0.24,45.85,bid,1750210143781
76440473074388722537799893602404687230922238288182630419521127770642474448937,0.42,45.85,bid,1750210143875
5899348323059455657630528606815138588415095483052205208567031442326527433126,0.24,45.85,bid,1750210143875
76440473074388722537799893602404687230922238288182630419521127770642474448937,0.42,45.85,bid,1750210144160
5899348323059455657630528606815138588415095483052205208567031442326527433126,0.24,45.85,bid,1750210144160
76440473074388722537799893602404687230922238288182630419521127770642474448937,0.42,45.85,bid,1750210144276
5899348323059455657630528606815138588415095483052205208567031442326527433126,0.24,45.85,bid,1750210144276
76440473074388722537799893602404687230922238288182630419521127770642474448937,0.42,45.85,bid,1750210144397
5899348323059455657630528606815138588415095483052205208567031442326527433126,0.24,45.85,bid,1750210144397
76440473074388722537799893602404687230922238288182630419521127770642474448937,0.42,45.85,bid,1750210144585
5899348323059455657630528606815138588415095483052205208567031442326527433126,0.24,45.85,bid,1750210144585
76440473074388722537799893602404687230922238288182630419521127770642474448937,0.42,45.85,bid,1750210144772
5899348323059455657630528606815138588415095483052205208567031442326527433126,0.2,45.85,bid,1750210144772
76440473074388722537799893602404687230922238288182630419521127770642474448937,0.42,45.85,bid,1750210144878
5899348323059455657630528606815138588415095483052205208567031442326527433126,0.2,45.85,bid,1750210144878
76440473074388722537799893602404687230922238288182630419521127770642474448937,0.42,45.85,bid,1750210144974
5899348323059455657630528606815138588415095483052205208567031442326527433126,0.2,45.85,bid,1750210144974
76440473074388722537799893602404687230922238288182630419521127770642474448937,0.42,45.85,bid,1750210145068
5899348323059455657630528606815138588415095483052205208567031442326527433126,0.2,45.85,bid,1750210145068
76440473074388722537799893602404687230922238288182630419521127770642474448937,0.42,45.85,bid,1750210145196
5899348323059455657630528606815138588415095483052205208567031442326527433126,0.2,45.85,bid,1750210145196
76440473074388722537799893602404687230922238288182630419521127770642474448937,0.42,45.85,bid,1750210145296
5899348323059455657630528606815138588415095483052205208567031442326527433126,0.2,45.85,bid,1750210145296
76440473074388722537799893602404687230922238288182630419521127770642474448937,0.42,45.85,bid,1750210145670
5899348323059455657630528606815138588415095483052205208567031442326527433126,0.2,45.85,bid,1750210145670
