trade_dt,token_id,event_id,open_price,high_price,low_price,close_price,question,insert_time
2024-04-03 00:00:00,110407040728841074653579811857395734742462679244768470248891403370982657391624,10018,0.41,0.41,0.41,0.41,Sam Brown,2025-05-31 13:01:08
2024-04-03 00:00:00,67907845702606698787174525606026822541237125710080743620205634926727922648427,10018,0.594059405940594,0.594059405940594,0.594059405940594,0.594059405940594,Jacky Rosen,2025-05-31 13:01:08
2024-04-04 00:00:00,110407040728841074653579811857395734742462679244768470248891403370982657391624,10018,0.4,0.4,0.4,0.4,Sam Brown,2025-05-31 13:01:08
2024-04-04 00:00:00,67907845702606698787174525606026822541237125710080743620205634926727922648427,10018,0.6,0.6,0.6,0.6,Jacky Rosen,2025-05-31 13:01:08
2024-04-05 00:00:00,67907845702606698787174525606026822541237125710080743620205634926727922648427,10018,0.6,0.6,0.59,0.6,Jacky Rosen,2025-05-31 13:01:08
2024-04-07 00:00:00,110407040728841074653579811857395734742462679244768470248891403370982657391624,10018,0.4,0.4,0.4,0.4,Sam Brown,2025-05-31 13:01:08
2024-04-08 00:00:00,110407040728841074653579811857395734742462679244768470248891403370982657391624,10018,0.39000014030010804,0.39000014030010804,0.39000014030010804,0.39000014030010804,Sam Brown,2025-05-31 13:01:08
2024-04-08 00:00:00,67907845702606698787174525606026822541237125710080743620205634926727922648427,10018,0.5899998465998865,0.5899998465998865,0.5899998465998865,0.5899998465998865,Jacky Rosen,2025-05-31 13:01:08
2024-04-09 00:00:00,67907845702606698787174525606026822541237125710080743620205634926727922648427,10018,0.5899999952799998,0.5899999952799998,0.5899999952799998,0.5899999952799998,Jacky Rosen,2025-05-31 13:01:08
2024-04-12 00:00:00,67907845702606698787174525606026822541237125710080743620205634926727922648427,10018,0.58,0.6,0.58,0.6,Jacky Rosen,2025-05-31 13:01:08
2024-04-27 00:00:00,110407040728841074653579811857395734742462679244768470248891403370982657391624,10018,0.4,0.4,0.4,0.4,Sam Brown,2025-05-31 13:01:08
2024-05-04 00:00:00,67907845702606698787174525606026822541237125710080743620205634926727922648427,10018,0.6,0.6,0.6,0.6,Jacky Rosen,2025-05-31 13:01:08
2024-05-05 00:00:00,110407040728841074653579811857395734742462679244768470248891403370982657391624,10018,0.39999999999999997,0.4,0.39999999999999997,0.4,Sam Brown,2025-05-31 13:01:08
2024-05-06 00:00:00,110407040728841074653579811857395734742462679244768470248891403370982657391624,10018,0.4,0.4,0.4,0.4,Sam Brown,2025-05-31 13:01:08
2024-05-13 00:00:00,110407040728841074653579811857395734742462679244768470248891403370982657391624,10018,0.41,0.42,0.41,0.42,Sam Brown,2025-05-31 13:01:08
2024-05-13 00:00:00,67907845702606698787174525606026822541237125710080743620205634926727922648427,10018,0.58,0.58,0.58,0.58,Jacky Rosen,2025-05-31 13:01:08
2024-05-16 00:00:00,110407040728841074653579811857395734742462679244768470248891403370982657391624,10018,0.43999999559999986,0.43999999559999986,0.4313725483852364,0.43999999559999986,Sam Brown,2025-05-31 13:01:08
2024-05-21 00:00:00,110407040728841074653579811857395734742462679244768470248891403370982657391624,10018,0.41,0.42,0.41,0.42,Sam Brown,2025-05-31 13:01:08
2024-05-24 00:00:00,110407040728841074653579811857395734742462679244768470248891403370982657391624,10018,0.43,0.43,0.42999999713333326,0.42999999713333326,Sam Brown,2025-05-31 13:01:08
2024-05-27 00:00:00,67907845702606698787174525606026822541237125710080743620205634926727922648427,10018,0.5700000000000001,0.5700000000000001,0.509009009009009,0.509009009009009,Jacky Rosen,2025-05-31 13:01:08
2024-05-28 00:00:00,110407040728841074653579811857395734742462679244768470248891403370982657391624,10018,0.43999975359964516,0.43999975359964516,0.43999975359964516,0.43999975359964516,Sam Brown,2025-05-31 13:01:08
2024-05-28 00:00:00,67907845702606698787174525606026822541237125710080743620205634926727922648427,10018,0.5099998316998873,0.5399999954343689,0.509996939712333,0.5399999954343689,Jacky Rosen,2025-05-31 13:01:08
2024-05-29 00:00:00,67907845702606698787174525606026822541237125710080743620205634926727922648427,10018,0.54,0.54,0.54,0.54,Jacky Rosen,2025-05-31 13:01:08
2024-05-31 00:00:00,10062431395534115098437472924734094339740167484028803240283624729240003601029,10018,0.003,0.003,0.003,0.003,Other,2025-05-31 13:01:08
2024-05-31 00:00:00,110407040728841074653579811857395734742462679244768470248891403370982657391624,10018,0.43,0.43000000000000005,0.42000000000000004,0.42000000000000004,Sam Brown,2025-05-31 13:01:08
2024-06-03 00:00:00,67907845702606698787174525606026822541237125710080743620205634926727922648427,10018,0.5399999902799992,0.5399999902799992,0.5399999902799992,0.5399999902799992,Jacky Rosen,2025-05-31 13:01:08
2024-06-04 00:00:00,67907845702606698787174525606026822541237125710080743620205634926727922648427,10018,0.52,0.52,0.52,0.52,Jacky Rosen,2025-05-31 13:01:08
2024-06-06 00:00:00,10062431395534115098437472924734094339740167484028803240283624729240003601029,10018,0.019000000021111112,0.019000000021111112,0.018999989465555544,0.019000000021111112,Other,2025-05-31 13:01:08
2024-06-06 00:00:00,110407040728841074653579811857395734742462679244768470248891403370982657391624,10018,0.43000000000000005,0.43000000000000005,0.43000000000000005,0.43000000000000005,Sam Brown,2025-05-31 13:01:08
2024-06-06 00:00:00,67907845702606698787174525606026822541237125710080743620205634926727922648427,10018,0.5199999999999999,0.5199999999999999,0.5199999999999999,0.5199999999999999,Jacky Rosen,2025-05-31 13:01:08
2024-06-09 00:00:00,67907845702606698787174525606026822541237125710080743620205634926727922648427,10018,0.54,0.54,0.54,0.54,Jacky Rosen,2025-05-31 13:01:08
2024-06-12 00:00:00,67907845702606698787174525606026822541237125710080743620205634926727922648427,10018,0.53,0.53,0.53,0.53,Jacky Rosen,2025-05-31 13:01:08
2024-06-16 00:00:00,67907845702606698787174525606026822541237125710080743620205634926727922648427,10018,0.54,0.54,0.5300000070500003,0.5300000070500003,Jacky Rosen,2025-05-31 13:01:08
2024-06-18 00:00:00,67907845702606698787174525606026822541237125710080743620205634926727922648427,10018,0.53,0.5399999902799992,0.53,0.5399999902799992,Jacky Rosen,2025-05-31 13:01:08
2024-06-20 00:00:00,110407040728841074653579811857395734742462679244768470248891403370982657391624,10018,0.43,0.43,0.41999999999999993,0.42,Sam Brown,2025-05-31 13:01:08
2024-06-20 00:00:00,67907845702606698787174525606026822541237125710080743620205634926727922648427,10018,0.5399999999999999,0.58,0.5399999999999999,0.58,Jacky Rosen,2025-05-31 13:01:08
2024-06-21 00:00:00,10062431395534115098437472924734094339740167484028803240283624729240003601029,10018,0.004,0.004,0.0030000000000000005,0.0030000000000000005,Other,2025-05-31 13:01:08
2024-06-21 00:00:00,110407040728841074653579811857395734742462679244768470248891403370982657391624,10018,0.42,0.42,0.41000000000000003,0.41000000000000003,Sam Brown,2025-05-31 13:01:08
2024-06-21 00:00:00,67907845702606698787174525606026822541237125710080743620205634926727922648427,10018,0.5899999982383552,0.5899999982383552,0.5899999982383552,0.5899999982383552,Jacky Rosen,2025-05-31 13:01:08
2024-06-22 00:00:00,10062431395534115098437472924734094339740167484028803240283624729240003601029,10018,0.013999998032112677,0.013999998032112677,0.013628318586482887,0.013999998032112677,Other,2025-05-31 13:01:08
2024-06-23 00:00:00,67907845702606698787174525606026822541237125710080743620205634926727922648427,10018,0.5899998465998865,0.5899998465998865,0.5899998465998865,0.5899998465998865,Jacky Rosen,2025-05-31 13:01:08
2024-06-24 00:00:00,10062431395534115098437472924734094339740167484028803240283624729240003601029,10018,0.01,0.01,0.01,0.01,Other,2025-05-31 13:01:08
2024-06-24 00:00:00,67907845702606698787174525606026822541237125710080743620205634926727922648427,10018,0.5899999866266652,0.5899999866266652,0.5899999866266652,0.5899999866266652,Jacky Rosen,2025-05-31 13:01:08
2024-06-26 00:00:00,110407040728841074653579811857395734742462679244768470248891403370982657391624,10018,0.41,0.41,0.41,0.41,Sam Brown,2025-05-31 13:01:08
2024-06-28 00:00:00,10062431395534115098437472924734094339740167484028803240283624729240003601029,10018,0.009999999999999998,0.009999999999999998,0.009999999999999998,0.009999999999999998,Other,2025-05-31 13:01:08
2024-06-28 00:00:00,67907845702606698787174525606026822541237125710080743620205634926727922648427,10018,0.5899999893799995,0.5899999893799995,0.5899999893799995,0.5899999893799995,Jacky Rosen,2025-05-31 13:01:08
2024-06-29 00:00:00,67907845702606698787174525606026822541237125710080743620205634926727922648427,10018,0.5700000000000001,0.5700000000000001,0.5700000000000001,0.5700000000000001,Jacky Rosen,2025-05-31 13:01:08
2024-06-30 00:00:00,67907845702606698787174525606026822541237125710080743620205634926727922648427,10018,0.5899998465998865,0.5899998465998865,0.5899998465998865,0.5899998465998865,Jacky Rosen,2025-05-31 13:01:08
2024-07-04 00:00:00,10062431395534115098437472924734094339740167484028803240283624729240003601029,10018,0.01,0.01,0.01,0.01,Other,2025-05-31 13:01:08
2024-07-04 00:00:00,67907845702606698787174525606026822541237125710080743620205634926727922648427,10018,0.58,0.58,0.58,0.58,Jacky Rosen,2025-05-31 13:01:08
2024-07-05 00:00:00,67907845702606698787174525606026822541237125710080743620205634926727922648427,10018,0.57,0.5800000000000001,0.57,0.57,Jacky Rosen,2025-05-31 13:01:08
2024-07-06 00:00:00,10062431395534115098437472924734094339740167484028803240283624729240003601029,10018,0.005,0.005,0.005,0.005,Other,2025-05-31 13:01:08
2024-07-06 00:00:00,67907845702606698787174525606026822541237125710080743620205634926727922648427,10018,0.59,0.59,0.59,0.59,Jacky Rosen,2025-05-31 13:01:08
2024-07-10 00:00:00,67907845702606698787174525606026822541237125710080743620205634926727922648427,10018,0.59,0.59,0.59,0.59,Jacky Rosen,2025-05-31 13:01:08
2024-07-11 00:00:00,110407040728841074653579811857395734742462679244768470248891403370982657391624,10018,0.42,0.42,0.42,0.42,Sam Brown,2025-05-31 13:01:08
2024-07-12 00:00:00,110407040728841074653579811857395734742462679244768470248891403370982657391624,10018,0.39999999999999997,0.39999999999999997,0.39999999999999997,0.39999999999999997,Sam Brown,2025-05-31 13:01:08
2024-07-12 00:00:00,67907845702606698787174525606026822541237125710080743620205634926727922648427,10018,0.6,0.6,0.6,0.6,Jacky Rosen,2025-05-31 13:01:08
2024-07-13 00:00:00,10062431395534115098437472924734094339740167484028803240283624729240003601029,10018,0.005,0.005,0.005,0.005,Other,2025-05-31 13:01:08
2024-07-13 00:00:00,110407040728841074653579811857395734742462679244768470248891403370982657391624,10018,0.41,0.41,0.41,0.41,Sam Brown,2025-05-31 13:01:08
2024-07-13 00:00:00,67907845702606698787174525606026822541237125710080743620205634926727922648427,10018,0.59,0.59,0.59,0.59,Jacky Rosen,2025-05-31 13:01:08
2024-07-14 00:00:00,110407040728841074653579811857395734742462679244768470248891403370982657391624,10018,0.41999998788804005,0.41999998788804005,0.39999999999999997,0.39999999999999997,Sam Brown,2025-05-31 13:01:08
2024-07-14 00:00:00,67907845702606698787174525606026822541237125710080743620205634926727922648427,10018,0.58,0.58,0.58,0.58,Jacky Rosen,2025-05-31 13:01:08
2024-07-17 00:00:00,10062431395534115098437472924734094339740167484028803240283624729240003601029,10018,0.005,0.005,0.005,0.005,Other,2025-05-31 13:01:08
2024-07-17 00:00:00,110407040728841074653579811857395734742462679244768470248891403370982657391624,10018,0.4,0.4,0.4,0.4,Sam Brown,2025-05-31 13:01:08
2024-07-17 00:00:00,67907845702606698787174525606026822541237125710080743620205634926727922648427,10018,0.6,0.61,0.6,0.61,Jacky Rosen,2025-05-31 13:01:08
2024-07-18 00:00:00,110407040728841074653579811857395734742462679244768470248891403370982657391624,10018,0.41,0.42000000000000004,0.41,0.42000000000000004,Sam Brown,2025-05-31 13:01:08
2024-07-18 00:00:00,67907845702606698787174525606026822541237125710080743620205634926727922648427,10018,0.6,0.6,0.6,0.6,Jacky Rosen,2025-05-31 13:01:08
2024-07-19 00:00:00,10062431395534115098437472924734094339740167484028803240283624729240003601029,10018,0.003,0.003,0.0029999999999999996,0.003,Other,2025-05-31 13:01:08
2024-07-19 00:00:00,110407040728841074653579811857395734742462679244768470248891403370982657391624,10018,0.41000000000000003,0.41000000000000003,0.41000000000000003,0.41000000000000003,Sam Brown,2025-05-31 13:01:08
2024-07-19 00:00:00,67907845702606698787174525606026822541237125710080743620205634926727922648427,10018,0.6,0.6,0.59,0.59,Jacky Rosen,2025-05-31 13:01:08
2024-07-25 00:00:00,110407040728841074653579811857395734742462679244768470248891403370982657391624,10018,0.39,0.39,0.39,0.39,Sam Brown,2025-05-31 13:01:08
2024-07-26 00:00:00,10062431395534115098437472924734094339740167484028803240283624729240003601029,10018,0.002,0.002,0.002,0.002,Other,2025-05-31 13:01:08
2024-07-26 00:00:00,67907845702606698787174525606026822541237125710080743620205634926727922648427,10018,0.6,0.65,0.6,0.65,Jacky Rosen,2025-05-31 13:01:08
2024-07-28 00:00:00,110407040728841074653579811857395734742462679244768470248891403370982657391624,10018,0.36999998871499973,0.36999998871499973,0.36999998871499973,0.36999998871499973,Sam Brown,2025-05-31 13:01:08
2024-07-28 00:00:00,67907845702606698787174525606026822541237125710080743620205634926727922648427,10018,0.659999762399135,0.659999762399135,0.64,0.64,Jacky Rosen,2025-05-31 13:01:08
2024-07-29 00:00:00,67907845702606698787174525606026822541237125710080743620205634926727922648427,10018,0.65,0.65,0.63,0.6400000000000001,Jacky Rosen,2025-05-31 13:01:08
2024-07-30 00:00:00,67907845702606698787174525606026822541237125710080743620205634926727922648427,10018,0.64,0.64,0.63,0.63,Jacky Rosen,2025-05-31 13:01:08
2024-07-31 00:00:00,67907845702606698787174525606026822541237125710080743620205634926727922648427,10018,0.64,0.67,0.64,0.67,Jacky Rosen,2025-05-31 13:01:08
2024-08-01 00:00:00,67907845702606698787174525606026822541237125710080743620205634926727922648427,10018,0.7100000000000001,0.7100000000000001,0.7100000000000001,0.7100000000000001,Jacky Rosen,2025-05-31 13:01:08
2024-08-02 00:00:00,10062431395534115098437472924734094339740167484028803240283624729240003601029,10018,0.002,0.004,0.002,0.002,Other,2025-05-31 13:01:08
2024-08-02 00:00:00,110407040728841074653579811857395734742462679244768470248891403370982657391624,10018,0.29000000000000004,0.29000000000000004,0.29000000000000004,0.29000000000000004,Sam Brown,2025-05-31 13:01:08
2024-08-04 00:00:00,67907845702606698787174525606026822541237125710080743620205634926727922648427,10018,0.7000000000000001,0.7000000000000001,0.7000000000000001,0.7000000000000001,Jacky Rosen,2025-05-31 13:01:08
2024-08-05 00:00:00,10062431395534115098437472924734094339740167484028803240283624729240003601029,10018,0.006,0.006,0.002,0.002,Other,2025-05-31 13:01:08
2024-08-05 00:00:00,67907845702606698787174525606026822541237125710080743620205634926727922648427,10018,0.7000000000000001,0.7100000000000001,0.7,0.7100000000000001,Jacky Rosen,2025-05-31 13:01:08
2024-08-06 00:00:00,10062431395534115098437472924734094339740167484028803240283624729240003601029,10018,0.005,0.005,0.002,0.002,Other,2025-05-31 13:01:08
2024-08-06 00:00:00,110407040728841074653579811857395734742462679244768470248891403370982657391624,10018,0.25999999349999986,0.25999999349999986,0.25999999349999986,0.25999999349999986,Sam Brown,2025-05-31 13:01:08
2024-08-06 00:00:00,67907845702606698787174525606026822541237125710080743620205634926727922648427,10018,0.74,0.74,0.74,0.74,Jacky Rosen,2025-05-31 13:01:08
2024-08-07 00:00:00,67907845702606698787174525606026822541237125710080743620205634926727922648427,10018,0.74,0.76,0.74,0.76,Jacky Rosen,2025-05-31 13:01:08
2024-08-09 00:00:00,10062431395534115098437472924734094339740167484028803240283624729240003601029,10018,0.005,0.006,0.005,0.005999999999999999,Other,2025-05-31 13:01:08
2024-08-09 00:00:00,110407040728841074653579811857395734742462679244768470248891403370982657391624,10018,0.2599999838799994,0.2599999838799994,0.2599999838799994,0.2599999838799994,Sam Brown,2025-05-31 13:01:08
2024-08-09 00:00:00,67907845702606698787174525606026822541237125710080743620205634926727922648427,10018,0.75,0.75,0.75,0.75,Jacky Rosen,2025-05-31 13:01:08
2024-08-10 00:00:00,110407040728841074653579811857395734742462679244768470248891403370982657391624,10018,0.26,0.26,0.26,0.26,Sam Brown,2025-05-31 13:01:08
2024-08-11 00:00:00,10062431395534115098437472924734094339740167484028803240283624729240003601029,10018,0.007,0.007,0.007,0.007,Other,2025-05-31 13:01:08
2024-08-12 00:00:00,10062431395534115098437472924734094339740167484028803240283624729240003601029,10018,0.007000000000000001,0.007000000000000001,0.007000000000000001,0.007000000000000001,Other,2025-05-31 13:01:08
2024-08-13 00:00:00,10062431395534115098437472924734094339740167484028803240283624729240003601029,10018,0.005,0.007,0.005,0.007,Other,2025-05-31 13:01:08
2024-08-13 00:00:00,110407040728841074653579811857395734742462679244768470248891403370982657391624,10018,0.25,0.259999927199984,0.25,0.259999927199984,Sam Brown,2025-05-31 13:01:08
2024-08-13 00:00:00,67907845702606698787174525606026822541237125710080743620205634926727922648427,10018,0.74,0.74,0.73,0.74,Jacky Rosen,2025-05-31 13:01:08
2024-08-14 00:00:00,10062431395534115098437472924734094339740167484028803240283624729240003601029,10018,0.005,0.005,0.005,0.005,Other,2025-05-31 13:01:08
2024-08-15 00:00:00,110407040728841074653579811857395734742462679244768470248891403370982657391624,10018,0.25,0.25,0.24000000000000002,0.24000000000000002,Sam Brown,2025-05-31 13:01:08
2024-08-16 00:00:00,10062431395534115098437472924734094339740167484028803240283624729240003601029,10018,0.006999999999999999,0.006999999999999999,0.005,0.005,Other,2025-05-31 13:01:08
2024-08-16 00:00:00,110407040728841074653579811857395734742462679244768470248891403370982657391624,10018,0.25,0.25,0.25,0.25,Sam Brown,2025-05-31 13:01:08
2024-08-16 00:00:00,67907845702606698787174525606026822541237125710080743620205634926727922648427,10018,0.76,0.76,0.7599998540799696,0.76,Jacky Rosen,2025-05-31 13:01:08
2024-08-17 00:00:00,10062431395534115098437472924734094339740167484028803240283624729240003601029,10018,0.005,0.006,0.005,0.005,Other,2025-05-31 13:01:08
2024-08-17 00:00:00,110407040728841074653579811857395734742462679244768470248891403370982657391624,10018,0.23,0.239999999184,0.23,0.239999999184,Sam Brown,2025-05-31 13:01:08
2024-08-17 00:00:00,67907845702606698787174525606026822541237125710080743620205634926727922648427,10018,0.77,0.77,0.77,0.77,Jacky Rosen,2025-05-31 13:01:08
2024-08-18 00:00:00,10062431395534115098437472924734094339740167484028803240283624729240003601029,10018,0.005,0.006,0.005,0.006,Other,2025-05-31 13:01:08
2024-08-18 00:00:00,67907845702606698787174525606026822541237125710080743620205634926727922648427,10018,0.76,0.76,0.76,0.76,Jacky Rosen,2025-05-31 13:01:08
2024-08-19 00:00:00,10062431395534115098437472924734094339740167484028803240283624729240003601029,10018,0.005999999999999999,0.005999999999999999,0.005999999999999999,0.005999999999999999,Other,2025-05-31 13:01:08
2024-08-19 00:00:00,110407040728841074653579811857395734742462679244768470248891403370982657391624,10018,0.23999996735999793,0.23999998559999944,0.23999996735999793,0.23999998559999944,Sam Brown,2025-05-31 13:01:08
2024-08-20 00:00:00,110407040728841074653579811857395734742462679244768470248891403370982657391624,10018,0.23999996735999793,0.23999996735999793,0.23,0.23,Sam Brown,2025-05-31 13:01:08
2024-08-20 00:00:00,67907845702606698787174525606026822541237125710080743620205634926727922648427,10018,0.7699999845999964,0.77,0.7699999845999964,0.77,Jacky Rosen,2025-05-31 13:01:08
2024-08-21 00:00:00,10062431395534115098437472924734094339740167484028803240283624729240003601029,10018,0.004,0.005999999999999999,0.004,0.005999999999999999,Other,2025-05-31 13:01:08
2024-08-21 00:00:00,110407040728841074653579811857395734742462679244768470248891403370982657391624,10018,0.23000008693589472,0.2399999533714243,0.23000008693589472,0.2399999533714243,Sam Brown,2025-05-31 13:01:08
2024-08-21 00:00:00,67907845702606698787174525606026822541237125710080743620205634926727922648427,10018,0.76,0.7700000000000001,0.76,0.76,Jacky Rosen,2025-05-31 13:01:08
2024-08-22 00:00:00,10062431395534115098437472924734094339740167484028803240283624729240003601029,10018,0.006,0.006,0.003,0.006,Other,2025-05-31 13:01:08
2024-08-22 00:00:00,110407040728841074653579811857395734742462679244768470248891403370982657391624,10018,0.23999998559999944,0.24000000000000002,0.2399998559999424,0.2399998559999424,Sam Brown,2025-05-31 13:01:08
2024-08-22 00:00:00,67907845702606698787174525606026822541237125710080743620205634926727922648427,10018,0.76,0.76,0.76,0.76,Jacky Rosen,2025-05-31 13:01:08
2024-08-23 00:00:00,110407040728841074653579811857395734742462679244768470248891403370982657391624,10018,0.259999927199984,0.259999927199984,0.25,0.25,Sam Brown,2025-05-31 13:01:08
2024-08-23 00:00:00,67907845702606698787174525606026822541237125710080743620205634926727922648427,10018,0.76,0.76,0.76,0.76,Jacky Rosen,2025-05-31 13:01:08
2024-08-24 00:00:00,10062431395534115098437472924734094339740167484028803240283624729240003601029,10018,0.006,0.006,0.006,0.006,Other,2025-05-31 13:01:08
2024-08-24 00:00:00,110407040728841074653579811857395734742462679244768470248891403370982657391624,10018,0.22,0.23304274037459363,0.21999999999999997,0.21999999999999997,Sam Brown,2025-05-31 13:01:08
2024-08-24 00:00:00,67907845702606698787174525606026822541237125710080743620205634926727922648427,10018,0.83,0.96,0.79,0.96,Jacky Rosen,2025-05-31 13:01:08
2024-08-25 00:00:00,110407040728841074653579811857395734742462679244768470248891403370982657391624,10018,0.2,0.21,0.2,0.20999999222999988,Sam Brown,2025-05-31 13:01:08
2024-08-25 00:00:00,67907845702606698787174525606026822541237125710080743620205634926727922648427,10018,0.79,0.79,0.7899999999999999,0.79,Jacky Rosen,2025-05-31 13:01:08
2024-08-26 00:00:00,10062431395534115098437472924734094339740167484028803240283624729240003601029,10018,0.003,0.006992884739777276,0.003,0.006992884739777276,Other,2025-05-31 13:01:08
2024-08-26 00:00:00,110407040728841074653579811857395734742462679244768470248891403370982657391624,10018,0.209999973959998,0.2099999944241379,0.209999973959998,0.2099999944241379,Sam Brown,2025-05-31 13:01:08
2024-08-26 00:00:00,67907845702606698787174525606026822541237125710080743620205634926727922648427,10018,0.8,0.8,0.8,0.8,Jacky Rosen,2025-05-31 13:01:08
2024-08-27 00:00:00,10062431395534115098437472924734094339740167484028803240283624729240003601029,10018,0.005,0.005,0.005,0.005,Other,2025-05-31 13:01:08
2024-08-27 00:00:00,110407040728841074653579811857395734742462679244768470248891403370982657391624,10018,0.2,0.209999973959998,0.2,0.209999973959998,Sam Brown,2025-05-31 13:01:08
2024-08-28 00:00:00,110407040728841074653579811857395734742462679244768470248891403370982657391624,10018,0.21,0.21,0.21,0.21,Sam Brown,2025-05-31 13:01:08
2024-08-28 00:00:00,67907845702606698787174525606026822541237125710080743620205634926727922648427,10018,0.8,0.8,0.8,0.8,Jacky Rosen,2025-05-31 13:01:08
2024-08-29 00:00:00,10062431395534115098437472924734094339740167484028803240283624729240003601029,10018,0.003,0.006,0.003,0.0030000079787446243,Other,2025-05-31 13:01:08
2024-08-29 00:00:00,110407040728841074653579811857395734742462679244768470248891403370982657391624,10018,0.2099999992754579,0.21,0.2099999992754579,0.21,Sam Brown,2025-05-31 13:01:08
2024-08-29 00:00:00,67907845702606698787174525606026822541237125710080743620205634926727922648427,10018,0.8,0.8,0.8,0.8,Jacky Rosen,2025-05-31 13:01:08
2024-08-30 00:00:00,10062431395534115098437472924734094339740167484028803240283624729240003601029,10018,0.003,0.0030000030690568486,0.003,0.0030000000000000005,Other,2025-05-31 13:01:08
2024-08-30 00:00:00,110407040728841074653579811857395734742462679244768470248891403370982657391624,10018,0.2,0.2,0.2,0.2,Sam Brown,2025-05-31 13:01:08
2024-08-30 00:00:00,67907845702606698787174525606026822541237125710080743620205634926727922648427,10018,0.8,0.8,0.8,0.8,Jacky Rosen,2025-05-31 13:01:08
2024-08-31 00:00:00,10062431395534115098437472924734094339740167484028803240283624729240003601029,10018,0.0030000062370192037,0.0030000062370192037,0.0030000062370192037,0.0030000062370192037,Other,2025-05-31 13:01:08
2024-08-31 00:00:00,67907845702606698787174525606026822541237125710080743620205634926727922648427,10018,0.8,0.8,0.8,0.8,Jacky Rosen,2025-05-31 13:01:08
2024-09-01 00:00:00,10062431395534115098437472924734094339740167484028803240283624729240003601029,10018,0.003,0.003,0.003,0.003,Other,2025-05-31 13:01:08
2024-09-01 00:00:00,110407040728841074653579811857395734742462679244768470248891403370982657391624,10018,0.19,0.19,0.19,0.19,Sam Brown,2025-05-31 13:01:08
2024-09-01 00:00:00,67907845702606698787174525606026822541237125710080743620205634926727922648427,10018,0.7899999999999999,0.8,0.7799999999999999,0.8,Jacky Rosen,2025-05-31 13:01:08
2024-09-02 00:00:00,10062431395534115098437472924734094339740167484028803240283624729240003601029,10018,0.0029999999999999996,0.005,0.0029999999999999996,0.004999999999999999,Other,2025-05-31 13:01:08
2024-09-02 00:00:00,110407040728841074653579811857395734742462679244768470248891403370982657391624,10018,0.19,0.19,0.18,0.18,Sam Brown,2025-05-31 13:01:08
2024-09-02 00:00:00,67907845702606698787174525606026822541237125710080743620205634926727922648427,10018,0.8,0.8017905616924198,0.7899999999999999,0.7899999999999999,Jacky Rosen,2025-05-31 13:01:08
2024-09-03 00:00:00,10062431395534115098437472924734094339740167484028803240283624729240003601029,10018,0.0030000030226730707,0.005999999999999999,0.0030000030226730707,0.005999999999999999,Other,2025-05-31 13:01:08
2024-09-03 00:00:00,110407040728841074653579811857395734742462679244768470248891403370982657391624,10018,0.2,0.2,0.2,0.2,Sam Brown,2025-05-31 13:01:08
2024-09-04 00:00:00,110407040728841074653579811857395734742462679244768470248891403370982657391624,10018,0.18999998802999957,0.18999998802999957,0.18999998802999957,0.18999998802999957,Sam Brown,2025-05-31 13:01:08
2024-09-04 00:00:00,67907845702606698787174525606026822541237125710080743620205634926727922648427,10018,0.82,0.82,0.82,0.82,Jacky Rosen,2025-05-31 13:01:08
2024-09-05 00:00:00,10062431395534115098437472924734094339740167484028803240283624729240003601029,10018,0.003,0.003,0.0029999999999999996,0.003,Other,2025-05-31 13:01:08
2024-09-05 00:00:00,110407040728841074653579811857395734742462679244768470248891403370982657391624,10018,0.16999999999999998,0.18999998802999957,0.16999999999999998,0.18999998802999957,Sam Brown,2025-05-31 13:01:08
2024-09-05 00:00:00,67907845702606698787174525606026822541237125710080743620205634926727922648427,10018,0.8200000000000001,0.8200000000000001,0.8099999999999999,0.8099999999999999,Jacky Rosen,2025-05-31 13:01:08
2024-09-06 00:00:00,10062431395534115098437472924734094339740167484028803240283624729240003601029,10018,0.002,0.003,0.002,0.002,Other,2025-05-31 13:01:08
2024-09-06 00:00:00,67907845702606698787174525606026822541237125710080743620205634926727922648427,10018,0.81,0.81,0.81,0.81,Jacky Rosen,2025-05-31 13:01:08
2024-09-07 00:00:00,10062431395534115098437472924734094339740167484028803240283624729240003601029,10018,0.003999999999999999,0.005,0.002,0.005,Other,2025-05-31 13:01:08
2024-09-07 00:00:00,110407040728841074653579811857395734742462679244768470248891403370982657391624,10018,0.1899999985011111,0.1899999985011111,0.1899999985011111,0.1899999985011111,Sam Brown,2025-05-31 13:01:08
2024-09-07 00:00:00,67907845702606698787174525606026822541237125710080743620205634926727922648427,10018,0.81,0.81,0.81,0.81,Jacky Rosen,2025-05-31 13:01:08
2024-09-08 00:00:00,110407040728841074653579811857395734742462679244768470248891403370982657391624,10018,0.18999998802999957,0.1899999939199999,0.18999998802999957,0.1899999939199999,Sam Brown,2025-05-31 13:01:08
2024-09-09 00:00:00,110407040728841074653579811857395734742462679244768470248891403370982657391624,10018,0.16999999999999998,0.16999999999999998,0.16999999999999998,0.16999999999999998,Sam Brown,2025-05-31 13:01:08
2024-09-10 00:00:00,10062431395534115098437472924734094339740167484028803240283624729240003601029,10018,0.002,0.005000000000000001,0.002,0.005000000000000001,Other,2025-05-31 13:01:08
2024-09-10 00:00:00,110407040728841074653579811857395734742462679244768470248891403370982657391624,10018,0.1899999667499975,0.1899999667499975,0.1899999667499975,0.1899999667499975,Sam Brown,2025-05-31 13:01:08
2024-09-10 00:00:00,67907845702606698787174525606026822541237125710080743620205634926727922648427,10018,0.81,0.81,0.81,0.81,Jacky Rosen,2025-05-31 13:01:08
2024-09-11 00:00:00,10062431395534115098437472924734094339740167484028803240283624729240003601029,10018,0.003,0.003,0.003,0.003,Other,2025-05-31 13:01:08
2024-09-11 00:00:00,110407040728841074653579811857395734742462679244768470248891403370982657391624,10018,0.17,0.17,0.17,0.17,Sam Brown,2025-05-31 13:01:08
2024-09-12 00:00:00,67907845702606698787174525606026822541237125710080743620205634926727922648427,10018,0.8199999835999839,0.8199999835999839,0.8199999835999839,0.8199999835999839,Jacky Rosen,2025-05-31 13:01:08
2024-09-13 00:00:00,10062431395534115098437472924734094339740167484028803240283624729240003601029,10018,0.004,0.004,0.003,0.003,Other,2025-05-31 13:01:08
2024-09-14 00:00:00,10062431395534115098437472924734094339740167484028803240283624729240003601029,10018,0.0030000030690568486,0.004,0.003,0.003,Other,2025-05-31 13:01:08
2024-09-15 00:00:00,10062431395534115098437472924734094339740167484028803240283624729240003601029,10018,0.004,0.004,0.004,0.004,Other,2025-05-31 13:01:08
2024-09-15 00:00:00,110407040728841074653579811857395734742462679244768470248891403370982657391624,10018,0.17,0.17,0.17,0.17,Sam Brown,2025-05-31 13:01:08
2024-09-16 00:00:00,10062431395534115098437472924734094339740167484028803240283624729240003601029,10018,0.003999999999999999,0.004,0.0030000020352795352,0.004,Other,2025-05-31 13:01:08
2024-09-16 00:00:00,67907845702606698787174525606026822541237125710080743620205634926727922648427,10018,0.82,0.82,0.82,0.82,Jacky Rosen,2025-05-31 13:01:08
2024-09-17 00:00:00,10062431395534115098437472924734094339740167484028803240283624729240003601029,10018,0.004,0.004,0.003,0.003999999999999999,Other,2025-05-31 13:01:08
2024-09-17 00:00:00,110407040728841074653579811857395734742462679244768470248891403370982657391624,10018,0.1899998560605697,0.1899998560605697,0.1899998560605697,0.1899998560605697,Sam Brown,2025-05-31 13:01:08
2024-09-17 00:00:00,67907845702606698787174525606026822541237125710080743620205634926727922648427,10018,0.82,0.82,0.8099999999999999,0.81,Jacky Rosen,2025-05-31 13:01:08
2024-09-18 00:00:00,10062431395534115098437472924734094339740167484028803240283624729240003601029,10018,0.003000001159644824,0.004,0.003000001159644824,0.003999999999999999,Other,2025-05-31 13:01:08
2024-09-18 00:00:00,67907845702606698787174525606026822541237125710080743620205634926727922648427,10018,0.82,0.82,0.8,0.8,Jacky Rosen,2025-05-31 13:01:08
2024-09-19 00:00:00,10062431395534115098437472924734094339740167484028803240283624729240003601029,10018,0.004,0.004,0.003999999999999999,0.003999999999999999,Other,2025-05-31 13:01:08
2024-09-19 00:00:00,67907845702606698787174525606026822541237125710080743620205634926727922648427,10018,0.82,0.82,0.82,0.82,Jacky Rosen,2025-05-31 13:01:08
2024-09-20 00:00:00,10062431395534115098437472924734094339740167484028803240283624729240003601029,10018,0.003,0.003,0.002,0.002,Other,2025-05-31 13:01:08
2024-09-20 00:00:00,110407040728841074653579811857395734742462679244768470248891403370982657391624,10018,0.16999999999999998,0.16999999999999998,0.15,0.1699999870799997,Sam Brown,2025-05-31 13:01:08
2024-09-20 00:00:00,67907845702606698787174525606026822541237125710080743620205634926727922648427,10018,0.83,0.8553809427262268,0.83,0.8553809427262268,Jacky Rosen,2025-05-31 13:01:08
2024-09-21 00:00:00,110407040728841074653579811857395734742462679244768470248891403370982657391624,10018,0.16999999496799995,0.16999999496799995,0.16999999496799995,0.16999999496799995,Sam Brown,2025-05-31 13:01:08
2024-09-21 00:00:00,67907845702606698787174525606026822541237125710080743620205634926727922648427,10018,0.8500000000000001,0.8500000000000001,0.8499997343717626,0.8499997343717626,Jacky Rosen,2025-05-31 13:01:08
2024-09-22 00:00:00,10062431395534115098437472924734094339740167484028803240283624729240003601029,10018,0.00300000665189945,0.004,0.003,0.004,Other,2025-05-31 13:01:08
2024-09-22 00:00:00,110407040728841074653579811857395734742462679244768470248891403370982657391624,10018,0.16986932947977698,0.16986932947977698,0.16986932947977698,0.16986932947977698,Sam Brown,2025-05-31 13:01:08
2024-09-23 00:00:00,10062431395534115098437472924734094339740167484028803240283624729240003601029,10018,0.0030000076726538942,0.003999999999999999,0.0030000000000000005,0.0030000000000000005,Other,2025-05-31 13:01:08
2024-09-23 00:00:00,110407040728841074653579811857395734742462679244768470248891403370982657391624,10018,0.16999994219999076,0.1699999870799997,0.16999988609996242,0.1699999870799997,Sam Brown,2025-05-31 13:01:08
2024-09-23 00:00:00,67907845702606698787174525606026822541237125710080743620205634926727922648427,10018,0.8300000000000001,0.8300000000000002,0.83,0.8300000000000001,Jacky Rosen,2025-05-31 13:01:08
2024-09-24 00:00:00,10062431395534115098437472924734094339740167484028803240283624729240003601029,10018,0.002,0.004,0.002,0.004,Other,2025-05-31 13:01:08
2024-09-24 00:00:00,110407040728841074653579811857395734742462679244768470248891403370982657391624,10018,0.1699999870799997,0.1699999870799997,0.1699999870799997,0.1699999870799997,Sam Brown,2025-05-31 13:01:08
2024-09-25 00:00:00,110407040728841074653579811857395734742462679244768470248891403370982657391624,10018,0.1699999870799997,0.1699999870799997,0.15,0.15,Sam Brown,2025-05-31 13:01:08
2024-09-26 00:00:00,10062431395534115098437472924734094339740167484028803240283624729240003601029,10018,0.003,0.004,0.002,0.003,Other,2025-05-31 13:01:08
2024-09-26 00:00:00,110407040728841074653579811857395734742462679244768470248891403370982657391624,10018,0.13999999999999999,0.14,0.12,0.12,Sam Brown,2025-05-31 13:01:08
2024-09-26 00:00:00,67907845702606698787174525606026822541237125710080743620205634926727922648427,10018,0.86,0.86,0.86,0.86,Jacky Rosen,2025-05-31 13:01:08
2024-09-27 00:00:00,10062431395534115098437472924734094339740167484028803240283624729240003601029,10018,0.002,0.0030000000000000005,0.0019999999999999996,0.003,Other,2025-05-31 13:01:08
2024-09-27 00:00:00,110407040728841074653579811857395734742462679244768470248891403370982657391624,10018,0.13,0.13,0.11000014834814342,0.12999999847193652,Sam Brown,2025-05-31 13:01:08
2024-09-27 00:00:00,67907845702606698787174525606026822541237125710080743620205634926727922648427,10018,0.8699999999999999,0.87,0.8699999999999999,0.87,Jacky Rosen,2025-05-31 13:01:08
2024-09-28 00:00:00,10062431395534115098437472924734094339740167484028803240283624729240003601029,10018,0.002,0.003,0.0019999999999999996,0.003,Other,2025-05-31 13:01:08
2024-09-28 00:00:00,67907845702606698787174525606026822541237125710080743620205634926727922648427,10018,0.87,0.87,0.87,0.87,Jacky Rosen,2025-05-31 13:01:08
2024-09-29 00:00:00,10062431395534115098437472924734094339740167484028803240283624729240003601029,10018,0.002,0.002,0.002,0.002,Other,2025-05-31 13:01:08
2024-09-30 00:00:00,10062431395534115098437472924734094339740167484028803240283624729240003601029,10018,0.002,0.003,0.002,0.002,Other,2025-05-31 13:01:08
2024-09-30 00:00:00,67907845702606698787174525606026822541237125710080743620205634926727922648427,10018,0.87,0.87,0.87,0.87,Jacky Rosen,2025-05-31 13:01:08
2024-10-01 00:00:00,10062431395534115098437472924734094339740167484028803240283624729240003601029,10018,0.002,0.003,0.002,0.003,Other,2025-05-31 13:01:08
2024-10-02 00:00:00,10062431395534115098437472924734094339740167484028803240283624729240003601029,10018,0.002,0.003,0.0019999999999999996,0.003,Other,2025-05-31 13:01:08
2024-10-02 00:00:00,110407040728841074653579811857395734742462679244768470248891403370982657391624,10018,0.13999998543999956,0.13999998543999956,0.12000000000000001,0.12000000000000001,Sam Brown,2025-05-31 13:01:08
2024-10-02 00:00:00,67907845702606698787174525606026822541237125710080743620205634926727922648427,10018,0.8799999998592,0.8799999998592,0.8799999998592,0.8799999998592,Jacky Rosen,2025-05-31 13:01:08
2024-10-03 00:00:00,10062431395534115098437472924734094339740167484028803240283624729240003601029,10018,0.002,0.003999999999999999,0.002,0.002,Other,2025-05-31 13:01:08
2024-10-03 00:00:00,110407040728841074653579811857395734742462679244768470248891403370982657391624,10018,0.13,0.13999988239998118,0.13,0.13999988239998118,Sam Brown,2025-05-31 13:01:08
2024-10-03 00:00:00,67907845702606698787174525606026822541237125710080743620205634926727922648427,10018,0.87,0.87,0.87,0.87,Jacky Rosen,2025-05-31 13:01:08
2024-10-04 00:00:00,10062431395534115098437472924734094339740167484028803240283624729240003601029,10018,0.003,0.003,0.0019999999999999996,0.003,Other,2025-05-31 13:01:08
2024-10-04 00:00:00,110407040728841074653579811857395734742462679244768470248891403370982657391624,10018,0.13999999999999999,0.13999999999999999,0.13999999999999999,0.13999999999999999,Sam Brown,2025-05-31 13:01:08
2024-10-05 00:00:00,10062431395534115098437472924734094339740167484028803240283624729240003601029,10018,0.002,0.003,0.0019999999999999996,0.003,Other,2025-05-31 13:01:08
2024-10-05 00:00:00,110407040728841074653579811857395734742462679244768470248891403370982657391624,10018,0.13,0.13,0.13,0.13,Sam Brown,2025-05-31 13:01:08
2024-10-05 00:00:00,67907845702606698787174525606026822541237125710080743620205634926727922648427,10018,0.87,0.87,0.87,0.87,Jacky Rosen,2025-05-31 13:01:08
2024-10-06 00:00:00,10062431395534115098437472924734094339740167484028803240283624729240003601029,10018,0.002,0.003,0.0019999999999999996,0.003,Other,2025-05-31 13:01:08
2024-10-06 00:00:00,67907845702606698787174525606026822541237125710080743620205634926727922648427,10018,0.86,0.86,0.86,0.86,Jacky Rosen,2025-05-31 13:01:08
2024-10-07 00:00:00,10062431395534115098437472924734094339740167484028803240283624729240003601029,10018,0.002,0.0030000000000000005,0.0019999999999999996,0.0029999999999999996,Other,2025-05-31 13:01:08
2024-10-07 00:00:00,110407040728841074653579811857395734742462679244768470248891403370982657391624,10018,0.12,0.13999999999999999,0.11999999999999998,0.13999999999999999,Sam Brown,2025-05-31 13:01:08
2024-10-07 00:00:00,67907845702606698787174525606026822541237125710080743620205634926727922648427,10018,0.8799999996479999,0.88,0.8799999996479999,0.88,Jacky Rosen,2025-05-31 13:01:08
2024-10-08 00:00:00,10062431395534115098437472924734094339740167484028803240283624729240003601029,10018,0.002,0.0030000000300000004,0.001,0.001,Other,2025-05-31 13:01:08
2024-10-08 00:00:00,67907845702606698787174525606026822541237125710080743620205634926727922648427,10018,0.8600000000000001,0.8800000000000001,0.8600000000000001,0.8799999295999915,Jacky Rosen,2025-05-31 13:01:08
2024-10-09 00:00:00,10062431395534115098437472924734094339740167484028803240283624729240003601029,10018,0.003,0.003,0.001,0.001,Other,2025-05-31 13:01:08
2024-10-09 00:00:00,110407040728841074653579811857395734742462679244768470248891403370982657391624,10018,0.14,0.14,0.14,0.14,Sam Brown,2025-05-31 13:01:08
2024-10-09 00:00:00,67907845702606698787174525606026822541237125710080743620205634926727922648427,10018,0.87,0.88,0.87,0.87,Jacky Rosen,2025-05-31 13:01:08
2024-10-10 00:00:00,10062431395534115098437472924734094339740167484028803240283624729240003601029,10018,0.003,0.0035909169909264706,0.001,0.002,Other,2025-05-31 13:01:08
2024-10-10 00:00:00,110407040728841074653579811857395734742462679244768470248891403370982657391624,10018,0.1399999887999998,0.1399999887999998,0.12,0.12,Sam Brown,2025-05-31 13:01:08
2024-10-10 00:00:00,67907845702606698787174525606026822541237125710080743620205634926727922648427,10018,0.88,0.88,0.86,0.8799999996194594,Jacky Rosen,2025-05-31 13:01:08
2024-10-11 00:00:00,10062431395534115098437472924734094339740167484028803240283624729240003601029,10018,0.002,0.005,0.002,0.002,Other,2025-05-31 13:01:08
2024-10-11 00:00:00,110407040728841074653579811857395734742462679244768470248891403370982657391624,10018,0.12,0.12,0.10999999999999999,0.10999999999999999,Sam Brown,2025-05-31 13:01:08
2024-10-11 00:00:00,67907845702606698787174525606026822541237125710080743620205634926727922648427,10018,0.8839449768397443,0.8839449768397443,0.8799999999999999,0.8799999999999999,Jacky Rosen,2025-05-31 13:01:08
2024-10-12 00:00:00,10062431395534115098437472924734094339740167484028803240283624729240003601029,10018,0.002,0.002,0.002,0.002,Other,2025-05-31 13:01:08
2024-10-12 00:00:00,110407040728841074653579811857395734742462679244768470248891403370982657391624,10018,0.11000000000000001,0.13,0.11000000000000001,0.12,Sam Brown,2025-05-31 13:01:08
2024-10-12 00:00:00,67907845702606698787174525606026822541237125710080743620205634926727922648427,10018,0.88,0.89,0.87,0.89,Jacky Rosen,2025-05-31 13:01:08
2024-10-13 00:00:00,10062431395534115098437472924734094339740167484028803240283624729240003601029,10018,0.002,0.003,0.002,0.002071076923076923,Other,2025-05-31 13:01:08
2024-10-13 00:00:00,110407040728841074653579811857395734742462679244768470248891403370982657391624,10018,0.13,0.13,0.12999999505999996,0.13,Sam Brown,2025-05-31 13:01:08
2024-10-13 00:00:00,67907845702606698787174525606026822541237125710080743620205634926727922648427,10018,0.87,0.8799999073683821,0.86,0.8799999073683821,Jacky Rosen,2025-05-31 13:01:08
2024-10-14 00:00:00,10062431395534115098437472924734094339740167484028803240283624729240003601029,10018,0.003,0.003,0.001,0.0029999999999999996,Other,2025-05-31 13:01:08
2024-10-15 00:00:00,10062431395534115098437472924734094339740167484028803240283624729240003601029,10018,0.002,0.005,0.001,0.003,Other,2025-05-31 13:01:08
2024-10-15 00:00:00,110407040728841074653579811857395734742462679244768470248891403370982657391624,10018,0.13,0.13,0.13,0.13,Sam Brown,2025-05-31 13:01:08
2024-10-15 00:00:00,67907845702606698787174525606026822541237125710080743620205634926727922648427,10018,0.88,0.88,0.88,0.88,Jacky Rosen,2025-05-31 13:01:08
2024-10-16 00:00:00,10062431395534115098437472924734094339740167484028803240283624729240003601029,10018,0.003,0.003,0.002,0.002,Other,2025-05-31 13:01:08
2024-10-16 00:00:00,67907845702606698787174525606026822541237125710080743620205634926727922648427,10018,0.879999996128,0.88,0.86,0.87,Jacky Rosen,2025-05-31 13:01:08
2024-10-17 00:00:00,10062431395534115098437472924734094339740167484028803240283624729240003601029,10018,0.0030000001954906944,0.009000000000000001,0.0030000001954906944,0.0030000015580376824,Other,2025-05-31 13:01:08
2024-10-17 00:00:00,110407040728841074653579811857395734742462679244768470248891403370982657391624,10018,0.1200000283872561,0.13,0.1200000283872561,0.13,Sam Brown,2025-05-31 13:01:08
2024-10-17 00:00:00,67907845702606698787174525606026822541237125710080743620205634926727922648427,10018,0.88,0.8800000000000001,0.8599999999999999,0.8600000000000001,Jacky Rosen,2025-05-31 13:01:08
2024-10-18 00:00:00,110407040728841074653579811857395734742462679244768470248891403370982657391624,10018,0.13999997871999897,0.13999997871999897,0.13999997871999897,0.13999997871999897,Sam Brown,2025-05-31 13:01:08
2024-10-18 00:00:00,67907845702606698787174525606026822541237125710080743620205634926727922648427,10018,0.8799995599947199,0.8799995599947199,0.86,0.86,Jacky Rosen,2025-05-31 13:01:08
2024-10-19 00:00:00,10062431395534115098437472924734094339740167484028803240283624729240003601029,10018,0.0019999999999999996,0.004,0.0019999999999999996,0.003,Other,2025-05-31 13:01:08
2024-10-19 00:00:00,110407040728841074653579811857395734742462679244768470248891403370982657391624,10018,0.14,0.14,0.12,0.12,Sam Brown,2025-05-31 13:01:08
2024-10-19 00:00:00,67907845702606698787174525606026822541237125710080743620205634926727922648427,10018,0.87,0.88,0.8599999999999999,0.88,Jacky Rosen,2025-05-31 13:01:08
2024-10-20 00:00:00,10062431395534115098437472924734094339740167484028803240283624729240003601029,10018,0.004,0.004,0.001,0.003,Other,2025-05-31 13:01:08
2024-10-20 00:00:00,110407040728841074653579811857395734742462679244768470248891403370982657391624,10018,0.1399999887999998,0.13999999902,0.1399999887999998,0.13999999902,Sam Brown,2025-05-31 13:01:08
2024-10-20 00:00:00,67907845702606698787174525606026822541237125710080743620205634926727922648427,10018,0.8799999748571257,0.8800000000000001,0.86,0.8600000000000001,Jacky Rosen,2025-05-31 13:01:08
2024-10-21 00:00:00,10062431395534115098437472924734094339740167484028803240283624729240003601029,10018,0.001,0.005,0.0009999999999999998,0.005,Other,2025-05-31 13:01:08
2024-10-21 00:00:00,110407040728841074653579811857395734742462679244768470248891403370982657391624,10018,0.12,0.16,0.12,0.16,Sam Brown,2025-05-31 13:01:08
2024-10-21 00:00:00,67907845702606698787174525606026822541237125710080743620205634926727922648427,10018,0.86,0.86,0.84,0.84,Jacky Rosen,2025-05-31 13:01:08
2024-10-22 00:00:00,10062431395534115098437472924734094339740167484028803240283624729240003601029,10018,0.004,0.004,0.004,0.004,Other,2025-05-31 13:01:08
2024-10-22 00:00:00,110407040728841074653579811857395734742462679244768470248891403370982657391624,10018,0.16,0.2091496598639456,0.15999999999999998,0.19,Sam Brown,2025-05-31 13:01:08
2024-10-22 00:00:00,67907845702606698787174525606026822541237125710080743620205634926727922648427,10018,0.84,0.84,0.79,0.79,Jacky Rosen,2025-05-31 13:01:08
2024-10-23 00:00:00,10062431395534115098437472924734094339740167484028803240283624729240003601029,10018,0.001,0.001,0.001,0.001,Other,2025-05-31 13:01:08
2024-10-23 00:00:00,110407040728841074653579811857395734742462679244768470248891403370982657391624,10018,0.2,0.24,0.18999999999999997,0.2,Sam Brown,2025-05-31 13:01:08
2024-10-23 00:00:00,67907845702606698787174525606026822541237125710080743620205634926727922648427,10018,0.7899999999999999,0.8199999979773334,0.78,0.8,Jacky Rosen,2025-05-31 13:01:08
2024-10-24 00:00:00,10062431395534115098437472924734094339740167484028803240283624729240003601029,10018,0.001,0.001,0.0009999999999999998,0.001,Other,2025-05-31 13:01:08
2024-10-24 00:00:00,110407040728841074653579811857395734742462679244768470248891403370982657391624,10018,0.21,0.22,0.20999999999999996,0.21,Sam Brown,2025-05-31 13:01:08
2024-10-24 00:00:00,67907845702606698787174525606026822541237125710080743620205634926727922648427,10018,0.7799999999999999,0.8000000000000002,0.7799999999999999,0.79,Jacky Rosen,2025-05-31 13:01:08
2024-10-25 00:00:00,10062431395534115098437472924734094339740167484028803240283624729240003601029,10018,0.004,0.004,0.001,0.001,Other,2025-05-31 13:01:08
2024-10-25 00:00:00,110407040728841074653579811857395734742462679244768470248891403370982657391624,10018,0.22,0.25,0.21,0.25,Sam Brown,2025-05-31 13:01:08
2024-10-25 00:00:00,67907845702606698787174525606026822541237125710080743620205634926727922648427,10018,0.78,0.78,0.76,0.76,Jacky Rosen,2025-05-31 13:01:08
2024-10-26 00:00:00,10062431395534115098437472924734094339740167484028803240283624729240003601029,10018,0.001,0.004,0.001,0.001,Other,2025-05-31 13:01:08
2024-10-26 00:00:00,110407040728841074653579811857395734742462679244768470248891403370982657391624,10018,0.25,0.26,0.21000000000000002,0.21000000000000002,Sam Brown,2025-05-31 13:01:08
2024-10-26 00:00:00,67907845702606698787174525606026822541237125710080743620205634926727922648427,10018,0.77,0.79,0.75,0.7799999547599936,Jacky Rosen,2025-05-31 13:01:08
2024-10-27 00:00:00,10062431395534115098437472924734094339740167484028803240283624729240003601029,10018,0.001,0.004,0.001,0.001,Other,2025-05-31 13:01:08
2024-10-27 00:00:00,110407040728841074653579811857395734742462679244768470248891403370982657391624,10018,0.25,0.26,0.24,0.25,Sam Brown,2025-05-31 13:01:08
2024-10-27 00:00:00,67907845702606698787174525606026822541237125710080743620205634926727922648427,10018,0.75,0.7599999999999999,0.75,0.75,Jacky Rosen,2025-05-31 13:01:08
2024-10-28 00:00:00,10062431395534115098437472924734094339740167484028803240283624729240003601029,10018,0.0030000000000000005,0.004,0.001,0.004,Other,2025-05-31 13:01:08
2024-10-28 00:00:00,110407040728841074653579811857395734742462679244768470248891403370982657391624,10018,0.26,0.26,0.26,0.26,Sam Brown,2025-05-31 13:01:08
2024-10-28 00:00:00,67907845702606698787174525606026822541237125710080743620205634926727922648427,10018,0.76,0.76,0.75,0.7599999975637772,Jacky Rosen,2025-05-31 13:01:08
2024-10-29 00:00:00,10062431395534115098437472924734094339740167484028803240283624729240003601029,10018,0.001,0.004,0.0009999999999999998,0.0009999999999999998,Other,2025-05-31 13:01:08
2024-10-29 00:00:00,110407040728841074653579811857395734742462679244768470248891403370982657391624,10018,0.26980303312373355,0.27,0.260000000222,0.260000000222,Sam Brown,2025-05-31 13:01:08
2024-10-29 00:00:00,67907845702606698787174525606026822541237125710080743620205634926727922648427,10018,0.73,0.75,0.7299999999999999,0.74,Jacky Rosen,2025-05-31 13:01:08
2024-10-30 00:00:00,10062431395534115098437472924734094339740167484028803240283624729240003601029,10018,0.0010000000000000002,0.0010000000000000002,0.0010000000000000002,0.0010000000000000002,Other,2025-05-31 13:01:08
2024-10-30 00:00:00,110407040728841074653579811857395734742462679244768470248891403370982657391624,10018,0.21000000000000002,0.26821191188544335,0.21,0.21,Sam Brown,2025-05-31 13:01:08
2024-10-30 00:00:00,67907845702606698787174525606026822541237125710080743620205634926727922648427,10018,0.74,0.8,0.73,0.7899999975185604,Jacky Rosen,2025-05-31 13:01:08
2024-10-31 00:00:00,110407040728841074653579811857395734742462679244768470248891403370982657391624,10018,0.21,0.23,0.20999999999999996,0.21,Sam Brown,2025-05-31 13:01:08
2024-10-31 00:00:00,67907845702606698787174525606026822541237125710080743620205634926727922648427,10018,0.7800000000000001,0.7899999998578081,0.7699999999999999,0.7899999998578081,Jacky Rosen,2025-05-31 13:01:08
2024-11-01 00:00:00,10062431395534115098437472924734094339740167484028803240283624729240003601029,10018,0.001,0.001,0.001,0.001,Other,2025-05-31 13:01:08
2024-11-01 00:00:00,110407040728841074653579811857395734742462679244768470248891403370982657391624,10018,0.21,0.21,0.17000000007193333,0.170000000083,Sam Brown,2025-05-31 13:01:08
2024-11-01 00:00:00,67907845702606698787174525606026822541237125710080743620205634926727922648427,10018,0.79,0.81,0.7699999999999999,0.81,Jacky Rosen,2025-05-31 13:01:08
2024-11-02 00:00:00,10062431395534115098437472924734094339740167484028803240283624729240003601029,10018,0.0029999999999999996,0.003,0.001,0.001,Other,2025-05-31 13:01:08
2024-11-02 00:00:00,110407040728841074653579811857395734742462679244768470248891403370982657391624,10018,0.18999997263999846,0.2,0.18999997263999846,0.2,Sam Brown,2025-05-31 13:01:08
2024-11-02 00:00:00,67907845702606698787174525606026822541237125710080743620205634926727922648427,10018,0.81,0.82999999968875,0.7899999999999999,0.8200000000000001,Jacky Rosen,2025-05-31 13:01:08
2024-11-03 00:00:00,10062431395534115098437472924734094339740167484028803240283624729240003601029,10018,0.003,0.004,0.001,0.004,Other,2025-05-31 13:01:08
2024-11-03 00:00:00,110407040728841074653579811857395734742462679244768470248891403370982657391624,10018,0.17,0.209999997872,0.16,0.2,Sam Brown,2025-05-31 13:01:08
2024-11-03 00:00:00,67907845702606698787174525606026822541237125710080743620205634926727922648427,10018,0.74,0.8299999792499694,0.74,0.8,Jacky Rosen,2025-05-31 13:01:08
2024-11-04 00:00:00,10062431395534115098437472924734094339740167484028803240283624729240003601029,10018,0.001,0.0010000000000000002,0.0009999999999999998,0.001,Other,2025-05-31 13:01:08
2024-11-04 00:00:00,110407040728841074653579811857395734742462679244768470248891403370982657391624,10018,0.2,0.42000000000000004,0.16,0.16000000000000003,Sam Brown,2025-05-31 13:01:08
2024-11-04 00:00:00,67907845702606698787174525606026822541237125710080743620205634926727922648427,10018,0.8099995274963381,0.82,0.62,0.82,Jacky Rosen,2025-05-31 13:01:08
2024-11-05 00:00:00,10062431395534115098437472924734094339740167484028803240283624729240003601029,10018,0.001,0.004,0.0009999999999999998,0.001,Other,2025-05-31 13:01:08
2024-11-05 00:00:00,110407040728841074653579811857395734742462679244768470248891403370982657391624,10018,0.18,0.2497846682557138,0.15,0.229999969179998,Sam Brown,2025-05-31 13:01:08
2024-11-05 00:00:00,67907845702606698787174525606026822541237125710080743620205634926727922648427,10018,0.8200000000000001,0.88,0.7999999999999999,0.81,Jacky Rosen,2025-05-31 13:01:08
2024-11-06 00:00:00,10062431395534115098437472924734094339740167484028803240283624729240003601029,10018,0.004,0.004,0.0009999999999999998,0.001,Other,2025-05-31 13:01:08
2024-11-06 00:00:00,110407040728841074653579811857395734742462679244768470248891403370982657391624,10018,0.22000000000000003,0.8999999999999999,0.031,0.249,Sam Brown,2025-05-31 13:01:08
2024-11-06 00:00:00,67907845702606698787174525606026822541237125710080743620205634926727922648427,10018,0.81,0.96,0.01,0.84,Jacky Rosen,2025-05-31 13:01:08
2024-11-07 00:00:00,10062431395534115098437472924734094339740167484028803240283624729240003601029,10018,0.0009999999999999998,0.004,0.0009999999999999998,0.003,Other,2025-05-31 13:01:08
2024-11-07 00:00:00,110407040728841074653579811857395734742462679244768470248891403370982657391624,10018,0.2599999838799994,0.36,0.001,0.006,Sam Brown,2025-05-31 13:01:08
2024-11-07 00:00:00,67907845702606698787174525606026822541237125710080743620205634926727922648427,10018,0.8436055499460473,0.9979999932781765,0.670000033679669,0.993,Jacky Rosen,2025-05-31 13:01:08
2024-11-08 00:00:00,10062431395534115098437472924734094339740167484028803240283624729240003601029,10018,0.004,0.004,0.004,0.004,Other,2025-05-31 13:01:08
2024-11-08 00:00:00,110407040728841074653579811857395734742462679244768470248891403370982657391624,10018,0.006,0.022449268321131206,0.002,0.008,Sam Brown,2025-05-31 13:01:08
2024-11-08 00:00:00,67907845702606698787174525606026822541237125710080743620205634926727922648427,10018,0.992,0.996,0.9450000000000001,0.994,Jacky Rosen,2025-05-31 13:01:08
2024-11-09 00:00:00,10062431395534115098437472924734094339740167484028803240283624729240003601029,10018,0.001,0.001,0.0009999999999999998,0.0009999999999999998,Other,2025-05-31 13:01:08
2024-11-09 00:00:00,110407040728841074653579811857395734742462679244768470248891403370982657391624,10018,0.008,0.008,0.001,0.001,Sam Brown,2025-05-31 13:01:08
2024-11-09 00:00:00,67907845702606698787174525606026822541237125710080743620205634926727922648427,10018,0.994,0.9990000000000001,0.9919999999999999,0.998,Jacky Rosen,2025-05-31 13:01:08
